[Licensing::Module] Trying to connect to existing licensing client channel...
Built from '6000.2/respin/6000.2.8f1-e4064264ae96' branch; Version is '6000.2.8f1 (c9992ac36c34) revision 13211946'; Using compiler version '194234433'; Build Type 'Release'
OS: 'Windows 10  (10.0.19045) 64bit Professional' Language: 'ru' Physical Memory: 32716 MB
BatchMode: 1, IsHumanControllingUs: 0, StartBugReporterOnCrash: 0, Is64bit: 1
Date: 2025-12-17T15:26:04Z
[Licensing::IpcConnector] Successfully connected to: "LicenseClient-sawag" at "2025-12-17T15:26:04.0251858Z"

COMMAND LINE ARGUMENTS:
C:\Program Files\Unity\Hub\Editor\6000.2.8f1\Editor\Unity.exe
-adb2
-batchMode
-noUpm
-name
AssetImportWorker1
-projectPath
D:/unity project/Project1/Valdhés su Villa
-logFile
Logs/AssetImportWorker1.log
-srvPort
62688
-licensingIpc
LicenseClient-sawag
-job-worker-count
5
-background-job-worker-count
8
-gc-helper-count
1
-name
AssetImport
Successfully changed project path to: D:/unity project/Project1/Valdhés su Villa
D:/unity project/Project1/Valdhés su Villa
[UnityMemory] Configuration Parameters - Can be set up in boot.config
    "memorysetup-allocator-temp-initial-block-size-main=262144"
    "memorysetup-allocator-temp-initial-block-size-worker=262144"
    "memorysetup-bucket-allocator-granularity=16"
    "memorysetup-bucket-allocator-bucket-count=8"
    "memorysetup-bucket-allocator-block-size=33554432"
    "memorysetup-bucket-allocator-block-count=8"
    "memorysetup-main-allocator-block-size=16777216"
    "memorysetup-thread-allocator-block-size=16777216"
    "memorysetup-gfx-main-allocator-block-size=16777216"
    "memorysetup-gfx-thread-allocator-block-size=16777216"
    "memorysetup-cache-allocator-block-size=4194304"
    "memorysetup-typetree-allocator-block-size=2097152"
    "memorysetup-profiler-bucket-allocator-granularity=16"
    "memorysetup-profiler-bucket-allocator-bucket-count=8"
    "memorysetup-profiler-bucket-allocator-block-size=33554432"
    "memorysetup-profiler-bucket-allocator-block-count=8"
    "memorysetup-profiler-allocator-block-size=16777216"
    "memorysetup-profiler-editor-allocator-block-size=1048576"
    "memorysetup-temp-allocator-size-main=16777216"
    "memorysetup-job-temp-allocator-block-size=2097152"
    "memorysetup-job-temp-allocator-block-size-background=1048576"
    "memorysetup-job-temp-allocator-reduction-small-platforms=262144"
    "memorysetup-temp-allocator-size-background-worker=32768"
    "memorysetup-temp-allocator-size-job-worker=262144"
    "memorysetup-temp-allocator-size-preload-manager=33554432"
    "memorysetup-temp-allocator-size-nav-mesh-worker=65536"
    "memorysetup-temp-allocator-size-audio-worker=65536"
    "memorysetup-temp-allocator-size-cloud-worker=32768"
    "memorysetup-temp-allocator-size-gi-baking-worker=262144"
    "memorysetup-temp-allocator-size-gi-baking-worker=262144"
    "memorysetup-temp-allocator-size-gi-baking-worker=262144"
    "memorysetup-temp-allocator-size-gi-baking-worker=262144"
    "memorysetup-temp-allocator-size-gi-baking-worker=262144"
    "memorysetup-temp-allocator-size-gfx=262144"
Player connection [10308]  Target information:

Player connection [10308]  * "[IP] 192.168.1.8 [Port] 0 [Flags] 2 [Guid] 3341844810 [EditorId] 3341844810 [Version] 1048832 [Id] WindowsEditor(7,DESKTOP-B5D7IN1) [Debug] 1 [PackageName] WindowsEditor [ProjectName] Editor" 

Player connection [10308] Host joined multi-casting on [225.0.0.222:54997]...
Player connection [10308] Host joined alternative multi-casting on [225.0.0.222:34997]...
JobSystem: Creating JobQueue using job-worker-count value 5
Input System module state changed to: Initialized.
[Physics::Module] Initialized fallback backend.
[Physics::Module] Id: 0xdecafbad
[Licensing::Client] Code 10 while verifying Licensing Client signature (process Id: 25048, path: "C:/Program Files/Unity Hub/UnityLicensingClient_V1/Unity.Licensing.Client.exe")
[Licensing::Module] LicensingClient has failed validation; ignoring
[Licensing::Client] Handshaking with LicensingClient:
  Version:                 1.17.3+a4e98f1
  Session Id:              61a6f4ac42804f48b98051954a7bd46a
  Correlation Id:          3c07f27ff31d0bf991424c147dda8751
  External correlation Id: 1243550445198048080
  Machine Id:              SgtcFsAnwsuTPeO0Cewj8/i+vrc=
[Licensing::Module] Successfully connected to LicensingClient on channel: "LicenseClient-sawag" (connect: 0.00s, validation: 0.00s, handshake: 0.05s)
[Licensing::IpcConnector] Successfully connected to: "LicenseClient-sawag-notifications" at "2025-12-17T15:26:04.0726971Z"
[Licensing::Module] Licensing Background thread has ended after 0.05s
Library Redirect Path: Library/
[Physics::Module] Selected backend.
[Physics::Module] Name: PhysX
[Physics::Module] Id: 0xf2b8ea05
[Physics::Module] SDK Version: 4.1.2
[Physics::Module] Integration Version: 1.0.0
[Physics::Module] Threading Mode: Multi-Threaded
Refreshing native plugins compatible for Editor in 43.74 ms, found 3 plugins.
Preloading 0 native plugins for Editor in 0.00 ms.
Initialize engine version: 6000.2.8f1 (c9992ac36c34)
[Subsystems] Discovering subsystems at path C:/Program Files/Unity/Hub/Editor/6000.2.8f1/Editor/Data/Resources/UnitySubsystems
[Subsystems] Discovering subsystems at path D:/unity project/Project1/Valdhés su Villa/Assets
GfxDevice: creating device client; kGfxThreadingModeNonThreaded
Direct3D:
    Version:  Direct3D 11.0 [level 11.1]
    Renderer: NVIDIA GeForce RTX 3060 (ID=0x2504)
    Vendor:   NVIDIA
    VRAM:     12115 MB
    Driver:   32.0.15.7247
Initialize mono
Mono path[0] = 'C:/Program Files/Unity/Hub/Editor/6000.2.8f1/Editor/Data/Managed'
Mono path[1] = 'C:/Program Files/Unity/Hub/Editor/6000.2.8f1/Editor/Data/MonoBleedingEdge/lib/mono/unityjit-win32'
Mono config path = 'C:/Program Files/Unity/Hub/Editor/6000.2.8f1/Editor/Data/MonoBleedingEdge/etc'
Using monoOptions --debugger-agent=transport=dt_socket,embedding=1,server=y,suspend=n,address=127.0.0.1:56072
Begin MonoManager ReloadAssembly
Registering precompiled unity dll's ...
Register platform support module: C:/Program Files/Unity/Hub/Editor/6000.2.8f1/Editor/Data/PlaybackEngines/WebGLSupport/UnityEditor.WebGL.Extensions.dll
Register platform support module: C:/Program Files/Unity/Hub/Editor/6000.2.8f1/Editor/Data/PlaybackEngines/WindowsStandaloneSupport/UnityEditor.WindowsStandalone.Extensions.dll
Register platform support module: C:/Program Files/Unity/Hub/Editor/6000.2.8f1/Editor/Data/PlaybackEngines/LinuxStandaloneSupport/UnityEditor.LinuxStandalone.Extensions.dll
Registered in 0.007327 seconds.
- Loaded All Assemblies, in  0.660 seconds
Native extension for LinuxStandalone target not found
Native extension for WindowsStandalone target not found
Native extension for WebGL target not found
Mono: successfully reloaded assembly
- Finished resetting the current domain, in  0.521 seconds
Domain Reload Profiling: 1178ms
	BeginReloadAssembly (298ms)
		ExecutionOrderSort (0ms)
		DisableScriptedObjects (0ms)
		BackupInstance (0ms)
		ReleaseScriptingObjects (0ms)
		CreateAndSetChildDomain (1ms)
	RebuildCommonClasses (50ms)
	RebuildNativeTypeToScriptingClass (15ms)
	initialDomainReloadingComplete (67ms)
	LoadAllAssembliesAndSetupDomain (226ms)
		LoadAssemblies (303ms)
		RebuildTransferFunctionScriptingTraits (0ms)
		AnalyzeDomain (213ms)
			TypeCache.Refresh (212ms)
				TypeCache.ScanAssembly (195ms)
			BuildScriptInfoCaches (0ms)
			ResolveRequiredComponents (0ms)
	FinalizeReload (522ms)
		ReleaseScriptCaches (0ms)
		RebuildScriptCaches (0ms)
		SetupLoadedEditorAssemblies (466ms)
			LogAssemblyErrors (0ms)
			InitializePlatformSupportModulesInManaged (75ms)
			SetLoadedEditorAssemblies (7ms)
			BeforeProcessingInitializeOnLoad (101ms)
			ProcessInitializeOnLoadAttributes (183ms)
			ProcessInitializeOnLoadMethodAttributes (99ms)
			AfterProcessingInitializeOnLoad (0ms)
			EditorAssembliesLoaded (0ms)
		ExecutionOrderSort2 (0ms)
		AwakeInstancesAfterBackupRestoration (0ms)
========================================================================
Worker process is ready to serve import requests
Import Worker Mode flag is 0x00
Begin MonoManager ReloadAssembly
[Licensing::Client] Successfully resolved entitlement details
[Licensing::Module] License group:
  Id: 10171541200188-UnityPersXXXX
  Product: Unity Personal
  Type: Assigned
  Expiration: Unlimited
- Loaded All Assemblies, in  2.237 seconds
Refreshing native plugins compatible for Editor in 0.74 ms, found 3 plugins.
Native extension for LinuxStandalone target not found
Native extension for WindowsStandalone target not found
Native extension for WebGL target not found
Package Manager log level set to [2]
[Package Manager] Failed to launch server process. Reason: Unity was launched with the -noUpm command-line argument
[Package Manager] Unable to send message (not connected to server process).
[Package Manager] Cannot connect to Unity Package Manager local server
Mono: successfully reloaded assembly
- Finished resetting the current domain, in  6.097 seconds
Domain Reload Profiling: 8330ms
	BeginReloadAssembly (205ms)
		ExecutionOrderSort (0ms)
		DisableScriptedObjects (10ms)
		BackupInstance (0ms)
		ReleaseScriptingObjects (0ms)
		CreateAndSetChildDomain (39ms)
	RebuildCommonClasses (47ms)
	RebuildNativeTypeToScriptingClass (15ms)
	initialDomainReloadingComplete (53ms)
	LoadAllAssembliesAndSetupDomain (1912ms)
		LoadAssemblies (1698ms)
		RebuildTransferFunctionScriptingTraits (0ms)
		AnalyzeDomain (310ms)
			TypeCache.Refresh (230ms)
				TypeCache.ScanAssembly (213ms)
			BuildScriptInfoCaches (64ms)
			ResolveRequiredComponents (12ms)
	FinalizeReload (6097ms)
		ReleaseScriptCaches (0ms)
		RebuildScriptCaches (0ms)
		SetupLoadedEditorAssemblies (5743ms)
			LogAssemblyErrors (0ms)
			InitializePlatformSupportModulesInManaged (4ms)
			SetLoadedEditorAssemblies (8ms)
			BeforeProcessingInitializeOnLoad (308ms)
			ProcessInitializeOnLoadAttributes (5354ms)
			ProcessInitializeOnLoadMethodAttributes (58ms)
			AfterProcessingInitializeOnLoad (11ms)
			EditorAssembliesLoaded (0ms)
		ExecutionOrderSort2 (0ms)
		AwakeInstancesAfterBackupRestoration (9ms)
Launched and connected shader compiler UnityShaderCompiler.exe after 0.01 seconds
Refreshing native plugins compatible for Editor in 1.51 ms, found 3 plugins.
Preloading 0 native plugins for Editor in 0.00 ms.
Unloading 16 Unused Serialized files (Serialized files now loaded: 0)
Unloading 6131 unused Assets / (3.5 MB). Loaded Objects now: 6943.
Memory consumption went from 166.4 MB to 162.9 MB.
Total: 14.000500 ms (FindLiveObjects: 1.171000 ms CreateObjectMapping: 0.615000 ms MarkObjects: 7.263300 ms  DeleteObjects: 4.948300 ms)

========================================================================
Received Import Request.
  Time since last request: 1137740.035126 seconds.
  path: Assets/UnityTechnologies/Basic Asset Pack Interior/Prefabs/Furniture/TableNarrowDoubleDraw.prefab
  artifactKey: Guid(539264233b4d43c4f9f9a003a5ac9461) Importer(2089858483,192608db42251d675da83286b1cce702)
Start importing Assets/UnityTechnologies/Basic Asset Pack Interior/Prefabs/Furniture/TableNarrowDoubleDraw.prefab using Guid(539264233b4d43c4f9f9a003a5ac9461) Importer(2089858483,192608db42251d675da83286b1cce702) (ScriptedImporter) -> (artifact id: '510596e8813169e6c71115ff6f5b8373') in 0.4912897 seconds
Number of updated asset objects reloaded before import = 0Number of asset objects unloaded after import = 8

========================================================================
Received Import Request.
  Time since last request: 0.000023 seconds.
  path: Assets/Scenes/other rooms.unity
  artifactKey: Guid(aab52eaa5849bda4988315951a26d58d) Importer(2089858483,192608db42251d675da83286b1cce702)
Start importing Assets/Scenes/other rooms.unity using Guid(aab52eaa5849bda4988315951a26d58d) Importer(2089858483,192608db42251d675da83286b1cce702) (ScriptedImporter) -> (artifact id: '2892a75ec7062087a6ff881d35f83743') in 0.0475384 seconds
Number of updated asset objects reloaded before import = 0Number of asset objects unloaded after import = 1

========================================================================
Received Import Request.
  Time since last request: 0.000043 seconds.
  path: Assets/UnityTechnologies/Basic Asset Pack Interior/Materials/StripesBeige.mat
  artifactKey: Guid(c13cdbe0c9bba8f40952f29c03590864) Importer(2089858483,192608db42251d675da83286b1cce702)
Start importing Assets/UnityTechnologies/Basic Asset Pack Interior/Materials/StripesBeige.mat using Guid(c13cdbe0c9bba8f40952f29c03590864) Importer(2089858483,192608db42251d675da83286b1cce702) (ScriptedImporter) -> (artifact id: '4128b547fc979847614eae49e41ac00d') in 0.080569 seconds
Number of updated asset objects reloaded before import = 0Number of asset objects unloaded after import = 2

========================================================================
Received Import Request.
  Time since last request: 0.000022 seconds.
  path: Assets/Scenes/Materials
  artifactKey: Guid(e3eef86eaf243ba4f8c29f886ce53cc4) Importer(815301076,1909f56bfc062723c751e8b465ee728b)
Start importing Assets/Scenes/Materials using Guid(e3eef86eaf243ba4f8c29f886ce53cc4) Importer(815301076,1909f56bfc062723c751e8b465ee728b) (PreviewImporter) -> (artifact id: 'fa7620632fddd47f0b5b7d32621137aa') in 0.0010134 seconds
Number of updated asset objects reloaded before import = 0Number of asset objects unloaded after import = 0

========================================================================
Received Import Request.
  Time since last request: 0.000025 seconds.
  path: Assets/UnityTechnologies/Basic Asset Pack Interior/Prefabs/Props/PlantPotMedium.prefab
  artifactKey: Guid(b2b1040f29fd5ed4bb531ba5954b983f) Importer(2089858483,192608db42251d675da83286b1cce702)
Start importing Assets/UnityTechnologies/Basic Asset Pack Interior/Prefabs/Props/PlantPotMedium.prefab using Guid(b2b1040f29fd5ed4bb531ba5954b983f) Importer(2089858483,192608db42251d675da83286b1cce702) (ScriptedImporter) -> (artifact id: 'f77bec92b95a92cd755d0492912a1ac2') in 0.0587805 seconds
Number of updated asset objects reloaded before import = 0Number of asset objects unloaded after import = 13

========================================================================
Received Import Request.
  Time since last request: 0.000050 seconds.
  path: Assets/Assets ; Expence/ExtrudeMeshAlongBezierTool/Examples/Materials
  artifactKey: Guid(2098d08ad1fc0ee49a8e020f37c5d2dd) Importer(2089858483,192608db42251d675da83286b1cce702)
Start importing Assets/Assets ; Expence/ExtrudeMeshAlongBezierTool/Examples/Materials using Guid(2098d08ad1fc0ee49a8e020f37c5d2dd) Importer(2089858483,192608db42251d675da83286b1cce702) (ScriptedImporter) -> (artifact id: '1e23f6bde6b91b132d0525e057e7161e') in 0.018237 seconds
Number of updated asset objects reloaded before import = 0Number of asset objects unloaded after import = 1

========================================================================
Received Import Request.
  Time since last request: 0.000021 seconds.
  path: Assets/Assets ; Expence/Free Wood Door Pack/Scene
  artifactKey: Guid(0bde0f672aa09ce43be50542b25eaeab) Importer(2089858483,192608db42251d675da83286b1cce702)
Start importing Assets/Assets ; Expence/Free Wood Door Pack/Scene using Guid(0bde0f672aa09ce43be50542b25eaeab) Importer(2089858483,192608db42251d675da83286b1cce702) (ScriptedImporter) -> (artifact id: '6f848b9d7050c8f66777c0c732f5d018') in 0.0206272 seconds
Number of updated asset objects reloaded before import = 0Number of asset objects unloaded after import = 1

========================================================================
Received Import Request.
  Time since last request: 0.000023 seconds.
  path: Assets/Scenes/Tutorial.unity
  artifactKey: Guid(560334c4c1e06664bad46f92ac2c65f9) Importer(2089858483,192608db42251d675da83286b1cce702)
Start importing Assets/Scenes/Tutorial.unity using Guid(560334c4c1e06664bad46f92ac2c65f9) Importer(2089858483,192608db42251d675da83286b1cce702) (ScriptedImporter) -> (artifact id: '40d2673907f1a873df15f9bcb4bad2d2') in 0.056491 seconds
Number of updated asset objects reloaded before import = 0Number of asset objects unloaded after import = 1

========================================================================
Received Import Request.
  Time since last request: 0.000023 seconds.
  path: Assets/Assets ; Expence/JJ_InteriorDoorPack_V1/Materials
  artifactKey: Guid(640dbfbc4ba03544e83e8868f3126f4f) Importer(2089858483,192608db42251d675da83286b1cce702)
Start importing Assets/Assets ; Expence/JJ_InteriorDoorPack_V1/Materials using Guid(640dbfbc4ba03544e83e8868f3126f4f) Importer(2089858483,192608db42251d675da83286b1cce702) (ScriptedImporter) -> (artifact id: '2d449f511a0a468420a9665c91abd69f') in 0.0184584 seconds
Number of updated asset objects reloaded before import = 0Number of asset objects unloaded after import = 1

========================================================================
Received Import Request.
  Time since last request: 0.000031 seconds.
  path: Assets/UnityTechnologies/Basic Asset Pack Interior/Prefabs/Floor/Floor2x4m.prefab
  artifactKey: Guid(4a3d4ee404cb0754f860c66c7499443a) Importer(2089858483,192608db42251d675da83286b1cce702)
Start importing Assets/UnityTechnologies/Basic Asset Pack Interior/Prefabs/Floor/Floor2x4m.prefab using Guid(4a3d4ee404cb0754f860c66c7499443a) Importer(2089858483,192608db42251d675da83286b1cce702) (ScriptedImporter) -> (artifact id: '897ce63e4c9cd1e86ad033dc491c5047') in 0.0711967 seconds
Number of updated asset objects reloaded before import = 0Number of asset objects unloaded after import = 8

========================================================================
Received Import Request.
  Time since last request: 0.176937 seconds.
  path: Assets/Scenes/Materials/Materials/12a9a94f32e4ccbd343fe1baafdb25e4.mat
  artifactKey: Guid(084000c6735bfef43a1d76b34d402748) Importer(815301076,1909f56bfc062723c751e8b465ee728b)
Start importing Assets/Scenes/Materials/Materials/12a9a94f32e4ccbd343fe1baafdb25e4.mat using Guid(084000c6735bfef43a1d76b34d402748) Importer(815301076,1909f56bfc062723c751e8b465ee728b) (PreviewImporter) -> (artifact id: 'ce1d631d151c546c0195a7249c3fddba') in 0.8565774 seconds
Number of updated asset objects reloaded before import = 0Number of asset objects unloaded after import = 1

========================================================================
Received Import Request.
  Time since last request: 0.105001 seconds.
  path: Assets/UnityTechnologies/Basic Asset Pack Interior/Prefabs/Floor/Floor2m.prefab
  artifactKey: Guid(5666bfa8093f4924ba013107051783da) Importer(2089858483,192608db42251d675da83286b1cce702)
Start importing Assets/UnityTechnologies/Basic Asset Pack Interior/Prefabs/Floor/Floor2m.prefab using Guid(5666bfa8093f4924ba013107051783da) Importer(2089858483,192608db42251d675da83286b1cce702) (ScriptedImporter) -> (artifact id: '15af9d75cdf9c1be63e016313ae02204') in 0.0523269 seconds
Number of updated asset objects reloaded before import = 0Number of asset objects unloaded after import = 8

========================================================================
Received Import Request.
  Time since last request: 0.000035 seconds.
  path: Assets/Tree_Packs/URP_Tree_Pack/Textures/Leaf
  artifactKey: Guid(6bac1b330d6fe6a4fa324214f0dbe71c) Importer(2089858483,192608db42251d675da83286b1cce702)
Start importing Assets/Tree_Packs/URP_Tree_Pack/Textures/Leaf using Guid(6bac1b330d6fe6a4fa324214f0dbe71c) Importer(2089858483,192608db42251d675da83286b1cce702) (ScriptedImporter) -> (artifact id: '01bba9c3777aeb75015298c9e0f8f06d') in 0.0145694 seconds
Number of updated asset objects reloaded before import = 0Number of asset objects unloaded after import = 1

========================================================================
Received Import Request.
  Time since last request: 0.000026 seconds.
  path: Assets/Scenes/Materials/New Material 1.mat
  artifactKey: Guid(3d56b373653580249883c5006a1dc7f7) Importer(2089858483,192608db42251d675da83286b1cce702)
Start importing Assets/Scenes/Materials/New Material 1.mat using Guid(3d56b373653580249883c5006a1dc7f7) Importer(2089858483,192608db42251d675da83286b1cce702) (ScriptedImporter) -> (artifact id: 'e274af33f0e1b77d258241c9ee5e5034') in 0.0188453 seconds
Number of updated asset objects reloaded before import = 0Number of asset objects unloaded after import = 1

========================================================================
Received Import Request.
  Time since last request: 0.000035 seconds.
  path: Assets/Assets ; Expence/3Dfrk/Frames with pictures
  artifactKey: Guid(d0f6c004e30f8ea47beae89302b286fd) Importer(2089858483,192608db42251d675da83286b1cce702)
Start importing Assets/Assets ; Expence/3Dfrk/Frames with pictures using Guid(d0f6c004e30f8ea47beae89302b286fd) Importer(2089858483,192608db42251d675da83286b1cce702) (ScriptedImporter) -> (artifact id: '1010f5343e0ecfcad1674dc0265a92c3') in 0.0138523 seconds
Number of updated asset objects reloaded before import = 0Number of asset objects unloaded after import = 1

========================================================================
Received Import Request.
  Time since last request: 3.542876 seconds.
  path: Assets/UnityTechnologies/Basic Asset Pack Interior/Prefabs/Floor/Floor4m.prefab
  artifactKey: Guid(80e5bbfa6aa12b34ca98423c9e7a0f86) Importer(2089858483,192608db42251d675da83286b1cce702)
Start importing Assets/UnityTechnologies/Basic Asset Pack Interior/Prefabs/Floor/Floor4m.prefab using Guid(80e5bbfa6aa12b34ca98423c9e7a0f86) Importer(2089858483,192608db42251d675da83286b1cce702) (ScriptedImporter) -> (artifact id: '792a3b5ea12fc53e4828fcfdd7150092') in 0.0528294 seconds
Number of updated asset objects reloaded before import = 0Number of asset objects unloaded after import = 8

========================================================================
Received Import Request.
  Time since last request: 0.000027 seconds.
  path: Assets/UnityTechnologies/Basic Asset Pack Interior/Prefabs/Props/Books.prefab
  artifactKey: Guid(8062fd9b85c788e418915692eb5c78e3) Importer(2089858483,192608db42251d675da83286b1cce702)
Start importing Assets/UnityTechnologies/Basic Asset Pack Interior/Prefabs/Props/Books.prefab using Guid(8062fd9b85c788e418915692eb5c78e3) Importer(2089858483,192608db42251d675da83286b1cce702) (ScriptedImporter) -> (artifact id: 'a7d3826f8e06e7be622e5323a43f39c0') in 0.0443413 seconds
Number of updated asset objects reloaded before import = 0Number of asset objects unloaded after import = 24

========================================================================
Received Import Request.
  Time since last request: 0.000041 seconds.
  path: Assets/Scenes/ZNS3D/Prefabs/GameObjectTimeline.playable
  artifactKey: Guid(6da7d9a6731bfc840a3e1f7f18ae2350) Importer(2089858483,192608db42251d675da83286b1cce702)
Start importing Assets/Scenes/ZNS3D/Prefabs/GameObjectTimeline.playable using Guid(6da7d9a6731bfc840a3e1f7f18ae2350) Importer(2089858483,192608db42251d675da83286b1cce702) (ScriptedImporter) -> (artifact id: 'b72294d42d8278ca0e1802b06bc325e3') in 0.0428215 seconds
Number of updated asset objects reloaded before import = 0Number of asset objects unloaded after import = 11

========================================================================
Received Import Request.
  Time since last request: 0.000047 seconds.
  path: Assets/UnityTechnologies/Basic Asset Pack Interior/Prefabs/Furniture/TableSquareMedium.prefab
  artifactKey: Guid(9706a1e60ec75e5458aae72874ecd5a9) Importer(2089858483,192608db42251d675da83286b1cce702)
Start importing Assets/UnityTechnologies/Basic Asset Pack Interior/Prefabs/Furniture/TableSquareMedium.prefab using Guid(9706a1e60ec75e5458aae72874ecd5a9) Importer(2089858483,192608db42251d675da83286b1cce702) (ScriptedImporter) -> (artifact id: 'aa44d7802fb442299e159efe81c79d12') in 0.1164239 seconds
Number of updated asset objects reloaded before import = 0Number of asset objects unloaded after import = 8

========================================================================
Received Import Request.
  Time since last request: 0.000031 seconds.
  path: Assets/UnityTechnologies/Basic Asset Pack Interior/Prefabs/Furniture/ChairDinningB.prefab
  artifactKey: Guid(c17851160e84c094380e93ac07b799ab) Importer(2089858483,192608db42251d675da83286b1cce702)
Start importing Assets/UnityTechnologies/Basic Asset Pack Interior/Prefabs/Furniture/ChairDinningB.prefab using Guid(c17851160e84c094380e93ac07b799ab) Importer(2089858483,192608db42251d675da83286b1cce702) (ScriptedImporter) -> (artifact id: '56d607be2c873f29dd73ab6a86e81afd') in 0.0453375 seconds
Number of updated asset objects reloaded before import = 0Number of asset objects unloaded after import = 8

========================================================================
Received Import Request.
  Time since last request: 0.000036 seconds.
  path: Assets/TutorialInfo/Scripts/Editor/ReadmeEditor.cs
  artifactKey: Guid(476cc7d7cd9874016adc216baab94a0a) Importer(2089858483,192608db42251d675da83286b1cce702)
Start importing Assets/TutorialInfo/Scripts/Editor/ReadmeEditor.cs using Guid(476cc7d7cd9874016adc216baab94a0a) Importer(2089858483,192608db42251d675da83286b1cce702) (ScriptedImporter) -> (artifact id: 'b61024ff57d9be90ddcfd336add162e3') in 0.0181279 seconds
Number of updated asset objects reloaded before import = 0Number of asset objects unloaded after import = 0

========================================================================
Received Import Request.
  Time since last request: 0.000024 seconds.
  path: Assets/Scenes/SampleScene.unity
  artifactKey: Guid(15e9cb45bed9e174ba723d17ea17954a) Importer(2089858483,192608db42251d675da83286b1cce702)
Start importing Assets/Scenes/SampleScene.unity using Guid(15e9cb45bed9e174ba723d17ea17954a) Importer(2089858483,192608db42251d675da83286b1cce702) (ScriptedImporter) -> (artifact id: '21ff0c556a31d06793031c6e0ba2b7d7') in 0.0531764 seconds
Number of updated asset objects reloaded before import = 0Number of asset objects unloaded after import = 1

========================================================================
Received Import Request.
  Time since last request: 0.000021 seconds.
  path: Assets/Assets ; Expence/nappin
  artifactKey: Guid(4f86888bab2e9324da3ebe31aedcb406) Importer(2089858483,192608db42251d675da83286b1cce702)
Start importing Assets/Assets ; Expence/nappin using Guid(4f86888bab2e9324da3ebe31aedcb406) Importer(2089858483,192608db42251d675da83286b1cce702) (ScriptedImporter) -> (artifact id: '946bc7d8b1fb6d4dcf6f1e9ca2f1314f') in 0.0150023 seconds
Number of updated asset objects reloaded before import = 0Number of asset objects unloaded after import = 1

========================================================================
Received Import Request.
  Time since last request: 0.000026 seconds.
  path: Assets/UnityTechnologies/Basic Asset Pack Interior/Prefabs/Furniture/BenchDinning.prefab
  artifactKey: Guid(9dd93ff4bd20a564bb5eedf91b056612) Importer(2089858483,192608db42251d675da83286b1cce702)
Start importing Assets/UnityTechnologies/Basic Asset Pack Interior/Prefabs/Furniture/BenchDinning.prefab using Guid(9dd93ff4bd20a564bb5eedf91b056612) Importer(2089858483,192608db42251d675da83286b1cce702) (ScriptedImporter) -> (artifact id: 'e3af577c184a9f6a98d27f7020961d35') in 0.0444656 seconds
Number of updated asset objects reloaded before import = 0Number of asset objects unloaded after import = 8

========================================================================
Received Import Request.
  Time since last request: 0.000035 seconds.
  path: Assets/Tree_Packs/URP_Tree_Pack/Textures
  artifactKey: Guid(42d77cd5ec560df4b8e679a984e050e9) Importer(2089858483,192608db42251d675da83286b1cce702)
Start importing Assets/Tree_Packs/URP_Tree_Pack/Textures using Guid(42d77cd5ec560df4b8e679a984e050e9) Importer(2089858483,192608db42251d675da83286b1cce702) (ScriptedImporter) -> (artifact id: 'd7729a32c50f7982c3a2e67577cf6e30') in 0.0142785 seconds
Number of updated asset objects reloaded before import = 0Number of asset objects unloaded after import = 1

========================================================================
Received Import Request.
  Time since last request: 0.000022 seconds.
  path: Assets/Tree_Packs/URP_Tree_Pack/Models/URP_Tree_2/URP_Tree_2_LOD_3.fbx
  artifactKey: Guid(f87f29b06ec5e694f8847aa35cb746e3) Importer(2089858483,192608db42251d675da83286b1cce702)
Start importing Assets/Tree_Packs/URP_Tree_Pack/Models/URP_Tree_2/URP_Tree_2_LOD_3.fbx using Guid(f87f29b06ec5e694f8847aa35cb746e3) Importer(2089858483,192608db42251d675da83286b1cce702) (ScriptedImporter) -> (artifact id: '9fd130693f6a5a4bbd3796a6f2598213') in 0.0870353 seconds
Number of updated asset objects reloaded before import = 0Number of asset objects unloaded after import = 9

========================================================================
Received Import Request.
  Time since last request: 0.000027 seconds.
  path: Assets/UnityTechnologies/Basic Asset Pack Interior/Materials/PatternSpotGrey.mat
  artifactKey: Guid(7caa15ab28d01b8479a66a569e2e0077) Importer(2089858483,192608db42251d675da83286b1cce702)
Start importing Assets/UnityTechnologies/Basic Asset Pack Interior/Materials/PatternSpotGrey.mat using Guid(7caa15ab28d01b8479a66a569e2e0077) Importer(2089858483,192608db42251d675da83286b1cce702) (ScriptedImporter) -> (artifact id: 'ab069c061b0d1a15059409af2adf2b36') in 0.0191561 seconds
Number of updated asset objects reloaded before import = 0Number of asset objects unloaded after import = 2

========================================================================
Received Import Request.
  Time since last request: 0.000032 seconds.
  path: Assets/Assets ; Expence/_Tea&coffe_service/Scene/scene.unity
  artifactKey: Guid(9474724ed2bd1244db84db489c5c4b55) Importer(2089858483,192608db42251d675da83286b1cce702)
Start importing Assets/Assets ; Expence/_Tea&coffe_service/Scene/scene.unity using Guid(9474724ed2bd1244db84db489c5c4b55) Importer(2089858483,192608db42251d675da83286b1cce702) (ScriptedImporter) -> (artifact id: 'd045816fd9d43ebcb786f873c0ef8797') in 0.0692111 seconds
Number of updated asset objects reloaded before import = 0Number of asset objects unloaded after import = 1

========================================================================
Received Import Request.
  Time since last request: 0.000036 seconds.
  path: Assets/Assets ; Expence/ALP_Assets/Old Floor Linoleum FREE/Scene/Scene_Profiles/Old Floor Linoleum FREE.asset
  artifactKey: Guid(eed434c5e3d821647ab721c7d82471b1) Importer(2089858483,192608db42251d675da83286b1cce702)
Start importing Assets/Assets ; Expence/ALP_Assets/Old Floor Linoleum FREE/Scene/Scene_Profiles/Old Floor Linoleum FREE.asset using Guid(eed434c5e3d821647ab721c7d82471b1) Importer(2089858483,192608db42251d675da83286b1cce702) (ScriptedImporter) -> (artifact id: '29a95b3e386ef2035fc462e7b469bab4') in 0.0457624 seconds
Number of updated asset objects reloaded before import = 0Number of asset objects unloaded after import = 1

========================================================================
Received Import Request.
  Time since last request: 0.000027 seconds.
  path: Assets/UnityTechnologies/Basic Asset Pack Interior/Materials/SmallProps_Light.mat
  artifactKey: Guid(12416da89ffd6164b8e8c7fa410c8a54) Importer(2089858483,192608db42251d675da83286b1cce702)
Start importing Assets/UnityTechnologies/Basic Asset Pack Interior/Materials/SmallProps_Light.mat using Guid(12416da89ffd6164b8e8c7fa410c8a54) Importer(2089858483,192608db42251d675da83286b1cce702) (ScriptedImporter) -> (artifact id: 'fcfe48c929feab1ef658c86ecfd5228b') in 0.0209732 seconds
Number of updated asset objects reloaded before import = 0Number of asset objects unloaded after import = 2

========================================================================
Received Import Request.
  Time since last request: 1.203201 seconds.
  path: Assets/Assets ; Expence/nappin/OfficeEssentialsPack/Models
  artifactKey: Guid(6a642b983faa510488983f38c651038d) Importer(2089858483,192608db42251d675da83286b1cce702)
Start importing Assets/Assets ; Expence/nappin/OfficeEssentialsPack/Models using Guid(6a642b983faa510488983f38c651038d) Importer(2089858483,192608db42251d675da83286b1cce702) (ScriptedImporter) -> (artifact id: '6bf3d3c28d6320e0cbfd75bfac577fc4') in 0.0141758 seconds
Number of updated asset objects reloaded before import = 0Number of asset objects unloaded after import = 1

========================================================================
Received Import Request.
  Time since last request: 0.000029 seconds.
  path: Assets/Assets ; Expence/4K Tiled Ground Textures p2/Textures/concrete/Materials
  artifactKey: Guid(248b9d6726ddd594f941f03438010dd9) Importer(2089858483,192608db42251d675da83286b1cce702)
Start importing Assets/Assets ; Expence/4K Tiled Ground Textures p2/Textures/concrete/Materials using Guid(248b9d6726ddd594f941f03438010dd9) Importer(2089858483,192608db42251d675da83286b1cce702) (ScriptedImporter) -> (artifact id: '05247377c57b5bb617ebcffb5599ad2b') in 0.0141891 seconds
Number of updated asset objects reloaded before import = 0Number of asset objects unloaded after import = 1

========================================================================
Received Import Request.
  Time since last request: 0.000035 seconds.
  path: Assets/Tree_Packs/URP_Tree_Pack/Settings/Global Volume Profile.asset
  artifactKey: Guid(ca6bb682be9fc6a4db7edacf7ee83d22) Importer(2089858483,192608db42251d675da83286b1cce702)
Start importing Assets/Tree_Packs/URP_Tree_Pack/Settings/Global Volume Profile.asset using Guid(ca6bb682be9fc6a4db7edacf7ee83d22) Importer(2089858483,192608db42251d675da83286b1cce702) (ScriptedImporter) -> (artifact id: 'c97dd64d52483f159e7bc53f6b870eb8') in 0.0183143 seconds
Number of updated asset objects reloaded before import = 0Number of asset objects unloaded after import = 9

========================================================================
Received Import Request.
  Time since last request: 0.000037 seconds.
  path: Assets/Assets ; Expence/Brick Project Studio/Apartment Kit/_Prefabs/Furniture/Kitchen/Cabinets
  artifactKey: Guid(1fefdc64112392844841a44ee966f389) Importer(2089858483,192608db42251d675da83286b1cce702)
Start importing Assets/Assets ; Expence/Brick Project Studio/Apartment Kit/_Prefabs/Furniture/Kitchen/Cabinets using Guid(1fefdc64112392844841a44ee966f389) Importer(2089858483,192608db42251d675da83286b1cce702) (ScriptedImporter) -> (artifact id: '7d475dc5925f776c32837b419bef7e86') in 0.0131628 seconds
Number of updated asset objects reloaded before import = 0Number of asset objects unloaded after import = 1

========================================================================
Received Import Request.
  Time since last request: 0.000027 seconds.
  path: Assets/Scenes/ZNS3D/Vintage Living Room Game Pack/Demo/Demo_Scene.unity
  artifactKey: Guid(595372e64ca8f5549b8da2dd680770f3) Importer(2089858483,192608db42251d675da83286b1cce702)
Start importing Assets/Scenes/ZNS3D/Vintage Living Room Game Pack/Demo/Demo_Scene.unity using Guid(595372e64ca8f5549b8da2dd680770f3) Importer(2089858483,192608db42251d675da83286b1cce702) (ScriptedImporter) -> (artifact id: 'b0a5763cbbec612bbc33c9a5c4c69421') in 0.0506699 seconds
Number of updated asset objects reloaded before import = 0Number of asset objects unloaded after import = 1

========================================================================
Received Import Request.
  Time since last request: 0.000028 seconds.
  path: Assets/Scenes/ZNS3D/Vintage Living Room Game Pack/Textures/Furnitures_2
  artifactKey: Guid(9b003fd724ea5854f94f063d0f338c48) Importer(2089858483,192608db42251d675da83286b1cce702)
Start importing Assets/Scenes/ZNS3D/Vintage Living Room Game Pack/Textures/Furnitures_2 using Guid(9b003fd724ea5854f94f063d0f338c48) Importer(2089858483,192608db42251d675da83286b1cce702) (ScriptedImporter) -> (artifact id: 'e2952eed175958ef60b4afe878f5cd2a') in 0.0141829 seconds
Number of updated asset objects reloaded before import = 0Number of asset objects unloaded after import = 1

========================================================================
Received Import Request.
  Time since last request: 0.000031 seconds.
  path: Assets/UniversalRenderPipelineGlobalSettings.asset
  artifactKey: Guid(d09da97522b909b49a27bfacbc2cdc4f) Importer(2089858483,192608db42251d675da83286b1cce702)
Start importing Assets/UniversalRenderPipelineGlobalSettings.asset using Guid(d09da97522b909b49a27bfacbc2cdc4f) Importer(2089858483,192608db42251d675da83286b1cce702) (ScriptedImporter) -> (artifact id: '0114c5060ea2ec76a95f067cad1800f5') in 0.1432275 seconds
Number of updated asset objects reloaded before import = 0Number of asset objects unloaded after import = 2

========================================================================
Received Import Request.
  Time since last request: 0.000026 seconds.
  path: Assets/Assets ; Expence/DEMO/Standard Assets/Effects/ImageEffects
  artifactKey: Guid(ad7946a8b0e919c4f930c21efa615a29) Importer(2089858483,192608db42251d675da83286b1cce702)
Start importing Assets/Assets ; Expence/DEMO/Standard Assets/Effects/ImageEffects using Guid(ad7946a8b0e919c4f930c21efa615a29) Importer(2089858483,192608db42251d675da83286b1cce702) (ScriptedImporter) -> (artifact id: '555bdf9df85f19388c345c5d75299909') in 0.013439 seconds
Number of updated asset objects reloaded before import = 0Number of asset objects unloaded after import = 1

========================================================================
Received Import Request.
  Time since last request: 0.000034 seconds.
  path: Assets/Assets ; Expence/ALP_Assets/Old Floor Linoleum FREE/Scene/Scene.unity
  artifactKey: Guid(1f8472d0353e8844fa1da7814c3aa9bc) Importer(2089858483,192608db42251d675da83286b1cce702)
Start importing Assets/Assets ; Expence/ALP_Assets/Old Floor Linoleum FREE/Scene/Scene.unity using Guid(1f8472d0353e8844fa1da7814c3aa9bc) Importer(2089858483,192608db42251d675da83286b1cce702) (ScriptedImporter) -> (artifact id: '129c0f7cb8c8fd6562e2d5f79859a9fc') in 0.035083 seconds
Number of updated asset objects reloaded before import = 0Number of asset objects unloaded after import = 1

========================================================================
Received Import Request.
  Time since last request: 0.000030 seconds.
  path: Assets/UnityTechnologies/Basic Asset Pack Interior/Prefabs/Floor
  artifactKey: Guid(1286ed36aa63b8e44a4ef2ab1d9975c3) Importer(2089858483,192608db42251d675da83286b1cce702)
Start importing Assets/UnityTechnologies/Basic Asset Pack Interior/Prefabs/Floor using Guid(1286ed36aa63b8e44a4ef2ab1d9975c3) Importer(2089858483,192608db42251d675da83286b1cce702) (ScriptedImporter) -> (artifact id: '919b83db94cceca7d931c8c4ce1dcb6b') in 0.0141247 seconds
Number of updated asset objects reloaded before import = 0Number of asset objects unloaded after import = 1

========================================================================
Received Import Request.
  Time since last request: 0.000026 seconds.
  path: Assets/Scenes/Outdoor1.unity
  artifactKey: Guid(18d74ec7b72afb14f81fe8f991db2121) Importer(2089858483,192608db42251d675da83286b1cce702)
Start importing Assets/Scenes/Outdoor1.unity using Guid(18d74ec7b72afb14f81fe8f991db2121) Importer(2089858483,192608db42251d675da83286b1cce702) (ScriptedImporter) -> (artifact id: '93d2e72240f4dc47fefe7122d4c6b21b') in 0.0229454 seconds
Number of updated asset objects reloaded before import = 0Number of asset objects unloaded after import = 1

========================================================================
Received Import Request.
  Time since last request: 0.000027 seconds.
  path: Assets/Assets ; Expence/Pegasus Studios/Elegant Interior Decor 3D Models Pack/Resources/Textures/Door
  artifactKey: Guid(553379bf2d4c9ec4ebfc8da97eb1ec2a) Importer(2089858483,192608db42251d675da83286b1cce702)
Start importing Assets/Assets ; Expence/Pegasus Studios/Elegant Interior Decor 3D Models Pack/Resources/Textures/Door using Guid(553379bf2d4c9ec4ebfc8da97eb1ec2a) Importer(2089858483,192608db42251d675da83286b1cce702) (ScriptedImporter) -> (artifact id: '92e35048483f2324928b121ab3e2d498') in 0.0137038 seconds
Number of updated asset objects reloaded before import = 0Number of asset objects unloaded after import = 1

========================================================================
Received Import Request.
  Time since last request: 0.000026 seconds.
  path: Assets/Assets ; Expence/ALP_Assets
  artifactKey: Guid(cc559ae34dd5fc645b08979d2ec8deef) Importer(2089858483,192608db42251d675da83286b1cce702)
Start importing Assets/Assets ; Expence/ALP_Assets using Guid(cc559ae34dd5fc645b08979d2ec8deef) Importer(2089858483,192608db42251d675da83286b1cce702) (ScriptedImporter) -> (artifact id: '999b25232a54c47c4c8df81a5fe79a4b') in 0.0150448 seconds
Number of updated asset objects reloaded before import = 0Number of asset objects unloaded after import = 1

========================================================================
Received Import Request.
  Time since last request: 0.000038 seconds.
  path: Assets/Tree_Packs/URP_Tree_Pack/Models
  artifactKey: Guid(5da983813db86b64d89e5fb188408d1f) Importer(2089858483,192608db42251d675da83286b1cce702)
Start importing Assets/Tree_Packs/URP_Tree_Pack/Models using Guid(5da983813db86b64d89e5fb188408d1f) Importer(2089858483,192608db42251d675da83286b1cce702) (ScriptedImporter) -> (artifact id: 'ac22538c479b8c85913092a45a786505') in 0.0137804 seconds
Number of updated asset objects reloaded before import = 0Number of asset objects unloaded after import = 1

========================================================================
Received Import Request.
  Time since last request: 0.000024 seconds.
  path: Assets/Assets ; Expence/asset_store/key_lock/mesh
  artifactKey: Guid(7327217ca3369374884e5313928b8115) Importer(2089858483,192608db42251d675da83286b1cce702)
Start importing Assets/Assets ; Expence/asset_store/key_lock/mesh using Guid(7327217ca3369374884e5313928b8115) Importer(2089858483,192608db42251d675da83286b1cce702) (ScriptedImporter) -> (artifact id: 'cf2b32fe635d1edaba03a3f7ce5ff712') in 0.0135289 seconds
Number of updated asset objects reloaded before import = 0Number of asset objects unloaded after import = 1

========================================================================
Received Import Request.
  Time since last request: 0.000025 seconds.
  path: Assets/danthaigames/DS Furniture Pack 01/Assets/Scenes
  artifactKey: Guid(6a4eff7c74db98b4682b4f19af9a3ad3) Importer(2089858483,192608db42251d675da83286b1cce702)
Start importing Assets/danthaigames/DS Furniture Pack 01/Assets/Scenes using Guid(6a4eff7c74db98b4682b4f19af9a3ad3) Importer(2089858483,192608db42251d675da83286b1cce702) (ScriptedImporter) -> (artifact id: '88cdcfcc0b836c4030a2b2ea4ff269f1') in 0.0128846 seconds
Number of updated asset objects reloaded before import = 0Number of asset objects unloaded after import = 1

========================================================================
Received Import Request.
  Time since last request: 0.000077 seconds.
  path: Assets/Assets ; Expence/_Tea&coffe_service/Model/Materials
  artifactKey: Guid(af8930b52b929264c8bb1fe9a82cd601) Importer(2089858483,192608db42251d675da83286b1cce702)
Start importing Assets/Assets ; Expence/_Tea&coffe_service/Model/Materials using Guid(af8930b52b929264c8bb1fe9a82cd601) Importer(2089858483,192608db42251d675da83286b1cce702) (ScriptedImporter) -> (artifact id: 'aa3af0b6c8e7ec1570a3748c33472259') in 0.0139448 seconds
Number of updated asset objects reloaded before import = 0Number of asset objects unloaded after import = 1

========================================================================
Received Import Request.
  Time since last request: 0.000030 seconds.
  path: Assets/UnityTechnologies/Basic Asset Pack Interior/Materials/WallGrey.mat
  artifactKey: Guid(9e8597a68e94e804d9874df594ebb10c) Importer(2089858483,192608db42251d675da83286b1cce702)
Start importing Assets/UnityTechnologies/Basic Asset Pack Interior/Materials/WallGrey.mat using Guid(9e8597a68e94e804d9874df594ebb10c) Importer(2089858483,192608db42251d675da83286b1cce702) (ScriptedImporter) -> (artifact id: 'e47a912240d7a05fefd34a0745b794ff') in 0.0306569 seconds
Number of updated asset objects reloaded before import = 0Number of asset objects unloaded after import = 2

========================================================================
Received Import Request.
  Time since last request: 0.000047 seconds.
  path: Assets/UnityTechnologies/Basic Asset Pack Interior/Prefabs/Furniture/TableNarrowSingleDraw.prefab
  artifactKey: Guid(c4f4e7a797f707e47a431ce4654787ff) Importer(2089858483,192608db42251d675da83286b1cce702)
Start importing Assets/UnityTechnologies/Basic Asset Pack Interior/Prefabs/Furniture/TableNarrowSingleDraw.prefab using Guid(c4f4e7a797f707e47a431ce4654787ff) Importer(2089858483,192608db42251d675da83286b1cce702) (ScriptedImporter) -> (artifact id: 'ccf39c9ed3b5b3e81b42a745ca43d2dd') in 0.0619408 seconds
Number of updated asset objects reloaded before import = 0Number of asset objects unloaded after import = 8

========================================================================
Received Import Request.
  Time since last request: 0.000026 seconds.
  path: Assets/UnityTechnologies/Basic Asset Pack Interior/Prefabs/Walls/Wall2m.prefab
  artifactKey: Guid(c28f78ec568fdde469c5319409c09d3c) Importer(2089858483,192608db42251d675da83286b1cce702)
Start importing Assets/UnityTechnologies/Basic Asset Pack Interior/Prefabs/Walls/Wall2m.prefab using Guid(c28f78ec568fdde469c5319409c09d3c) Importer(2089858483,192608db42251d675da83286b1cce702) (ScriptedImporter) -> (artifact id: '9ad1a1d5e2587102d48a62514772a29f') in 0.0856195 seconds
Number of updated asset objects reloaded before import = 0Number of asset objects unloaded after import = 14

========================================================================
Received Import Request.
  Time since last request: 0.000029 seconds.
  path: Assets/Assets ; Expence/HighQualityBricks&Walls
  artifactKey: Guid(a50c1a493436b39428c6951714f2ee8b) Importer(2089858483,192608db42251d675da83286b1cce702)
Start importing Assets/Assets ; Expence/HighQualityBricks&Walls using Guid(a50c1a493436b39428c6951714f2ee8b) Importer(2089858483,192608db42251d675da83286b1cce702) (ScriptedImporter) -> (artifact id: '4c0f1234f901fe668ed7bee52bedcd9d') in 0.01909 seconds
Number of updated asset objects reloaded before import = 0Number of asset objects unloaded after import = 1

========================================================================
Received Import Request.
  Time since last request: 0.000042 seconds.
  path: Assets/Assets ; Expence/HDRPFurniturePack/Artek/Stool 60 Artek/Models
  artifactKey: Guid(c3c333d97b04a834a81c5bc7dab165fc) Importer(2089858483,192608db42251d675da83286b1cce702)
Start importing Assets/Assets ; Expence/HDRPFurniturePack/Artek/Stool 60 Artek/Models using Guid(c3c333d97b04a834a81c5bc7dab165fc) Importer(2089858483,192608db42251d675da83286b1cce702) (ScriptedImporter) -> (artifact id: 'bdd2fd5767f92f8c92697cb40d516c78') in 0.0129519 seconds
Number of updated asset objects reloaded before import = 0Number of asset objects unloaded after import = 1

========================================================================
Received Import Request.
  Time since last request: 0.000027 seconds.
  path: Assets/UnityTechnologies/Basic Asset Pack Interior/Prefabs/Furniture/ShelvesMediumA.prefab
  artifactKey: Guid(e37536240892e1f49a7ccddc63ac1a4b) Importer(2089858483,192608db42251d675da83286b1cce702)
Start importing Assets/UnityTechnologies/Basic Asset Pack Interior/Prefabs/Furniture/ShelvesMediumA.prefab using Guid(e37536240892e1f49a7ccddc63ac1a4b) Importer(2089858483,192608db42251d675da83286b1cce702) (ScriptedImporter) -> (artifact id: '146196a2b4123dd89c448e36b120d75f') in 0.0426794 seconds
Number of updated asset objects reloaded before import = 0Number of asset objects unloaded after import = 8

========================================================================
Received Import Request.
  Time since last request: 0.000024 seconds.
  path: Assets/Assets ; Expence/JJ_InteriorDoorPack_V1/Scenes
  artifactKey: Guid(4f704ae4b4f98ae41a0bce26658850c1) Importer(2089858483,192608db42251d675da83286b1cce702)
Start importing Assets/Assets ; Expence/JJ_InteriorDoorPack_V1/Scenes using Guid(4f704ae4b4f98ae41a0bce26658850c1) Importer(2089858483,192608db42251d675da83286b1cce702) (ScriptedImporter) -> (artifact id: '69486d2063bd3ad04ba0247507c3ce18') in 0.0127905 seconds
Number of updated asset objects reloaded before import = 0Number of asset objects unloaded after import = 1

========================================================================
Received Import Request.
  Time since last request: 0.000024 seconds.
  path: Assets/UnityTechnologies/Basic Asset Pack Interior/Materials/Glass.mat
  artifactKey: Guid(c0776710185a9a5479eb8809dd79030b) Importer(2089858483,192608db42251d675da83286b1cce702)
Start importing Assets/UnityTechnologies/Basic Asset Pack Interior/Materials/Glass.mat using Guid(c0776710185a9a5479eb8809dd79030b) Importer(2089858483,192608db42251d675da83286b1cce702) (ScriptedImporter) -> (artifact id: '720989b13a28208be11678c63b648381') in 0.0197812 seconds
Number of updated asset objects reloaded before import = 0Number of asset objects unloaded after import = 1

========================================================================
Received Import Request.
  Time since last request: 0.000029 seconds.
  path: Assets/UnityTechnologies/Basic Asset Pack Interior/Prefabs/Floor/RugDoorMat.prefab
  artifactKey: Guid(00d62ec9ef1fe7a4b9a60fe6f8a43b44) Importer(2089858483,192608db42251d675da83286b1cce702)
Start importing Assets/UnityTechnologies/Basic Asset Pack Interior/Prefabs/Floor/RugDoorMat.prefab using Guid(00d62ec9ef1fe7a4b9a60fe6f8a43b44) Importer(2089858483,192608db42251d675da83286b1cce702) (ScriptedImporter) -> (artifact id: 'e6ad0fb3cbf1a8b187efe13471111dcb') in 0.039299 seconds
Number of updated asset objects reloaded before import = 0Number of asset objects unloaded after import = 8

========================================================================
Received Import Request.
  Time since last request: 0.000035 seconds.
  path: Assets/Assets ; Expence/DEMO/Standard Assets/Effects/ImageEffects/Shaders/_Antialiasing
  artifactKey: Guid(dc2ac3b85e644c245be434aed92a8056) Importer(2089858483,192608db42251d675da83286b1cce702)
Start importing Assets/Assets ; Expence/DEMO/Standard Assets/Effects/ImageEffects/Shaders/_Antialiasing using Guid(dc2ac3b85e644c245be434aed92a8056) Importer(2089858483,192608db42251d675da83286b1cce702) (ScriptedImporter) -> (artifact id: '3d467cb0336725d91027bc41837e2795') in 0.0142175 seconds
Number of updated asset objects reloaded before import = 0Number of asset objects unloaded after import = 1

========================================================================
Received Import Request.
  Time since last request: 0.000036 seconds.
  path: Assets/TutorialInfo/Scripts
  artifactKey: Guid(5a9bcd70e6a4b4b05badaa72e827d8e0) Importer(2089858483,192608db42251d675da83286b1cce702)
Start importing Assets/TutorialInfo/Scripts using Guid(5a9bcd70e6a4b4b05badaa72e827d8e0) Importer(2089858483,192608db42251d675da83286b1cce702) (ScriptedImporter) -> (artifact id: '210895b8cae2ae4eeb07d1fb5c64f66e') in 0.0144884 seconds
Number of updated asset objects reloaded before import = 0Number of asset objects unloaded after import = 1

========================================================================
Received Import Request.
  Time since last request: 0.000024 seconds.
  path: Assets/UnityTechnologies/Basic Asset Pack Interior
  artifactKey: Guid(5aefe1beb1692d7479aeb08034363410) Importer(2089858483,192608db42251d675da83286b1cce702)
Start importing Assets/UnityTechnologies/Basic Asset Pack Interior using Guid(5aefe1beb1692d7479aeb08034363410) Importer(2089858483,192608db42251d675da83286b1cce702) (ScriptedImporter) -> (artifact id: '351599d1af88c614cccebf478f7d30fe') in 0.0149829 seconds
Number of updated asset objects reloaded before import = 0Number of asset objects unloaded after import = 1

========================================================================
Received Import Request.
  Time since last request: 0.000026 seconds.
  path: Assets/Assets ; Expence/HDRPFurniturePack
  artifactKey: Guid(6b658d7229ac9a74399bb24e24e9387d) Importer(2089858483,192608db42251d675da83286b1cce702)
Start importing Assets/Assets ; Expence/HDRPFurniturePack using Guid(6b658d7229ac9a74399bb24e24e9387d) Importer(2089858483,192608db42251d675da83286b1cce702) (ScriptedImporter) -> (artifact id: '389ae37318fd2d6ab38e5f53c844eb1a') in 0.0149043 seconds
Number of updated asset objects reloaded before import = 0Number of asset objects unloaded after import = 1

========================================================================
Received Import Request.
  Time since last request: 0.000028 seconds.
  path: Assets/Tree_Packs/URP_Tree_Pack/Models/URP_Tree_2/Materials/Trunk.mat
  artifactKey: Guid(946553a4511af924ea54b2840e9b3b21) Importer(2089858483,192608db42251d675da83286b1cce702)
Start importing Assets/Tree_Packs/URP_Tree_Pack/Models/URP_Tree_2/Materials/Trunk.mat using Guid(946553a4511af924ea54b2840e9b3b21) Importer(2089858483,192608db42251d675da83286b1cce702) (ScriptedImporter) -> (artifact id: '8fe761ca10a919b9e72f0577e4a19ea4') in 0.0470026 seconds
Number of updated asset objects reloaded before import = 0Number of asset objects unloaded after import = 2

========================================================================
Received Import Request.
  Time since last request: 0.000044 seconds.
  path: Assets/Tree_Packs/URP_Tree_Pack/Models/URP_Tree_3/Materials
  artifactKey: Guid(4f1284d4c48dc6b4c95d6f6cf9b28be2) Importer(2089858483,192608db42251d675da83286b1cce702)
Start importing Assets/Tree_Packs/URP_Tree_Pack/Models/URP_Tree_3/Materials using Guid(4f1284d4c48dc6b4c95d6f6cf9b28be2) Importer(2089858483,192608db42251d675da83286b1cce702) (ScriptedImporter) -> (artifact id: 'e0d3dc02ff51c889f6bc1a859edeb300') in 0.0148417 seconds
Number of updated asset objects reloaded before import = 0Number of asset objects unloaded after import = 1

========================================================================
Received Import Request.
  Time since last request: 0.239138 seconds.
  path: Assets/Assets ; Expence/SourceFiles/StarterAssets/ThirdPersonController/Character/Animations
  artifactKey: Guid(dd7882c573c0fdc45aa0c8c6027aca84) Importer(2089858483,192608db42251d675da83286b1cce702)
Start importing Assets/Assets ; Expence/SourceFiles/StarterAssets/ThirdPersonController/Character/Animations using Guid(dd7882c573c0fdc45aa0c8c6027aca84) Importer(2089858483,192608db42251d675da83286b1cce702) (ScriptedImporter) -> (artifact id: '8ece0e650bb18fded39935b49f06a98e') in 0.0144688 seconds
Number of updated asset objects reloaded before import = 0Number of asset objects unloaded after import = 1

========================================================================
Received Import Request.
  Time since last request: 0.000023 seconds.
  path: Assets/Assets ; Expence/3Dfrk/Frames with pictures/Meshes
  artifactKey: Guid(e4f035c9d180f3649bf3d9a103b80b72) Importer(2089858483,192608db42251d675da83286b1cce702)
Start importing Assets/Assets ; Expence/3Dfrk/Frames with pictures/Meshes using Guid(e4f035c9d180f3649bf3d9a103b80b72) Importer(2089858483,192608db42251d675da83286b1cce702) (ScriptedImporter) -> (artifact id: 'de5063871c86dbfe97eabc7b15689a4a') in 0.0133103 seconds
Number of updated asset objects reloaded before import = 0Number of asset objects unloaded after import = 1

========================================================================
Received Import Request.
  Time since last request: 0.000028 seconds.
  path: Assets/UnityTechnologies/Basic Asset Pack Interior/Materials/PatternSpotGreenBig.mat
  artifactKey: Guid(11ec10ab08ff11a40a2ed07f256a01a5) Importer(2089858483,192608db42251d675da83286b1cce702)
Start importing Assets/UnityTechnologies/Basic Asset Pack Interior/Materials/PatternSpotGreenBig.mat using Guid(11ec10ab08ff11a40a2ed07f256a01a5) Importer(2089858483,192608db42251d675da83286b1cce702) (ScriptedImporter) -> (artifact id: '79dc1a04b899939c6f35dc12c6823f6a') in 0.0372289 seconds
Number of updated asset objects reloaded before import = 0Number of asset objects unloaded after import = 2

========================================================================
Received Import Request.
  Time since last request: 0.000031 seconds.
  path: Assets/Assets ; Expence/50 Fabric Materials_VOL01
  artifactKey: Guid(ea495912e15a8874aac000fed66c24bb) Importer(2089858483,192608db42251d675da83286b1cce702)
Start importing Assets/Assets ; Expence/50 Fabric Materials_VOL01 using Guid(ea495912e15a8874aac000fed66c24bb) Importer(2089858483,192608db42251d675da83286b1cce702) (ScriptedImporter) -> (artifact id: '8c11b6de47e3bc01f62e1b070ce70b41') in 0.0145236 seconds
Number of updated asset objects reloaded before import = 0Number of asset objects unloaded after import = 1

========================================================================
Received Import Request.
  Time since last request: 0.000037 seconds.
  path: Assets/Scenes/Materials/New Material 10.mat
  artifactKey: Guid(3ed349ce61e52b34090c7b15b2d3fdb3) Importer(2089858483,192608db42251d675da83286b1cce702)
Start importing Assets/Scenes/Materials/New Material 10.mat using Guid(3ed349ce61e52b34090c7b15b2d3fdb3) Importer(2089858483,192608db42251d675da83286b1cce702) (ScriptedImporter) -> (artifact id: 'e344a4917af40657ca6463f6a144af9f') in 0.0194016 seconds
Number of updated asset objects reloaded before import = 0Number of asset objects unloaded after import = 1

========================================================================
Received Import Request.
  Time since last request: 0.000024 seconds.
  path: Assets/UnityTechnologies/Basic Asset Pack Interior/Prefabs/Walls/WallCornerOuter.prefab
  artifactKey: Guid(a942236057a1d3e4f99eec0e8fc4f5b8) Importer(2089858483,192608db42251d675da83286b1cce702)
Start importing Assets/UnityTechnologies/Basic Asset Pack Interior/Prefabs/Walls/WallCornerOuter.prefab using Guid(a942236057a1d3e4f99eec0e8fc4f5b8) Importer(2089858483,192608db42251d675da83286b1cce702) (ScriptedImporter) -> (artifact id: 'cfd08e6439f2f72024fa69f204e892ff') in 0.0407916 seconds
Number of updated asset objects reloaded before import = 0Number of asset objects unloaded after import = 14

========================================================================
Received Import Request.
  Time since last request: 0.000033 seconds.
  path: Assets/Assets ; Expence/HDRPFurniturePack/Succulent_Planter
  artifactKey: Guid(1c330eaad3c8e2145a9678be139e6ca9) Importer(2089858483,192608db42251d675da83286b1cce702)
Start importing Assets/Assets ; Expence/HDRPFurniturePack/Succulent_Planter using Guid(1c330eaad3c8e2145a9678be139e6ca9) Importer(2089858483,192608db42251d675da83286b1cce702) (ScriptedImporter) -> (artifact id: 'b24617a9e896b7aecb83b88d4f65b89c') in 0.0147015 seconds
Number of updated asset objects reloaded before import = 0Number of asset objects unloaded after import = 1

========================================================================
Received Import Request.
  Time since last request: 0.000034 seconds.
  path: Assets/Assets ; Expence/Mugs, Bowls and Plates
  artifactKey: Guid(76f603bd103c8714190badbb020df41f) Importer(2089858483,192608db42251d675da83286b1cce702)
Start importing Assets/Assets ; Expence/Mugs, Bowls and Plates using Guid(76f603bd103c8714190badbb020df41f) Importer(2089858483,192608db42251d675da83286b1cce702) (ScriptedImporter) -> (artifact id: '0c4660ccadcc1c76f3f75caf06edf410') in 0.0148344 seconds
Number of updated asset objects reloaded before import = 0Number of asset objects unloaded after import = 1

========================================================================
Received Import Request.
  Time since last request: 0.000035 seconds.
  path: Assets/Scenes/Scene1.unity
  artifactKey: Guid(5f50f9c8e0b41394a9d7e860f43ab389) Importer(2089858483,192608db42251d675da83286b1cce702)
Start importing Assets/Scenes/Scene1.unity using Guid(5f50f9c8e0b41394a9d7e860f43ab389) Importer(2089858483,192608db42251d675da83286b1cce702) (ScriptedImporter) -> (artifact id: '52606136b410776dd9165c1f2b8934a2') in 0.0276094 seconds
Number of updated asset objects reloaded before import = 0Number of asset objects unloaded after import = 1

========================================================================
Received Import Request.
  Time since last request: 0.000041 seconds.
  path: Assets/Assets ; Expence/JJ_InteriorDoorPack_V1/Meshes
  artifactKey: Guid(7b78ff774cc6e15428e5011040894f34) Importer(2089858483,192608db42251d675da83286b1cce702)
Start importing Assets/Assets ; Expence/JJ_InteriorDoorPack_V1/Meshes using Guid(7b78ff774cc6e15428e5011040894f34) Importer(2089858483,192608db42251d675da83286b1cce702) (ScriptedImporter) -> (artifact id: '99a58a596b5bf90e06d04336bd80c6ee') in 0.0158429 seconds
Number of updated asset objects reloaded before import = 0Number of asset objects unloaded after import = 1

========================================================================
Received Import Request.
  Time since last request: 0.000029 seconds.
  path: Assets/UnityTechnologies/Basic Asset Pack Interior/Prefabs/Furniture/ShelvesTallA.prefab
  artifactKey: Guid(582abf97ecb4a1d4c8e99e763a493630) Importer(2089858483,192608db42251d675da83286b1cce702)
Start importing Assets/UnityTechnologies/Basic Asset Pack Interior/Prefabs/Furniture/ShelvesTallA.prefab using Guid(582abf97ecb4a1d4c8e99e763a493630) Importer(2089858483,192608db42251d675da83286b1cce702) (ScriptedImporter) -> (artifact id: '3da9e7128c42b46aaf4403601439454e') in 0.043145 seconds
Number of updated asset objects reloaded before import = 0Number of asset objects unloaded after import = 8

========================================================================
Received Import Request.
  Time since last request: 0.000026 seconds.
  path: Assets/Assets ; Expence/_Tea&coffe_service/Model/tea_service.FBX
  artifactKey: Guid(5d95898f282c78c45b1bce7921720d1b) Importer(2089858483,192608db42251d675da83286b1cce702)
Start importing Assets/Assets ; Expence/_Tea&coffe_service/Model/tea_service.FBX using Guid(5d95898f282c78c45b1bce7921720d1b) Importer(2089858483,192608db42251d675da83286b1cce702) (ScriptedImporter) -> (artifact id: 'f4b57a16fbfee8c062dff95ba1b7b19d') in 0.0529678 seconds
Number of updated asset objects reloaded before import = 0Number of asset objects unloaded after import = 34

========================================================================
Received Import Request.
  Time since last request: 0.000036 seconds.
  path: Assets/Tree_Packs/URP_Tree_Pack/Models/URP_Tree_2/Materials
  artifactKey: Guid(5ce40464233cdf34e96b0d61eb7e0612) Importer(2089858483,192608db42251d675da83286b1cce702)
Start importing Assets/Tree_Packs/URP_Tree_Pack/Models/URP_Tree_2/Materials using Guid(5ce40464233cdf34e96b0d61eb7e0612) Importer(2089858483,192608db42251d675da83286b1cce702) (ScriptedImporter) -> (artifact id: '1c47df253fa157095fe656cfe94d0404') in 0.0138609 seconds
Number of updated asset objects reloaded before import = 0Number of asset objects unloaded after import = 1

========================================================================
Received Import Request.
  Time since last request: 0.000048 seconds.
  path: Assets/Assets ; Expence/Pegasus Studios/Elegant Interior Decor 3D Models Pack
  artifactKey: Guid(a03332285dd34224786cac784d6fb058) Importer(2089858483,192608db42251d675da83286b1cce702)
Start importing Assets/Assets ; Expence/Pegasus Studios/Elegant Interior Decor 3D Models Pack using Guid(a03332285dd34224786cac784d6fb058) Importer(2089858483,192608db42251d675da83286b1cce702) (ScriptedImporter) -> (artifact id: '887ba33207b2607f968c2510c5ea39cd') in 0.0160419 seconds
Number of updated asset objects reloaded before import = 0Number of asset objects unloaded after import = 1

========================================================================
Received Import Request.
  Time since last request: 0.000025 seconds.
  path: Assets/Assets ; Expence/Часы/6
  artifactKey: Guid(08d9f956f67c1ac4f9daa56555b64efc) Importer(2089858483,192608db42251d675da83286b1cce702)
Start importing Assets/Assets ; Expence/Часы/6 using Guid(08d9f956f67c1ac4f9daa56555b64efc) Importer(2089858483,192608db42251d675da83286b1cce702) (ScriptedImporter) -> (artifact id: '8387a730cea5751bbd9acf98adba3bbc') in 0.0143782 seconds
Number of updated asset objects reloaded before import = 0Number of asset objects unloaded after import = 1

========================================================================
Received Import Request.
  Time since last request: 0.000034 seconds.
  path: Assets/UnityTechnologies/Basic Asset Pack Interior/Materials/PatternStripeGrey.mat
  artifactKey: Guid(f95d116f9690653489083d8ea7ca3c29) Importer(2089858483,192608db42251d675da83286b1cce702)
Start importing Assets/UnityTechnologies/Basic Asset Pack Interior/Materials/PatternStripeGrey.mat using Guid(f95d116f9690653489083d8ea7ca3c29) Importer(2089858483,192608db42251d675da83286b1cce702) (ScriptedImporter) -> (artifact id: '7e7e2a40d7046b6f0b972d8869b97d76') in 0.0212589 seconds
Number of updated asset objects reloaded before import = 0Number of asset objects unloaded after import = 2

========================================================================
Received Import Request.
  Time since last request: 0.000026 seconds.
  path: Assets/Tree_Packs/URP_Tree_Pack/Models/URP_Tree_1/Materials/Trunk.mat
  artifactKey: Guid(5075ca828a84d014a8a20f00c0b63146) Importer(2089858483,192608db42251d675da83286b1cce702)
Start importing Assets/Tree_Packs/URP_Tree_Pack/Models/URP_Tree_1/Materials/Trunk.mat using Guid(5075ca828a84d014a8a20f00c0b63146) Importer(2089858483,192608db42251d675da83286b1cce702) (ScriptedImporter) -> (artifact id: '6ce6c3aef77f96179ab5478a2e2325c2') in 0.0443409 seconds
Number of updated asset objects reloaded before import = 0Number of asset objects unloaded after import = 2

========================================================================
Received Import Request.
  Time since last request: 0.000034 seconds.
  path: Assets/Assets ; Expence/DEMO/Standard Assets/Effects/ImageEffects/Shaders
  artifactKey: Guid(3d41affc061234349b1a18af1833902f) Importer(2089858483,192608db42251d675da83286b1cce702)
Start importing Assets/Assets ; Expence/DEMO/Standard Assets/Effects/ImageEffects/Shaders using Guid(3d41affc061234349b1a18af1833902f) Importer(2089858483,192608db42251d675da83286b1cce702) (ScriptedImporter) -> (artifact id: '46677794417fb0c93b21641b2172d36f') in 0.0144732 seconds
Number of updated asset objects reloaded before import = 0Number of asset objects unloaded after import = 1

========================================================================
Received Import Request.
  Time since last request: 0.000042 seconds.
  path: Assets/Scenes/Materials/New Material 5.mat
  artifactKey: Guid(4c659cd53d8dd28499a2fc1af75c6cb5) Importer(2089858483,192608db42251d675da83286b1cce702)
Start importing Assets/Scenes/Materials/New Material 5.mat using Guid(4c659cd53d8dd28499a2fc1af75c6cb5) Importer(2089858483,192608db42251d675da83286b1cce702) (ScriptedImporter) -> (artifact id: '24fce07094106731d75f65550f344139') in 0.018635 seconds
Number of updated asset objects reloaded before import = 0Number of asset objects unloaded after import = 1

========================================================================
Received Import Request.
  Time since last request: 0.000032 seconds.
  path: Assets/UnityTechnologies/Basic Asset Pack Interior/Prefabs/Walls/Wall4m.prefab
  artifactKey: Guid(26b8166c4f06708408d1d04ab4ee35d8) Importer(2089858483,192608db42251d675da83286b1cce702)
Start importing Assets/UnityTechnologies/Basic Asset Pack Interior/Prefabs/Walls/Wall4m.prefab using Guid(26b8166c4f06708408d1d04ab4ee35d8) Importer(2089858483,192608db42251d675da83286b1cce702) (ScriptedImporter) -> (artifact id: '688a336b468a53207204999ebaf9bbad') in 0.0461912 seconds
Number of updated asset objects reloaded before import = 0Number of asset objects unloaded after import = 14

========================================================================
Received Import Request.
  Time since last request: 0.000031 seconds.
  path: Assets/Assets ; Expence/Mugs, Bowls and Plates/sample Scene
  artifactKey: Guid(aef111c22ad843145a320b4fb746df54) Importer(2089858483,192608db42251d675da83286b1cce702)
Start importing Assets/Assets ; Expence/Mugs, Bowls and Plates/sample Scene using Guid(aef111c22ad843145a320b4fb746df54) Importer(2089858483,192608db42251d675da83286b1cce702) (ScriptedImporter) -> (artifact id: '206101c359bcf1e269b528055f83cc03') in 0.0134432 seconds
Number of updated asset objects reloaded before import = 0Number of asset objects unloaded after import = 1

========================================================================
Received Import Request.
  Time since last request: 0.000029 seconds.
  path: Assets/Assets ; Expence/_Tea&coffe_service/Model/Materials/texture_tea.mat
  artifactKey: Guid(29f35be9cf4d4aa48be961a9173fb310) Importer(2089858483,192608db42251d675da83286b1cce702)
Start importing Assets/Assets ; Expence/_Tea&coffe_service/Model/Materials/texture_tea.mat using Guid(29f35be9cf4d4aa48be961a9173fb310) Importer(2089858483,192608db42251d675da83286b1cce702) (ScriptedImporter) -> (artifact id: '83b870d55ce79e4cc564225401a0f3a5') in 0.0184361 seconds
Number of updated asset objects reloaded before import = 0Number of asset objects unloaded after import = 1

========================================================================
Received Import Request.
  Time since last request: 0.000035 seconds.
  path: Assets/Scenes/ZNS3D/Vintage Living Room Game Pack/Textures/Gramophone
  artifactKey: Guid(2130519d2aab6ed4aae78cd8913b4d5e) Importer(2089858483,192608db42251d675da83286b1cce702)
Start importing Assets/Scenes/ZNS3D/Vintage Living Room Game Pack/Textures/Gramophone using Guid(2130519d2aab6ed4aae78cd8913b4d5e) Importer(2089858483,192608db42251d675da83286b1cce702) (ScriptedImporter) -> (artifact id: '23d36e0cc6744796c63afa0aaaef0fbd') in 0.0150863 seconds
Number of updated asset objects reloaded before import = 0Number of asset objects unloaded after import = 1

========================================================================
Received Import Request.
  Time since last request: 0.000023 seconds.
  path: Assets/danthaigames/DS Furniture Pack 01/PSDs/Table
  artifactKey: Guid(0ea1bc4acbaa36647b9a21128bde01ba) Importer(2089858483,192608db42251d675da83286b1cce702)
Start importing Assets/danthaigames/DS Furniture Pack 01/PSDs/Table using Guid(0ea1bc4acbaa36647b9a21128bde01ba) Importer(2089858483,192608db42251d675da83286b1cce702) (ScriptedImporter) -> (artifact id: '63640bea813962c2f90163ea2a246366') in 0.0144351 seconds
Number of updated asset objects reloaded before import = 0Number of asset objects unloaded after import = 1

========================================================================
Received Import Request.
  Time since last request: 0.000022 seconds.
  path: Assets/Assets ; Expence/HDRPFurniturePack/Taper_Candle_Holders/Models
  artifactKey: Guid(f3d412eb2b7f25d429001601daf13d87) Importer(2089858483,192608db42251d675da83286b1cce702)
Start importing Assets/Assets ; Expence/HDRPFurniturePack/Taper_Candle_Holders/Models using Guid(f3d412eb2b7f25d429001601daf13d87) Importer(2089858483,192608db42251d675da83286b1cce702) (ScriptedImporter) -> (artifact id: 'f573e1bad27126757c3c12de8d50b12c') in 0.0156252 seconds
Number of updated asset objects reloaded before import = 0Number of asset objects unloaded after import = 1

========================================================================
Received Import Request.
  Time since last request: 0.000034 seconds.
  path: Assets/Assets ; Expence/Phoenix3D/P3D_Wallpaper_Carpet_and_CurtainFabric_Materials_Pack/Textures/Skybox
  artifactKey: Guid(4f32bd075e14b4349909526358286237) Importer(2089858483,192608db42251d675da83286b1cce702)
Start importing Assets/Assets ; Expence/Phoenix3D/P3D_Wallpaper_Carpet_and_CurtainFabric_Materials_Pack/Textures/Skybox using Guid(4f32bd075e14b4349909526358286237) Importer(2089858483,192608db42251d675da83286b1cce702) (ScriptedImporter) -> (artifact id: 'aa7dd0bbd3d60eec6166cf6e0236177f') in 0.0145749 seconds
Number of updated asset objects reloaded before import = 0Number of asset objects unloaded after import = 1

========================================================================
Received Import Request.
  Time since last request: 0.000034 seconds.
  path: Assets/Assets ; Expence/HDRPFurniturePack/Rug_Woven_Wool_Natural
  artifactKey: Guid(7a08e0e26d85d89409408e7b91cba638) Importer(2089858483,192608db42251d675da83286b1cce702)
Start importing Assets/Assets ; Expence/HDRPFurniturePack/Rug_Woven_Wool_Natural using Guid(7a08e0e26d85d89409408e7b91cba638) Importer(2089858483,192608db42251d675da83286b1cce702) (ScriptedImporter) -> (artifact id: '7afcd92794595385488e0ab6db603833') in 0.0174092 seconds
Number of updated asset objects reloaded before import = 0Number of asset objects unloaded after import = 1

========================================================================
Received Import Request.
  Time since last request: 0.000034 seconds.
  path: Assets/Scenes/Materials/New Material 2.mat
  artifactKey: Guid(5153901d5d3a4c94eac9feb5877c0c7c) Importer(2089858483,192608db42251d675da83286b1cce702)
Start importing Assets/Scenes/Materials/New Material 2.mat using Guid(5153901d5d3a4c94eac9feb5877c0c7c) Importer(2089858483,192608db42251d675da83286b1cce702) (ScriptedImporter) -> (artifact id: '879920046876bdd6db4816d68ea95d29') in 0.0172805 seconds
Number of updated asset objects reloaded before import = 0Number of asset objects unloaded after import = 1

========================================================================
Received Import Request.
  Time since last request: 0.000025 seconds.
  path: Assets/Assets ; Expence/Phoenix3D/P3D_Wallpaper_Carpet_and_CurtainFabric_Materials_Pack/Textures
  artifactKey: Guid(8891cc2209e23bf418550aeeac4cf26c) Importer(2089858483,192608db42251d675da83286b1cce702)
Start importing Assets/Assets ; Expence/Phoenix3D/P3D_Wallpaper_Carpet_and_CurtainFabric_Materials_Pack/Textures using Guid(8891cc2209e23bf418550aeeac4cf26c) Importer(2089858483,192608db42251d675da83286b1cce702) (ScriptedImporter) -> (artifact id: '1ce2899779bd21fedf4d20d3a27bca56') in 0.0123509 seconds
Number of updated asset objects reloaded before import = 0Number of asset objects unloaded after import = 1

========================================================================
Received Import Request.
  Time since last request: 0.000028 seconds.
  path: Assets/Scenes/ZNS3D/Vintage Living Room Game Pack/Textures/Decors_1
  artifactKey: Guid(cb5256c140da2b24e980365938c30da7) Importer(2089858483,192608db42251d675da83286b1cce702)
Start importing Assets/Scenes/ZNS3D/Vintage Living Room Game Pack/Textures/Decors_1 using Guid(cb5256c140da2b24e980365938c30da7) Importer(2089858483,192608db42251d675da83286b1cce702) (ScriptedImporter) -> (artifact id: '62f6688db6deda99e35602e9341ad7ee') in 0.0131389 seconds
Number of updated asset objects reloaded before import = 0Number of asset objects unloaded after import = 1

========================================================================
Received Import Request.
  Time since last request: 0.000023 seconds.
  path: Assets/Assets ; Expence/Brick Project Studio/_BPS Basic Assets/_Prefabs
  artifactKey: Guid(1e9199c64cc88b84683c529b383da19c) Importer(2089858483,192608db42251d675da83286b1cce702)
Start importing Assets/Assets ; Expence/Brick Project Studio/_BPS Basic Assets/_Prefabs using Guid(1e9199c64cc88b84683c529b383da19c) Importer(2089858483,192608db42251d675da83286b1cce702) (ScriptedImporter) -> (artifact id: 'c2996d52d07fb6edf9c1a7db7c7b439b') in 0.0137507 seconds
Number of updated asset objects reloaded before import = 0Number of asset objects unloaded after import = 1

========================================================================
Received Import Request.
  Time since last request: 0.000042 seconds.
  path: Assets/Assets ; Expence/3Dfrk/Frames with pictures/Materials/Paint_11.mat
  artifactKey: Guid(6beeede1a278b6247b5cd49fc7f14427) Importer(2089858483,192608db42251d675da83286b1cce702)
Start importing Assets/Assets ; Expence/3Dfrk/Frames with pictures/Materials/Paint_11.mat using Guid(6beeede1a278b6247b5cd49fc7f14427) Importer(2089858483,192608db42251d675da83286b1cce702) (ScriptedImporter) -> (artifact id: '5989868064e65d7e53350211e2d13331') in 0.0384071 seconds
Number of updated asset objects reloaded before import = 0Number of asset objects unloaded after import = 2

========================================================================
Received Import Request.
  Time since last request: 0.000038 seconds.
  path: Assets/Scenes/ZNS3D/Vintage Living Room Game Pack/Hdri
  artifactKey: Guid(26ac938dcaaf1884c8847487bda8e869) Importer(2089858483,192608db42251d675da83286b1cce702)
Start importing Assets/Scenes/ZNS3D/Vintage Living Room Game Pack/Hdri using Guid(26ac938dcaaf1884c8847487bda8e869) Importer(2089858483,192608db42251d675da83286b1cce702) (ScriptedImporter) -> (artifact id: 'bc4a0d28da5fee014023c34c95c48cdf') in 0.0140494 seconds
Number of updated asset objects reloaded before import = 0Number of asset objects unloaded after import = 1

========================================================================
Received Import Request.
  Time since last request: 0.000027 seconds.
  path: Assets/UnityTechnologies/Basic Asset Pack Interior/Materials/WallPurple.mat
  artifactKey: Guid(991a2f3f1e99b1649b5c043cf6efe0d0) Importer(2089858483,192608db42251d675da83286b1cce702)
Start importing Assets/UnityTechnologies/Basic Asset Pack Interior/Materials/WallPurple.mat using Guid(991a2f3f1e99b1649b5c043cf6efe0d0) Importer(2089858483,192608db42251d675da83286b1cce702) (ScriptedImporter) -> (artifact id: '03a2dcf80ac4bcf3a08ec1538e43fcb3') in 0.0347297 seconds
Number of updated asset objects reloaded before import = 0Number of asset objects unloaded after import = 2

========================================================================
Received Import Request.
  Time since last request: 0.200119 seconds.
  path: Assets/Assets ; Expence/Brick Project Studio/_BPS Basic Assets/Common/Models
  artifactKey: Guid(0238337b50b4fb840b7948eada9f0c61) Importer(2089858483,192608db42251d675da83286b1cce702)
Start importing Assets/Assets ; Expence/Brick Project Studio/_BPS Basic Assets/Common/Models using Guid(0238337b50b4fb840b7948eada9f0c61) Importer(2089858483,192608db42251d675da83286b1cce702) (ScriptedImporter) -> (artifact id: '628c665be182d7e253fc76b51664fc69') in 0.0134154 seconds
Number of updated asset objects reloaded before import = 0Number of asset objects unloaded after import = 1

========================================================================
Received Import Request.
  Time since last request: 0.000025 seconds.
  path: Assets/Assets ; Expence/3Dfrk/Frames with pictures/Materials/Paint_8.mat
  artifactKey: Guid(c801c53cd37dd404498074a7a56b7420) Importer(2089858483,192608db42251d675da83286b1cce702)
Start importing Assets/Assets ; Expence/3Dfrk/Frames with pictures/Materials/Paint_8.mat using Guid(c801c53cd37dd404498074a7a56b7420) Importer(2089858483,192608db42251d675da83286b1cce702) (ScriptedImporter) -> (artifact id: 'd9677e551a158a67a83817c441bb227b') in 0.0349384 seconds
Number of updated asset objects reloaded before import = 0Number of asset objects unloaded after import = 2

========================================================================
Received Import Request.
  Time since last request: 0.000036 seconds.
  path: Assets/GVOZDY/Cardboard Boxes with Tape/Textures/T_box1_brown_MetallicSmoothness.png
  artifactKey: Guid(ccb564f580b730547bbd46ebdb39c1a4) Importer(2089858483,192608db42251d675da83286b1cce702)
Start importing Assets/GVOZDY/Cardboard Boxes with Tape/Textures/T_box1_brown_MetallicSmoothness.png using Guid(ccb564f580b730547bbd46ebdb39c1a4) Importer(2089858483,192608db42251d675da83286b1cce702) (ScriptedImporter) -> (artifact id: '5f508313a2be89548d70626b7870512b') in 0.1786627 seconds
Number of updated asset objects reloaded before import = 0Number of asset objects unloaded after import = 1

========================================================================
Received Import Request.
  Time since last request: 0.000034 seconds.
  path: Assets/Часы/8/RGB_32181cb74da9433b9293757cd6732653_Main_Body_Mat_Base_Color.png
  artifactKey: Guid(1131c24041194af4fa6ecbfec01d6d1e) Importer(2089858483,192608db42251d675da83286b1cce702)
Start importing Assets/Часы/8/RGB_32181cb74da9433b9293757cd6732653_Main_Body_Mat_Base_Color.png using Guid(1131c24041194af4fa6ecbfec01d6d1e) Importer(2089858483,192608db42251d675da83286b1cce702) (ScriptedImporter) -> (artifact id: '8dc4c6541acf438e0591c8a5d4832657') in 0.1070933 seconds
Number of updated asset objects reloaded before import = 0Number of asset objects unloaded after import = 1

========================================================================
Received Import Request.
  Time since last request: 0.000026 seconds.
  path: Assets/Assets ; Expence/asset_store/key_lock
  artifactKey: Guid(4587e4bab34c7414fa54af700019a3a9) Importer(2089858483,192608db42251d675da83286b1cce702)
Start importing Assets/Assets ; Expence/asset_store/key_lock using Guid(4587e4bab34c7414fa54af700019a3a9) Importer(2089858483,192608db42251d675da83286b1cce702) (ScriptedImporter) -> (artifact id: 'c02f16e1793b65312ef6da3b3d6146f3') in 0.0139964 seconds
Number of updated asset objects reloaded before import = 0Number of asset objects unloaded after import = 1

========================================================================
Received Import Request.
  Time since last request: 0.000023 seconds.
  path: Assets/Assets ; Expence/SourceFiles/Models
  artifactKey: Guid(f90d74d5e52112e45b6504a936849a07) Importer(2089858483,192608db42251d675da83286b1cce702)
Start importing Assets/Assets ; Expence/SourceFiles/Models using Guid(f90d74d5e52112e45b6504a936849a07) Importer(2089858483,192608db42251d675da83286b1cce702) (ScriptedImporter) -> (artifact id: 'c62c0a9ddf5deedd0ed8968a87174c38') in 0.0143514 seconds
Number of updated asset objects reloaded before import = 0Number of asset objects unloaded after import = 1

========================================================================
Received Import Request.
  Time since last request: 0.000026 seconds.
  path: Assets/Assets ; Expence/SourceFiles/StarterAssets
  artifactKey: Guid(e2dfd223b34ee8f4292e3698aec5aa70) Importer(2089858483,192608db42251d675da83286b1cce702)
Start importing Assets/Assets ; Expence/SourceFiles/StarterAssets using Guid(e2dfd223b34ee8f4292e3698aec5aa70) Importer(2089858483,192608db42251d675da83286b1cce702) (ScriptedImporter) -> (artifact id: '6a4df37d5ed18364a044af407fff718d') in 0.0139671 seconds
Number of updated asset objects reloaded before import = 0Number of asset objects unloaded after import = 1

========================================================================
Received Import Request.
  Time since last request: 0.000039 seconds.
  path: Assets/Assets ; Expence/Brick Project Studio/Apartment Kit/_Prefabs/Props/Lighting
  artifactKey: Guid(65b3809457a326b41afcda181e51678f) Importer(2089858483,192608db42251d675da83286b1cce702)
Start importing Assets/Assets ; Expence/Brick Project Studio/Apartment Kit/_Prefabs/Props/Lighting using Guid(65b3809457a326b41afcda181e51678f) Importer(2089858483,192608db42251d675da83286b1cce702) (ScriptedImporter) -> (artifact id: '5fa20351622d60c5135f8cc9e5ecd966') in 0.014575 seconds
Number of updated asset objects reloaded before import = 0Number of asset objects unloaded after import = 1

========================================================================
Received Import Request.
  Time since last request: 0.000023 seconds.
  path: Assets/Assets ; Expence/Brick Project Studio/Apartment Kit/_Prefabs/Furniture/Living Room
  artifactKey: Guid(53e140c5a0581424493108af1eb65836) Importer(2089858483,192608db42251d675da83286b1cce702)
Start importing Assets/Assets ; Expence/Brick Project Studio/Apartment Kit/_Prefabs/Furniture/Living Room using Guid(53e140c5a0581424493108af1eb65836) Importer(2089858483,192608db42251d675da83286b1cce702) (ScriptedImporter) -> (artifact id: '67b11d967a473a3366e60b34fd6004ac') in 0.0133407 seconds
Number of updated asset objects reloaded before import = 0Number of asset objects unloaded after import = 1

========================================================================
Received Import Request.
  Time since last request: 0.000024 seconds.
  path: Assets/UnityTechnologies/Basic Asset Pack Interior/Textures
  artifactKey: Guid(3d7b4331008677247b5e61eefeb554c7) Importer(2089858483,192608db42251d675da83286b1cce702)
Start importing Assets/UnityTechnologies/Basic Asset Pack Interior/Textures using Guid(3d7b4331008677247b5e61eefeb554c7) Importer(2089858483,192608db42251d675da83286b1cce702) (ScriptedImporter) -> (artifact id: 'deb0df02636537aeb650751de6aa8a66') in 0.0146209 seconds
Number of updated asset objects reloaded before import = 0Number of asset objects unloaded after import = 1

========================================================================
Received Import Request.
  Time since last request: 0.000028 seconds.
  path: Assets/Assets ; Expence/50 Fabric Materials_VOL01/Scenes
  artifactKey: Guid(a333848b9d804134b8d919a9238e0b36) Importer(2089858483,192608db42251d675da83286b1cce702)
Start importing Assets/Assets ; Expence/50 Fabric Materials_VOL01/Scenes using Guid(a333848b9d804134b8d919a9238e0b36) Importer(2089858483,192608db42251d675da83286b1cce702) (ScriptedImporter) -> (artifact id: '29c18437a0d0e6fdc00326823f4b3c7f') in 0.0150467 seconds
Number of updated asset objects reloaded before import = 0Number of asset objects unloaded after import = 1

========================================================================
Received Import Request.
  Time since last request: 0.000028 seconds.
  path: Assets/Assets ; Expence/Free Wood Door Pack
  artifactKey: Guid(60424ffe7d68fdc4a94a42ee94013f00) Importer(2089858483,192608db42251d675da83286b1cce702)
Start importing Assets/Assets ; Expence/Free Wood Door Pack using Guid(60424ffe7d68fdc4a94a42ee94013f00) Importer(2089858483,192608db42251d675da83286b1cce702) (ScriptedImporter) -> (artifact id: '36d21f1f7bbf2dfc5ffe62e5a612fa10') in 0.0138587 seconds
Number of updated asset objects reloaded before import = 0Number of asset objects unloaded after import = 1

========================================================================
Received Import Request.
  Time since last request: 0.000037 seconds.
  path: Assets/UnityTechnologies/Basic Asset Pack Interior/Prefabs/Walls/Wall3m.prefab
  artifactKey: Guid(6fe6a5df5ce28bc4fa5ad864a711723d) Importer(2089858483,192608db42251d675da83286b1cce702)
Start importing Assets/UnityTechnologies/Basic Asset Pack Interior/Prefabs/Walls/Wall3m.prefab using Guid(6fe6a5df5ce28bc4fa5ad864a711723d) Importer(2089858483,192608db42251d675da83286b1cce702) (ScriptedImporter) -> (artifact id: 'c43997a0bc5bc0e7c34e04ed5dbdfa7e') in 0.0443344 seconds
Number of updated asset objects reloaded before import = 0Number of asset objects unloaded after import = 14

========================================================================
Received Import Request.
  Time since last request: 0.000025 seconds.
  path: Assets/Часы/12/R_0d0eca0e93ff49fe891776d948cd9654_watchbraceletbox01_box_Mat_Glossiness.png
  artifactKey: Guid(a9ba99f685bc8e1488e30c8242a52819) Importer(2089858483,192608db42251d675da83286b1cce702)
Start importing Assets/Часы/12/R_0d0eca0e93ff49fe891776d948cd9654_watchbraceletbox01_box_Mat_Glossiness.png using Guid(a9ba99f685bc8e1488e30c8242a52819) Importer(2089858483,192608db42251d675da83286b1cce702) (ScriptedImporter) -> (artifact id: '91a6b6e3acaa63988097bf6a5f44bf5d') in 0.0398252 seconds
Number of updated asset objects reloaded before import = 0Number of asset objects unloaded after import = 1

========================================================================
Received Import Request.
  Time since last request: 0.000025 seconds.
  path: Assets/Assets ; Expence/Brick Project Studio/Apartment Kit/Common
  artifactKey: Guid(f258763b685e7924685dcc28219c17df) Importer(2089858483,192608db42251d675da83286b1cce702)
Start importing Assets/Assets ; Expence/Brick Project Studio/Apartment Kit/Common using Guid(f258763b685e7924685dcc28219c17df) Importer(2089858483,192608db42251d675da83286b1cce702) (ScriptedImporter) -> (artifact id: '8b92e67c060b16f8aa88b47d9ecb4f1f') in 0.0138051 seconds
Number of updated asset objects reloaded before import = 0Number of asset objects unloaded after import = 1

========================================================================
Received Import Request.
  Time since last request: 0.000033 seconds.
  path: Assets/InputSystem_Actions.inputactions
  artifactKey: Guid(052faaac586de48259a63d0c4782560b) Importer(2089858483,192608db42251d675da83286b1cce702)
Start importing Assets/InputSystem_Actions.inputactions using Guid(052faaac586de48259a63d0c4782560b) Importer(2089858483,192608db42251d675da83286b1cce702) (ScriptedImporter) -> (artifact id: '348728e2476a0526bc861c8ca5453904') in 0.3386468 seconds
Number of updated asset objects reloaded before import = 0Number of asset objects unloaded after import = 22

========================================================================
Received Import Request.
  Time since last request: 0.000046 seconds.
  path: Assets/Assets ; Expence/SpaceZeta_StreetLamps/Base Meshes
  artifactKey: Guid(f1885fbb07ae5b04a9f2fffba4d0daf9) Importer(2089858483,192608db42251d675da83286b1cce702)
Start importing Assets/Assets ; Expence/SpaceZeta_StreetLamps/Base Meshes using Guid(f1885fbb07ae5b04a9f2fffba4d0daf9) Importer(2089858483,192608db42251d675da83286b1cce702) (ScriptedImporter) -> (artifact id: '9ef1c71605e3fd5d793778341eddb70b') in 0.01053 seconds
Number of updated asset objects reloaded before import = 0Number of asset objects unloaded after import = 1

========================================================================
Received Import Request.
  Time since last request: 0.000030 seconds.
  path: Assets/Assets ; Expence
  artifactKey: Guid(4e4062a4716af9c4f828bfcd030b0b24) Importer(2089858483,192608db42251d675da83286b1cce702)
Start importing Assets/Assets ; Expence using Guid(4e4062a4716af9c4f828bfcd030b0b24) Importer(2089858483,192608db42251d675da83286b1cce702) (ScriptedImporter) -> (artifact id: 'a57e6d81949f39ca1cd340210eb90b5f') in 0.01498 seconds
Number of updated asset objects reloaded before import = 0Number of asset objects unloaded after import = 1

========================================================================
Received Import Request.
  Time since last request: 0.000024 seconds.
  path: Assets/Assets ; Expence/3Dfrk/Frames with pictures/Textures
  artifactKey: Guid(5efb0cc7165ad544cbe3f896c930d749) Importer(2089858483,192608db42251d675da83286b1cce702)
Start importing Assets/Assets ; Expence/3Dfrk/Frames with pictures/Textures using Guid(5efb0cc7165ad544cbe3f896c930d749) Importer(2089858483,192608db42251d675da83286b1cce702) (ScriptedImporter) -> (artifact id: '13aeb24463e878a0140720c1917a404f') in 0.0168452 seconds
Number of updated asset objects reloaded before import = 0Number of asset objects unloaded after import = 1

========================================================================
Received Import Request.
  Time since last request: 0.000033 seconds.
  path: Assets/Часы/0/How to Convert (Obj Fbx...).txt
  artifactKey: Guid(d3e0fe404f0fc6f40901f762e1b55eae) Importer(2089858483,192608db42251d675da83286b1cce702)
Start importing Assets/Часы/0/How to Convert (Obj Fbx...).txt using Guid(d3e0fe404f0fc6f40901f762e1b55eae) Importer(2089858483,192608db42251d675da83286b1cce702) (ScriptedImporter) -> (artifact id: '4f869279c1452968b4a5097d9f4eadbf') in 0.0490998 seconds
Number of updated asset objects reloaded before import = 0Number of asset objects unloaded after import = 1

========================================================================
Received Import Request.
  Time since last request: 0.000029 seconds.
  path: Assets/danthaigames/DS Furniture Pack 01/PSDs/Book
  artifactKey: Guid(f93b8ae1d77bacf4b8a9d7dc29066d06) Importer(2089858483,192608db42251d675da83286b1cce702)
Start importing Assets/danthaigames/DS Furniture Pack 01/PSDs/Book using Guid(f93b8ae1d77bacf4b8a9d7dc29066d06) Importer(2089858483,192608db42251d675da83286b1cce702) (ScriptedImporter) -> (artifact id: '5b2fae84ac027866e56d0d946875bc92') in 0.0151449 seconds
Number of updated asset objects reloaded before import = 0Number of asset objects unloaded after import = 1

========================================================================
Received Import Request.
  Time since last request: 0.000034 seconds.
  path: Assets/Pictures
  artifactKey: Guid(9bf6500a0d904054ab7e38ee81a7d18d) Importer(2089858483,192608db42251d675da83286b1cce702)
Start importing Assets/Pictures using Guid(9bf6500a0d904054ab7e38ee81a7d18d) Importer(2089858483,192608db42251d675da83286b1cce702) (ScriptedImporter) -> (artifact id: '8ad3308ca34d2ede8f1f97e0a064df41') in 0.0136495 seconds
Number of updated asset objects reloaded before import = 0Number of asset objects unloaded after import = 1

========================================================================
Received Import Request.
  Time since last request: 0.000026 seconds.
  path: Assets/UnityTechnologies/Basic Asset Pack Interior/Prefabs/Lights/LightCeliingDome.prefab
  artifactKey: Guid(aca4f0effb3f3614eb4ad28467e7e424) Importer(2089858483,192608db42251d675da83286b1cce702)
Start importing Assets/UnityTechnologies/Basic Asset Pack Interior/Prefabs/Lights/LightCeliingDome.prefab using Guid(aca4f0effb3f3614eb4ad28467e7e424) Importer(2089858483,192608db42251d675da83286b1cce702) (ScriptedImporter) -> (artifact id: '35b098f77965bbe9b4adf6fd56f00289') in 0.0731286 seconds
Number of updated asset objects reloaded before import = 0Number of asset objects unloaded after import = 19

========================================================================
Received Import Request.
  Time since last request: 0.000024 seconds.
  path: Assets/Assets ; Expence/3Dfrk/Frames with pictures/Materials/Paint_5.mat
  artifactKey: Guid(f86970353cb96a843b0d0a20bb53adbd) Importer(2089858483,192608db42251d675da83286b1cce702)
Start importing Assets/Assets ; Expence/3Dfrk/Frames with pictures/Materials/Paint_5.mat using Guid(f86970353cb96a843b0d0a20bb53adbd) Importer(2089858483,192608db42251d675da83286b1cce702) (ScriptedImporter) -> (artifact id: '06d65420f1b48abb98d81b871590fa36') in 0.0474724 seconds
Number of updated asset objects reloaded before import = 0Number of asset objects unloaded after import = 2

========================================================================
Received Import Request.
  Time since last request: 0.000025 seconds.
  path: Assets/UnityTechnologies/Basic Asset Pack Interior/Materials/WoodPlanksBrown.mat
  artifactKey: Guid(d5099de0a4714c64ca1a0e843c638fc1) Importer(2089858483,192608db42251d675da83286b1cce702)
Start importing Assets/UnityTechnologies/Basic Asset Pack Interior/Materials/WoodPlanksBrown.mat using Guid(d5099de0a4714c64ca1a0e843c638fc1) Importer(2089858483,192608db42251d675da83286b1cce702) (ScriptedImporter) -> (artifact id: '60b80cf6d9b31224a8c96808a57b0e32') in 0.0229075 seconds
Number of updated asset objects reloaded before import = 0Number of asset objects unloaded after import = 3

========================================================================
Received Import Request.
  Time since last request: 0.000036 seconds.
  path: Assets/Assets ; Expence/HDRPFurniturePack/Coffee_Table_Books
  artifactKey: Guid(76472a6e2ee629640911b225f2c88fc5) Importer(2089858483,192608db42251d675da83286b1cce702)
Start importing Assets/Assets ; Expence/HDRPFurniturePack/Coffee_Table_Books using Guid(76472a6e2ee629640911b225f2c88fc5) Importer(2089858483,192608db42251d675da83286b1cce702) (ScriptedImporter) -> (artifact id: '53d824ab0cb61042b0176a761ad1838d') in 0.0148065 seconds
Number of updated asset objects reloaded before import = 0Number of asset objects unloaded after import = 1

========================================================================
Received Import Request.
  Time since last request: 0.000031 seconds.
  path: Assets/Часы/13/R_030ca44b79204a0e8f1494c60f0dc48e_Watch_Roughness_02.png
  artifactKey: Guid(271114a32c55dbf4cac6c89add0fb339) Importer(2089858483,192608db42251d675da83286b1cce702)
Start importing Assets/Часы/13/R_030ca44b79204a0e8f1494c60f0dc48e_Watch_Roughness_02.png using Guid(271114a32c55dbf4cac6c89add0fb339) Importer(2089858483,192608db42251d675da83286b1cce702) (ScriptedImporter) -> (artifact id: '691fb58ca02501fa85e50131d3ec9b42') in 0.0781499 seconds
Number of updated asset objects reloaded before import = 0Number of asset objects unloaded after import = 1

========================================================================
Received Import Request.
  Time since last request: 0.000032 seconds.
  path: Assets/Часы/17/textures/metallic.jpg
  artifactKey: Guid(920b864006c9f4b47808d83a62f0e736) Importer(2089858483,192608db42251d675da83286b1cce702)
Start importing Assets/Часы/17/textures/metallic.jpg using Guid(920b864006c9f4b47808d83a62f0e736) Importer(2089858483,192608db42251d675da83286b1cce702) (ScriptedImporter) -> (artifact id: '831c87319b29a89cef6a4836aaa0705f') in 0.0911043 seconds
Number of updated asset objects reloaded before import = 0Number of asset objects unloaded after import = 1

========================================================================
Received Import Request.
  Time since last request: 0.000027 seconds.
  path: Assets/Часы/15/RGB_f86404e535e44ffa997c70d5726b6559_wall_clock_steampunk_1001_BaseColor.png
  artifactKey: Guid(29921377ff0b10e4ca602f50f3b198ac) Importer(2089858483,192608db42251d675da83286b1cce702)
Start importing Assets/Часы/15/RGB_f86404e535e44ffa997c70d5726b6559_wall_clock_steampunk_1001_BaseColor.png using Guid(29921377ff0b10e4ca602f50f3b198ac) Importer(2089858483,192608db42251d675da83286b1cce702) (ScriptedImporter) -> (artifact id: 'db4cd03e56dc79d1938b20918bc07f1d') in 0.0428517 seconds
Number of updated asset objects reloaded before import = 0Number of asset objects unloaded after import = 1

========================================================================
Received Import Request.
  Time since last request: 0.000032 seconds.
  path: Assets/Часы/0/R_b8e575adff774aeb8df8057bdef3d5f4_TEX_SFT_FancyCoffeeTable_Glass_roughness.png
  artifactKey: Guid(bd8a12ccbdef2d943b9564291a4320a4) Importer(2089858483,192608db42251d675da83286b1cce702)
Start importing Assets/Часы/0/R_b8e575adff774aeb8df8057bdef3d5f4_TEX_SFT_FancyCoffeeTable_Glass_roughness.png using Guid(bd8a12ccbdef2d943b9564291a4320a4) Importer(2089858483,192608db42251d675da83286b1cce702) (ScriptedImporter) -> (artifact id: '566f6994162cfec661ee619d189a3c2c') in 0.036733 seconds
Number of updated asset objects reloaded before import = 0Number of asset objects unloaded after import = 1

========================================================================
Received Import Request.
  Time since last request: 0.000023 seconds.
  path: Assets/Часы/9/Materials/thumbnail.mat
  artifactKey: Guid(517450dfc332b1e42b7d4900bdfd3ee1) Importer(2089858483,192608db42251d675da83286b1cce702)
Start importing Assets/Часы/9/Materials/thumbnail.mat using Guid(517450dfc332b1e42b7d4900bdfd3ee1) Importer(2089858483,192608db42251d675da83286b1cce702) (ScriptedImporter) -> (artifact id: '2ff1f9eb2d480dc887e85b496d52e21b') in 0.043451 seconds
Number of updated asset objects reloaded before import = 0Number of asset objects unloaded after import = 2

========================================================================
Received Import Request.
  Time since last request: 0.000024 seconds.
  path: Assets/Часы/18/textures/Clockface_Roughness.png
  artifactKey: Guid(7a20a377a5fc9f04f894cadd53826581) Importer(2089858483,192608db42251d675da83286b1cce702)
Start importing Assets/Часы/18/textures/Clockface_Roughness.png using Guid(7a20a377a5fc9f04f894cadd53826581) Importer(2089858483,192608db42251d675da83286b1cce702) (ScriptedImporter) -> (artifact id: '0adfa19f082c28b87423f1b3206d1e46') in 0.0358099 seconds
Number of updated asset objects reloaded before import = 0Number of asset objects unloaded after import = 1

========================================================================
Received Import Request.
  Time since last request: 0.000026 seconds.
  path: Assets/MC old wood free sample/texture/wood 0911-01A_DISP.png
  artifactKey: Guid(f14e97a6c7205914686ee110c2421acb) Importer(2089858483,192608db42251d675da83286b1cce702)
Start importing Assets/MC old wood free sample/texture/wood 0911-01A_DISP.png using Guid(f14e97a6c7205914686ee110c2421acb) Importer(2089858483,192608db42251d675da83286b1cce702) (ScriptedImporter) -> (artifact id: '11b80488aa1b737f78759a0a68bcb8bd') in 0.036212 seconds
Number of updated asset objects reloaded before import = 0Number of asset objects unloaded after import = 1

========================================================================
Received Import Request.
  Time since last request: 0.000087 seconds.
  path: Assets/Plates/RGB_4e9012a88f7645d4a940ca68f731a404_Plate2Albedo.png
  artifactKey: Guid(4d7ab391b66de56498aa1ed8eb4caca6) Importer(2089858483,192608db42251d675da83286b1cce702)
Start importing Assets/Plates/RGB_4e9012a88f7645d4a940ca68f731a404_Plate2Albedo.png using Guid(4d7ab391b66de56498aa1ed8eb4caca6) Importer(2089858483,192608db42251d675da83286b1cce702) (ScriptedImporter) -> (artifact id: 'ee1c8c21724cf8b8e7c5e60e13831833') in 0.0444139 seconds
Number of updated asset objects reloaded before import = 0Number of asset objects unloaded after import = 1

========================================================================
Received Import Request.
  Time since last request: 0.000025 seconds.
  path: Assets/Часы/18/Materials/MoonDial_BaseColor.mat
  artifactKey: Guid(8768e1654c4723c4b800bda105705cdd) Importer(2089858483,192608db42251d675da83286b1cce702)
Start importing Assets/Часы/18/Materials/MoonDial_BaseColor.mat using Guid(8768e1654c4723c4b800bda105705cdd) Importer(2089858483,192608db42251d675da83286b1cce702) (ScriptedImporter) -> (artifact id: '7242f6aa4a1fea72e9d1a01281b5aac5') in 0.0192507 seconds
Number of updated asset objects reloaded before import = 0Number of asset objects unloaded after import = 2

========================================================================
Received Import Request.
  Time since last request: 0.000038 seconds.
  path: Assets/Plates/RGB_f9b5f42a3bf9470895f2d2d19cc7eac5_Plate1Albedo.png
  artifactKey: Guid(5d2c4e9727f6cd54aa789313dac06ac8) Importer(2089858483,192608db42251d675da83286b1cce702)
Start importing Assets/Plates/RGB_f9b5f42a3bf9470895f2d2d19cc7eac5_Plate1Albedo.png using Guid(5d2c4e9727f6cd54aa789313dac06ac8) Importer(2089858483,192608db42251d675da83286b1cce702) (ScriptedImporter) -> (artifact id: '748c3ae207b4512b3bdd73f2f1f86987') in 0.0422526 seconds
Number of updated asset objects reloaded before import = 0Number of asset objects unloaded after import = 1

========================================================================
Received Import Request.
  Time since last request: 0.000026 seconds.
  path: Assets/Часы/10/Materials/RGB_35574d9713ab4f96b2dd6f398760e5a1_cuckoo_clock_albedo.mat
  artifactKey: Guid(e1c4b74b4e7f9ce4dbc824361b2b2073) Importer(2089858483,192608db42251d675da83286b1cce702)
Start importing Assets/Часы/10/Materials/RGB_35574d9713ab4f96b2dd6f398760e5a1_cuckoo_clock_albedo.mat using Guid(e1c4b74b4e7f9ce4dbc824361b2b2073) Importer(2089858483,192608db42251d675da83286b1cce702) (ScriptedImporter) -> (artifact id: 'c067269ad4a78f7c0ca084b1f84c80da') in 0.0543145 seconds
Number of updated asset objects reloaded before import = 0Number of asset objects unloaded after import = 2

========================================================================
Received Import Request.
  Time since last request: 0.000043 seconds.
  path: Assets/Часы/4/thumbnail.jpg
  artifactKey: Guid(f88e1880300917743941a0c4ebb96215) Importer(2089858483,192608db42251d675da83286b1cce702)
Start importing Assets/Часы/4/thumbnail.jpg using Guid(f88e1880300917743941a0c4ebb96215) Importer(2089858483,192608db42251d675da83286b1cce702) (ScriptedImporter) -> (artifact id: '60ff55de00143b58b99c0324442a2c7e') in 0.0314514 seconds
Number of updated asset objects reloaded before import = 0Number of asset objects unloaded after import = 1

========================================================================
Received Import Request.
  Time since last request: 0.000032 seconds.
  path: Assets/Часы/8/R_165a8dd7fd5449b7b0bfe3ab97e89026_Keys_and_Presses_Mat_Mixed_AO.png
  artifactKey: Guid(056869e75d961cb48b818a43066da1fb) Importer(2089858483,192608db42251d675da83286b1cce702)
Start importing Assets/Часы/8/R_165a8dd7fd5449b7b0bfe3ab97e89026_Keys_and_Presses_Mat_Mixed_AO.png using Guid(056869e75d961cb48b818a43066da1fb) Importer(2089858483,192608db42251d675da83286b1cce702) (ScriptedImporter) -> (artifact id: '019526b209562a6ceb894bd8d21d1f61') in 0.0783017 seconds
Number of updated asset objects reloaded before import = 0Number of asset objects unloaded after import = 1

========================================================================
Received Import Request.
  Time since last request: 0.000030 seconds.
  path: Assets/Часы/8/R_aaf42fe39c454d8c99f518f1c502267e_Ink_Mat_Mixed_AO.png
  artifactKey: Guid(8b3f3b61ba554364fa18551d5a8aa87b) Importer(2089858483,192608db42251d675da83286b1cce702)
Start importing Assets/Часы/8/R_aaf42fe39c454d8c99f518f1c502267e_Ink_Mat_Mixed_AO.png using Guid(8b3f3b61ba554364fa18551d5a8aa87b) Importer(2089858483,192608db42251d675da83286b1cce702) (ScriptedImporter) -> (artifact id: 'd05c60291ae0785846fac83ea809a2bd') in 0.0386144 seconds
Number of updated asset objects reloaded before import = 0Number of asset objects unloaded after import = 1

========================================================================
Received Import Request.
  Time since last request: 0.000032 seconds.
  path: Assets/Часы/17/source/vintage_grandfather_clock.mtl
  artifactKey: Guid(6eb0e0beaf9a0f74a842a94a91e200e5) Importer(2089858483,192608db42251d675da83286b1cce702)
Start importing Assets/Часы/17/source/vintage_grandfather_clock.mtl using Guid(6eb0e0beaf9a0f74a842a94a91e200e5) Importer(2089858483,192608db42251d675da83286b1cce702) (ScriptedImporter) -> (artifact id: 'f6e06792a4476e961688b6fed42c35bc') in 0.0181709 seconds
Number of updated asset objects reloaded before import = 0Number of asset objects unloaded after import = 1

========================================================================
Received Import Request.
  Time since last request: 0.000044 seconds.
  path: Assets/GVOZDY/Cardboard Boxes with Tape/Textures/T_box1_brown_AlbedoTransparency.png
  artifactKey: Guid(bc798356951d0e341b4e7fb16138d15a) Importer(2089858483,192608db42251d675da83286b1cce702)
Start importing Assets/GVOZDY/Cardboard Boxes with Tape/Textures/T_box1_brown_AlbedoTransparency.png using Guid(bc798356951d0e341b4e7fb16138d15a) Importer(2089858483,192608db42251d675da83286b1cce702) (ScriptedImporter) -> (artifact id: 'a280a0b3dfae32434181d46caed98132') in 0.1066092 seconds
Number of updated asset objects reloaded before import = 0Number of asset objects unloaded after import = 1

========================================================================
Received Import Request.
  Time since last request: 0.000025 seconds.
  path: Assets/Часы/17/textures/ao.jpg
  artifactKey: Guid(543793de05f48344084be82e9746c102) Importer(2089858483,192608db42251d675da83286b1cce702)
Start importing Assets/Часы/17/textures/ao.jpg using Guid(543793de05f48344084be82e9746c102) Importer(2089858483,192608db42251d675da83286b1cce702) (ScriptedImporter) -> (artifact id: '710c5abbd4aeffbb6f8f48fc61a347e9') in 0.0705888 seconds
Number of updated asset objects reloaded before import = 0Number of asset objects unloaded after import = 1

========================================================================
Received Import Request.
  Time since last request: 0.000025 seconds.
  path: Assets/GVOZDY/Cardboard Boxes with Tape/Materials/M_box_2_browntape.mat
  artifactKey: Guid(35706db2ad9fcdb4d903724afd8e7fbf) Importer(2089858483,192608db42251d675da83286b1cce702)
Start importing Assets/GVOZDY/Cardboard Boxes with Tape/Materials/M_box_2_browntape.mat using Guid(35706db2ad9fcdb4d903724afd8e7fbf) Importer(2089858483,192608db42251d675da83286b1cce702) (ScriptedImporter) -> (artifact id: 'fa55561c0e163bace2d5f1c0ed3f4632') in 0.205169 seconds
Number of updated asset objects reloaded before import = 0Number of asset objects unloaded after import = 5

========================================================================
Received Import Request.
  Time since last request: 0.000037 seconds.
  path: Assets/Phoenix3D/P3D_Wallpaper_Carpet_and_CurtainFabric_Materials_Pack/Scenes/P3D_Wallpaper_Carpet_and_CurtainFabric_Materials_Pack.unity
  artifactKey: Guid(44257a0ea36d65c4786ce905a22b3212) Importer(2089858483,192608db42251d675da83286b1cce702)
Start importing Assets/Phoenix3D/P3D_Wallpaper_Carpet_and_CurtainFabric_Materials_Pack/Scenes/P3D_Wallpaper_Carpet_and_CurtainFabric_Materials_Pack.unity using Guid(44257a0ea36d65c4786ce905a22b3212) Importer(2089858483,192608db42251d675da83286b1cce702) (ScriptedImporter) -> (artifact id: 'edcc2287c018e2df62de8d1195bab38e') in 0.0655146 seconds
Number of updated asset objects reloaded before import = 0Number of asset objects unloaded after import = 1

========================================================================
Received Import Request.
  Time since last request: 0.000025 seconds.
  path: Assets/Часы/2/RGB_471aefb5f77043778140a46b272e5eaf_jewelrystands_leather_Mat_Specular.png
  artifactKey: Guid(b1508768eddbe3a4fbed09ed4b39a52e) Importer(2089858483,192608db42251d675da83286b1cce702)
Start importing Assets/Часы/2/RGB_471aefb5f77043778140a46b272e5eaf_jewelrystands_leather_Mat_Specular.png using Guid(b1508768eddbe3a4fbed09ed4b39a52e) Importer(2089858483,192608db42251d675da83286b1cce702) (ScriptedImporter) -> (artifact id: 'e1d835999c2252f2d77e121799651e70') in 0.0902798 seconds
Number of updated asset objects reloaded before import = 0Number of asset objects unloaded after import = 1

========================================================================
Received Import Request.
  Time since last request: 0.000029 seconds.
  path: Assets/Часы/2/R_6c77dc64b5f14608a61846edf2e4a3b5_jewelrystands_leather_Mat_Glossiness.png
  artifactKey: Guid(9a28b72d60182b34ab3b7062b2c98822) Importer(2089858483,192608db42251d675da83286b1cce702)
Start importing Assets/Часы/2/R_6c77dc64b5f14608a61846edf2e4a3b5_jewelrystands_leather_Mat_Glossiness.png using Guid(9a28b72d60182b34ab3b7062b2c98822) Importer(2089858483,192608db42251d675da83286b1cce702) (ScriptedImporter) -> (artifact id: 'ca0de6f0af8e5f991114c430fc2bd90b') in 0.0369556 seconds
Number of updated asset objects reloaded before import = 0Number of asset objects unloaded after import = 1

========================================================================
Received Import Request.
  Time since last request: 0.000039 seconds.
  path: Assets/Часы/10/model.mtl
  artifactKey: Guid(ae5dffe026a282f438c9cd45fa46f5ec) Importer(2089858483,192608db42251d675da83286b1cce702)
Start importing Assets/Часы/10/model.mtl using Guid(ae5dffe026a282f438c9cd45fa46f5ec) Importer(2089858483,192608db42251d675da83286b1cce702) (ScriptedImporter) -> (artifact id: 'f1f673a12692e3176d83572f2990122e') in 0.0155592 seconds
Number of updated asset objects reloaded before import = 0Number of asset objects unloaded after import = 1

========================================================================
Received Import Request.
  Time since last request: 0.000029 seconds.
  path: Assets/Tree_Packs/URP_Tree_Pack/Textures/Leaf/Materials/URP_3_Leaf 4.mat
  artifactKey: Guid(7ff484f6cabcbff41ac27fd51d4d6247) Importer(2089858483,192608db42251d675da83286b1cce702)
Start importing Assets/Tree_Packs/URP_Tree_Pack/Textures/Leaf/Materials/URP_3_Leaf 4.mat using Guid(7ff484f6cabcbff41ac27fd51d4d6247) Importer(2089858483,192608db42251d675da83286b1cce702) (ScriptedImporter)Error assigning 3D texture to 2D texture property '_MainTex': Dimensions must match
UnityEngine.Debug:ExtractStackTraceNoAlloc (byte*,int,string)
UnityEngine.StackTraceUtility:ExtractStackTrace ()
UnityEditor.ShaderUtil:GetMaterialProperties (UnityEngine.Object[])
UnityEditor.MaterialEditor:GetMaterialProperties (UnityEngine.Object[])
UnityEditor.Search.IndexerExtensions:MaterialShaderReferences (UnityEditor.Search.CustomObjectIndexerTarget,UnityEditor.Search.ObjectIndexer)
UnityEditor.Search.ObjectIndexer:CallCustomIndexers (string,int,UnityEngine.Object,UnityEditor.SerializedObject,bool)
UnityEditor.Search.ObjectIndexer:IndexCustomProperties (string,int,UnityEngine.Object)
UnityEditor.Search.AssetIndexer:IndexProperties (int&,string&,bool&)
UnityEditor.Search.AssetIndexer:IndexDocument (string,bool)
UnityEditor.Search.SearchIndexEntryImporter:OnImportAsset (UnityEditor.AssetImporters.AssetImportContext)
UnityEditor.AssetImporters.ScriptedImporter:GenerateAssetData (UnityEditor.AssetImporters.AssetImportContext)

[C:\build\output\unity\unity\Runtime\Shaders\ShaderImpl\ShaderTextureProperty.h line 41]

 -> (artifact id: 'bd6e40df33191388a977d483dac7cba4') in 0.1002691 seconds
Number of updated asset objects reloaded before import = 0Number of asset objects unloaded after import = 2

========================================================================
Received Import Request.
  Time since last request: 0.000025 seconds.
  path: Assets/Часы/15/thumbnail.jpg
  artifactKey: Guid(65497299890e94e4b9643118d2856d15) Importer(2089858483,192608db42251d675da83286b1cce702)
Start importing Assets/Часы/15/thumbnail.jpg using Guid(65497299890e94e4b9643118d2856d15) Importer(2089858483,192608db42251d675da83286b1cce702) (ScriptedImporter) -> (artifact id: '9c5db2ba6230ef5db053af2b9402d38c') in 0.1432859 seconds
Number of updated asset objects reloaded before import = 0Number of asset objects unloaded after import = 1

========================================================================
Received Import Request.
  Time since last request: 0.000025 seconds.
  path: Assets/Часы/8/R_374e00420c484cf2a91436bd3df192fd_Keys_and_Presses_Mat_Roughness.png
  artifactKey: Guid(7fa7323aa0aeaed4883e1bc0a55623ce) Importer(2089858483,192608db42251d675da83286b1cce702)
Start importing Assets/Часы/8/R_374e00420c484cf2a91436bd3df192fd_Keys_and_Presses_Mat_Roughness.png using Guid(7fa7323aa0aeaed4883e1bc0a55623ce) Importer(2089858483,192608db42251d675da83286b1cce702) (ScriptedImporter) -> (artifact id: '4148d52c00c0f87636783b4525c7dcd7') in 0.0360475 seconds
Number of updated asset objects reloaded before import = 0Number of asset objects unloaded after import = 1

========================================================================
Received Import Request.
  Time since last request: 0.000046 seconds.
  path: Assets/Tree_Packs/URP_Tree_Pack/Textures/Leaf/Materials/URP_3_Leaf.mat
  artifactKey: Guid(29b2f89e1f04dde4596681d85553c68e) Importer(2089858483,192608db42251d675da83286b1cce702)
Start importing Assets/Tree_Packs/URP_Tree_Pack/Textures/Leaf/Materials/URP_3_Leaf.mat using Guid(29b2f89e1f04dde4596681d85553c68e) Importer(2089858483,192608db42251d675da83286b1cce702) (ScriptedImporter) -> (artifact id: 'ac2adabf9b164822cbab35425737d099') in 0.0178549 seconds
Number of updated asset objects reloaded before import = 0Number of asset objects unloaded after import = 1

========================================================================
Received Import Request.
  Time since last request: 0.000024 seconds.
  path: Assets/HDRP_Oak_Tree/Offer/Ads/ad2.psd
  artifactKey: Guid(f34ecf744dd31e14c9ab85a12bdf94d8) Importer(2089858483,192608db42251d675da83286b1cce702)
Start importing Assets/HDRP_Oak_Tree/Offer/Ads/ad2.psd using Guid(f34ecf744dd31e14c9ab85a12bdf94d8) Importer(2089858483,192608db42251d675da83286b1cce702) (ScriptedImporter) -> (artifact id: '4711ef3696edcc6fd8bb4ca705ae7303') in 0.0819859 seconds
Number of updated asset objects reloaded before import = 0Number of asset objects unloaded after import = 1

========================================================================
Received Import Request.
  Time since last request: 0.000025 seconds.
  path: Assets/GVOZDY/Cardboard Boxes with Tape/Textures/T_box2_brown_Normal.png
  artifactKey: Guid(20e34933207dd3c42a83d69e0025de6c) Importer(2089858483,192608db42251d675da83286b1cce702)
Start importing Assets/GVOZDY/Cardboard Boxes with Tape/Textures/T_box2_brown_Normal.png using Guid(20e34933207dd3c42a83d69e0025de6c) Importer(2089858483,192608db42251d675da83286b1cce702) (ScriptedImporter) -> (artifact id: 'c8963feda7b20aadf3e7826a6436dcb2') in 0.0325245 seconds
Number of updated asset objects reloaded before import = 0Number of asset objects unloaded after import = 1

========================================================================
Received Import Request.
  Time since last request: 0.000026 seconds.
  path: Assets/Plates/R_2fb8ee9227be4f6280a4a0d03fae0cf8_Plate2AO.png
  artifactKey: Guid(eaa85e030ef379d41b4da9bbcd44d725) Importer(2089858483,192608db42251d675da83286b1cce702)
Start importing Assets/Plates/R_2fb8ee9227be4f6280a4a0d03fae0cf8_Plate2AO.png using Guid(eaa85e030ef379d41b4da9bbcd44d725) Importer(2089858483,192608db42251d675da83286b1cce702) (ScriptedImporter) -> (artifact id: 'b1285f3faa9082a464df8495b03978bb') in 0.0360559 seconds
Number of updated asset objects reloaded before import = 0Number of asset objects unloaded after import = 1

========================================================================
Received Import Request.
  Time since last request: 0.000094 seconds.
  path: Assets/MC old wood free sample/model/MC old wod free sample scene exp1.FBX
  artifactKey: Guid(a44d4cc0a6356a74591b30417d082db9) Importer(2089858483,192608db42251d675da83286b1cce702)
Start importing Assets/MC old wood free sample/model/MC old wod free sample scene exp1.FBX using Guid(a44d4cc0a6356a74591b30417d082db9) Importer(2089858483,192608db42251d675da83286b1cce702) (ScriptedImporter) -> (artifact id: '50465587f670410049e0517517b4d2dc') in 0.0530231 seconds
Number of updated asset objects reloaded before import = 0Number of asset objects unloaded after import = 90

========================================================================
Received Import Request.
  Time since last request: 0.000036 seconds.
  path: Assets/Часы/2/A_7665810631774a8a9dc2e1169fd4b614_jewelrystands_glass_Mat_Refraction.png
  artifactKey: Guid(e8fee984c8ac7e54cb31c28606ab31a9) Importer(2089858483,192608db42251d675da83286b1cce702)
Start importing Assets/Часы/2/A_7665810631774a8a9dc2e1169fd4b614_jewelrystands_glass_Mat_Refraction.png using Guid(e8fee984c8ac7e54cb31c28606ab31a9) Importer(2089858483,192608db42251d675da83286b1cce702) (ScriptedImporter) -> (artifact id: '6f6594809ba0a8deea8963b61b6cd3fe') in 0.0695015 seconds
Number of updated asset objects reloaded before import = 0Number of asset objects unloaded after import = 1

========================================================================
Received Import Request.
  Time since last request: 0.000029 seconds.
  path: Assets/GVOZDY/Cardboard Boxes with Tape/Textures/T_box2_grey_AlbedoTransparency.png
  artifactKey: Guid(4977ed66b0543444e8d138295cd47b93) Importer(2089858483,192608db42251d675da83286b1cce702)
Start importing Assets/GVOZDY/Cardboard Boxes with Tape/Textures/T_box2_grey_AlbedoTransparency.png using Guid(4977ed66b0543444e8d138295cd47b93) Importer(2089858483,192608db42251d675da83286b1cce702) (ScriptedImporter) -> (artifact id: 'e77780250b823dc3c547e051b1085e5a') in 0.0350472 seconds
Number of updated asset objects reloaded before import = 0Number of asset objects unloaded after import = 1

========================================================================
Received Import Request.
  Time since last request: 0.000033 seconds.
  path: Assets/Часы/8/N_56fd529939d346c38653b18a2f426a2a_Top_Typewriter_Mat_Normal_DirectX.png
  artifactKey: Guid(8173932b95a8654458b39955d687b460) Importer(2089858483,192608db42251d675da83286b1cce702)
Start importing Assets/Часы/8/N_56fd529939d346c38653b18a2f426a2a_Top_Typewriter_Mat_Normal_DirectX.png using Guid(8173932b95a8654458b39955d687b460) Importer(2089858483,192608db42251d675da83286b1cce702) (ScriptedImporter) -> (artifact id: '996c05b13112bbe679bcf57f01b6de55') in 0.0748748 seconds
Number of updated asset objects reloaded before import = 0Number of asset objects unloaded after import = 1

========================================================================
Received Import Request.
  Time since last request: 0.000034 seconds.
  path: Assets/Часы/8/RGB_f5b9ef99f5a046a2aae62e596f50eeb0_Keys_and_Presses_Mat_Base_Color.png
  artifactKey: Guid(d6735dfb36d239247ab3db88440931e2) Importer(2089858483,192608db42251d675da83286b1cce702)
Start importing Assets/Часы/8/RGB_f5b9ef99f5a046a2aae62e596f50eeb0_Keys_and_Presses_Mat_Base_Color.png using Guid(d6735dfb36d239247ab3db88440931e2) Importer(2089858483,192608db42251d675da83286b1cce702) (ScriptedImporter) -> (artifact id: '07f276b5266b595e07813432420cb1a3') in 0.0723892 seconds
Number of updated asset objects reloaded before import = 0Number of asset objects unloaded after import = 1

========================================================================
Received Import Request.
  Time since last request: 0.000028 seconds.
  path: Assets/JJ_InteriorDoorPack_V1/Scenes/jj_InteriorDoorPack_v1_scene/LightingData.asset
  artifactKey: Guid(3381d4137989c3947bf53b4d0dbd5bb3) Importer(2089858483,192608db42251d675da83286b1cce702)
Start importing Assets/JJ_InteriorDoorPack_V1/Scenes/jj_InteriorDoorPack_v1_scene/LightingData.asset using Guid(3381d4137989c3947bf53b4d0dbd5bb3) Importer(2089858483,192608db42251d675da83286b1cce702) (ScriptedImporter) -> (artifact id: '3c5a149943891068659876514826430c') in 0.0349874 seconds
Number of updated asset objects reloaded before import = 0Number of asset objects unloaded after import = 2

========================================================================
Received Import Request.
  Time since last request: 0.000031 seconds.
  path: Assets/Plates/R_d3b647d34b014bff8c87256d9e42779a_Plate1AO.png
  artifactKey: Guid(8685c4d8b3cc9c54597d8159a4651bb5) Importer(2089858483,192608db42251d675da83286b1cce702)
Start importing Assets/Plates/R_d3b647d34b014bff8c87256d9e42779a_Plate1AO.png using Guid(8685c4d8b3cc9c54597d8159a4651bb5) Importer(2089858483,192608db42251d675da83286b1cce702) (ScriptedImporter) -> (artifact id: '69dec1c99bb978d05daee6b6f0ede774') in 0.0495144 seconds
Number of updated asset objects reloaded before import = 0Number of asset objects unloaded after import = 1

========================================================================
Received Import Request.
  Time since last request: 0.000027 seconds.
  path: Assets/Часы/8/model.mtl
  artifactKey: Guid(774644f249b34214f8a37fc16f246d1d) Importer(2089858483,192608db42251d675da83286b1cce702)
Start importing Assets/Часы/8/model.mtl using Guid(774644f249b34214f8a37fc16f246d1d) Importer(2089858483,192608db42251d675da83286b1cce702) (ScriptedImporter) -> (artifact id: '2eeeb57548a4b886b0149841b5c33797') in 0.0133855 seconds
Number of updated asset objects reloaded before import = 0Number of asset objects unloaded after import = 1

========================================================================
Received Import Request.
  Time since last request: 0.000035 seconds.
  path: Assets/Часы/15/Materials/RGB_f86404e535e44ffa997c70d5726b6559_wall_clock_steampunk_1001_BaseColor.mat
  artifactKey: Guid(a6e806d12b98e974b980d0f70cea0162) Importer(2089858483,192608db42251d675da83286b1cce702)
Start importing Assets/Часы/15/Materials/RGB_f86404e535e44ffa997c70d5726b6559_wall_clock_steampunk_1001_BaseColor.mat using Guid(a6e806d12b98e974b980d0f70cea0162) Importer(2089858483,192608db42251d675da83286b1cce702) (ScriptedImporter) -> (artifact id: 'feb8a0deef2d67777e8bf94624c307bd') in 0.0225861 seconds
Number of updated asset objects reloaded before import = 0Number of asset objects unloaded after import = 2

========================================================================
Received Import Request.
  Time since last request: 0.000042 seconds.
  path: Assets/Tree_Packs/URP_Tree_Pack/Textures/Leaf/Materials/URP_1_Leaf 5.mat
  artifactKey: Guid(a10247fbfd9a97c448d70a2ea5f03e40) Importer(2089858483,192608db42251d675da83286b1cce702)
Start importing Assets/Tree_Packs/URP_Tree_Pack/Textures/Leaf/Materials/URP_1_Leaf 5.mat using Guid(a10247fbfd9a97c448d70a2ea5f03e40) Importer(2089858483,192608db42251d675da83286b1cce702) (ScriptedImporter) -> (artifact id: '654b5bc061008478fc183e85e0b95b8b') in 0.0199858 seconds
Number of updated asset objects reloaded before import = 0Number of asset objects unloaded after import = 2

========================================================================
Received Import Request.
  Time since last request: 0.000024 seconds.
  path: Assets/GVOZDY/Cardboard Boxes with Tape/Materials/T_box1_grey_AlbedoTransparency.mat
  artifactKey: Guid(6129179eefda5ad4b9c955552b4939b4) Importer(2089858483,192608db42251d675da83286b1cce702)
Start importing Assets/GVOZDY/Cardboard Boxes with Tape/Materials/T_box1_grey_AlbedoTransparency.mat using Guid(6129179eefda5ad4b9c955552b4939b4) Importer(2089858483,192608db42251d675da83286b1cce702) (ScriptedImporter) -> (artifact id: 'f49e7d4f008da4b3c6025c88f84776cb') in 0.0203294 seconds
Number of updated asset objects reloaded before import = 0Number of asset objects unloaded after import = 2

========================================================================
Received Import Request.
  Time since last request: 0.000021 seconds.
  path: Assets/Часы/2/Materials/RGB_dd5f8c87978d47f4827bb6b022c0f6d1_jewelrystands_gold_Mat_Specular.mat
  artifactKey: Guid(46bee901b9094f2419ca67d629addc31) Importer(2089858483,192608db42251d675da83286b1cce702)
Start importing Assets/Часы/2/Materials/RGB_dd5f8c87978d47f4827bb6b022c0f6d1_jewelrystands_gold_Mat_Specular.mat using Guid(46bee901b9094f2419ca67d629addc31) Importer(2089858483,192608db42251d675da83286b1cce702) (ScriptedImporter) -> (artifact id: '7843ff9894230f88e47205cc8fbb7bdd') in 0.0488172 seconds
Number of updated asset objects reloaded before import = 0Number of asset objects unloaded after import = 2

========================================================================
Received Import Request.
  Time since last request: 0.000025 seconds.
  path: Assets/Scenes/ZNS3D/Vintage Living Room Game Pack/Demo/Demo_Scene/Lightmap-0_comp_light.exr
  artifactKey: Guid(1978285120d4ec944ba544c74e70a9a7) Importer(2089858483,192608db42251d675da83286b1cce702)
Start importing Assets/Scenes/ZNS3D/Vintage Living Room Game Pack/Demo/Demo_Scene/Lightmap-0_comp_light.exr using Guid(1978285120d4ec944ba544c74e70a9a7) Importer(2089858483,192608db42251d675da83286b1cce702) (ScriptedImporter) -> (artifact id: '45e4ef3ce256380e96c42fedc1f01763') in 0.0866949 seconds
Number of updated asset objects reloaded before import = 0Number of asset objects unloaded after import = 1

========================================================================
Received Import Request.
  Time since last request: 0.000047 seconds.
  path: Assets/Assets ; Expence/HyperLuminal/SlidingTilePuzzle
  artifactKey: Guid(9b30c64db07f6ac45aa7bb0b8b484e94) Importer(2089858483,192608db42251d675da83286b1cce702)
Start importing Assets/Assets ; Expence/HyperLuminal/SlidingTilePuzzle using Guid(9b30c64db07f6ac45aa7bb0b8b484e94) Importer(2089858483,192608db42251d675da83286b1cce702) (ScriptedImporter) -> (artifact id: '60ba890d8744d4bbe2b55d7a8670cc2f') in 0.0137379 seconds
Number of updated asset objects reloaded before import = 0Number of asset objects unloaded after import = 1

========================================================================
Received Import Request.
  Time since last request: 0.000028 seconds.
  path: Assets/Tree_Packs/URP_Tree_Pack/Prefabs/URP_Tree_1.prefab
  artifactKey: Guid(022485ff60e4a26418217d8ab778a812) Importer(2089858483,192608db42251d675da83286b1cce702)
Start importing Assets/Tree_Packs/URP_Tree_Pack/Prefabs/URP_Tree_1.prefab using Guid(022485ff60e4a26418217d8ab778a812) Importer(2089858483,192608db42251d675da83286b1cce702) (ScriptedImporter) -> (artifact id: '2e7e7c4d881c183f63728dbf1af7a0af') in 0.05263 seconds
Number of updated asset objects reloaded before import = 0Number of asset objects unloaded after import = 25

========================================================================
Received Import Request.
  Time since last request: 0.000025 seconds.
  path: Assets/Tree_Packs/URP_Tree_Pack/Textures/Trunk/Materials/URP_3_Trunk 3.mat
  artifactKey: Guid(fb2e42b51451f1742843ac639c56ca42) Importer(2089858483,192608db42251d675da83286b1cce702)
Start importing Assets/Tree_Packs/URP_Tree_Pack/Textures/Trunk/Materials/URP_3_Trunk 3.mat using Guid(fb2e42b51451f1742843ac639c56ca42) Importer(2089858483,192608db42251d675da83286b1cce702) (ScriptedImporter) -> (artifact id: 'eb8b13223c2e6e18ee8a7235ce7a1173') in 0.019198 seconds
Number of updated asset objects reloaded before import = 0Number of asset objects unloaded after import = 2

========================================================================
Received Import Request.
  Time since last request: 0.000026 seconds.
  path: Assets/Tree_Packs/URP_Tree_Pack/Textures/Global/Floor.mat
  artifactKey: Guid(6b664be96faef8f4ebef4a2d21041ecc) Importer(2089858483,192608db42251d675da83286b1cce702)
Start importing Assets/Tree_Packs/URP_Tree_Pack/Textures/Global/Floor.mat using Guid(6b664be96faef8f4ebef4a2d21041ecc) Importer(2089858483,192608db42251d675da83286b1cce702) (ScriptedImporter) -> (artifact id: '6bdefdede89418373fad53b81a1eaf62') in 0.019401 seconds
Number of updated asset objects reloaded before import = 0Number of asset objects unloaded after import = 1

========================================================================
Received Import Request.
  Time since last request: 0.000036 seconds.
  path: Assets/Scenes/ZNS3D/Vintage Living Room Game Pack/Demo/Demo_Scene/Global Volume Profile.asset
  artifactKey: Guid(b55adbcb4c4b9ae43967a7f8f1adb075) Importer(2089858483,192608db42251d675da83286b1cce702)
Start importing Assets/Scenes/ZNS3D/Vintage Living Room Game Pack/Demo/Demo_Scene/Global Volume Profile.asset using Guid(b55adbcb4c4b9ae43967a7f8f1adb075) Importer(2089858483,192608db42251d675da83286b1cce702) (ScriptedImporter) -> (artifact id: '2afc4b1bcc208c9daf24fb05818b77d9') in 0.0168485 seconds
Number of updated asset objects reloaded before import = 0Number of asset objects unloaded after import = 11

========================================================================
Received Import Request.
  Time since last request: 0.000033 seconds.
  path: Assets/Часы/10/Materials/RGB_92bf49b1285d4a5fbad71aceabd4cc20_cuckoo_clock_specular.mat
  artifactKey: Guid(9c7a9ec9ff22e25408c5ebbab2876c33) Importer(2089858483,192608db42251d675da83286b1cce702)
Start importing Assets/Часы/10/Materials/RGB_92bf49b1285d4a5fbad71aceabd4cc20_cuckoo_clock_specular.mat using Guid(9c7a9ec9ff22e25408c5ebbab2876c33) Importer(2089858483,192608db42251d675da83286b1cce702) (ScriptedImporter) -> (artifact id: '683c7b2ea712b9298f765ed310bb0be1') in 0.0627887 seconds
Number of updated asset objects reloaded before import = 0Number of asset objects unloaded after import = 2

========================================================================
Received Import Request.
  Time since last request: 0.000023 seconds.
  path: Assets/Часы/2/model.mtl
  artifactKey: Guid(9bf736e63289e7e4596d9b94d0dccea0) Importer(2089858483,192608db42251d675da83286b1cce702)
Start importing Assets/Часы/2/model.mtl using Guid(9bf736e63289e7e4596d9b94d0dccea0) Importer(2089858483,192608db42251d675da83286b1cce702) (ScriptedImporter) -> (artifact id: '5748815c266031e64f720cf160546af9') in 0.0131913 seconds
Number of updated asset objects reloaded before import = 0Number of asset objects unloaded after import = 1

========================================================================
Received Import Request.
  Time since last request: 0.000024 seconds.
  path: Assets/Часы/11/How to Convert (Obj Fbx...).txt
  artifactKey: Guid(dda8ad50578d9fa4f817806402d18e2c) Importer(2089858483,192608db42251d675da83286b1cce702)
Start importing Assets/Часы/11/How to Convert (Obj Fbx...).txt using Guid(dda8ad50578d9fa4f817806402d18e2c) Importer(2089858483,192608db42251d675da83286b1cce702) (ScriptedImporter) -> (artifact id: '3a563ff86f99fc375b034cb7326a8da5') in 0.0151113 seconds
Number of updated asset objects reloaded before import = 0Number of asset objects unloaded after import = 1

========================================================================
Received Import Request.
  Time since last request: 0.000023 seconds.
  path: Assets/GVOZDY/Cardboard Boxes with Tape/Geometry/SM_box_1.fbx
  artifactKey: Guid(23b29cc91a27a0c46a80dd08166aef12) Importer(2089858483,192608db42251d675da83286b1cce702)
Start importing Assets/GVOZDY/Cardboard Boxes with Tape/Geometry/SM_box_1.fbx using Guid(23b29cc91a27a0c46a80dd08166aef12) Importer(2089858483,192608db42251d675da83286b1cce702) (ScriptedImporter) -> (artifact id: '82b53283459361bc8f067c5aa746d338') in 0.0408042 seconds
Number of updated asset objects reloaded before import = 0Number of asset objects unloaded after import = 8

========================================================================
Received Import Request.
  Time since last request: 0.000031 seconds.
  path: Assets/Часы/1/R_cad7915482a4492bad920e55c360ea56_PortaGioie_LightingMap.png
  artifactKey: Guid(fd7584c7509826d40812a91464508da4) Importer(2089858483,192608db42251d675da83286b1cce702)
Start importing Assets/Часы/1/R_cad7915482a4492bad920e55c360ea56_PortaGioie_LightingMap.png using Guid(fd7584c7509826d40812a91464508da4) Importer(2089858483,192608db42251d675da83286b1cce702) (ScriptedImporter) -> (artifact id: 'f49dea495a808d1ef1287f57d93df2d2') in 0.0365009 seconds
Number of updated asset objects reloaded before import = 0Number of asset objects unloaded after import = 1

========================================================================
Received Import Request.
  Time since last request: 0.000033 seconds.
  path: Assets/Часы/12/R_4dc3eba9944a4216aad88a8a94e854a1_watchbraceletbox01_metal_Mat_Glossiness.png
  artifactKey: Guid(9a5818e5740a12a49a3cfe2df8ec9556) Importer(2089858483,192608db42251d675da83286b1cce702)
Start importing Assets/Часы/12/R_4dc3eba9944a4216aad88a8a94e854a1_watchbraceletbox01_metal_Mat_Glossiness.png using Guid(9a5818e5740a12a49a3cfe2df8ec9556) Importer(2089858483,192608db42251d675da83286b1cce702) (ScriptedImporter) -> (artifact id: '3f3a256c395f8f28f139ce95686c8789') in 0.0348584 seconds
Number of updated asset objects reloaded before import = 0Number of asset objects unloaded after import = 1

========================================================================
Received Import Request.
  Time since last request: 0.000032 seconds.
  path: Assets/Сейф2/photo_2025-12-12_16-02-44.jpg
  artifactKey: Guid(2f82e604a28772e4c92956d00e852faf) Importer(2089858483,192608db42251d675da83286b1cce702)
Start importing Assets/Сейф2/photo_2025-12-12_16-02-44.jpg using Guid(2f82e604a28772e4c92956d00e852faf) Importer(2089858483,192608db42251d675da83286b1cce702) (ScriptedImporter) -> (artifact id: '1063e11814e670641dde1821eec1306d') in 0.0291865 seconds
Number of updated asset objects reloaded before import = 0Number of asset objects unloaded after import = 1

========================================================================
Received Import Request.
  Time since last request: 0.000030 seconds.
  path: Assets/Часы/13/R_e2632c9222ec4b68864423fa015137e1_Watch_AO_03.png
  artifactKey: Guid(a3e64057f67f81042b91df5378eebb55) Importer(2089858483,192608db42251d675da83286b1cce702)
Start importing Assets/Часы/13/R_e2632c9222ec4b68864423fa015137e1_Watch_AO_03.png using Guid(a3e64057f67f81042b91df5378eebb55) Importer(2089858483,192608db42251d675da83286b1cce702) (ScriptedImporter) -> (artifact id: '7b9b202878b626cf31ea7a3f0155cacc') in 0.0383494 seconds
Number of updated asset objects reloaded before import = 0Number of asset objects unloaded after import = 1

========================================================================
Received Import Request.
  Time since last request: 0.000024 seconds.
  path: Assets/Часы/2/R_7b315545ea734dd09b51b4441e0bcae4_jewelrystands_glass_Mat_Glossiness.png
  artifactKey: Guid(78c2525ac44c25248bf24102d632bd3a) Importer(2089858483,192608db42251d675da83286b1cce702)
Start importing Assets/Часы/2/R_7b315545ea734dd09b51b4441e0bcae4_jewelrystands_glass_Mat_Glossiness.png using Guid(78c2525ac44c25248bf24102d632bd3a) Importer(2089858483,192608db42251d675da83286b1cce702) (ScriptedImporter) -> (artifact id: '8ad973fe32af88501fc3ee9f5060f82f') in 0.1608669 seconds
Number of updated asset objects reloaded before import = 0Number of asset objects unloaded after import = 1

========================================================================
Received Import Request.
  Time since last request: 0.000025 seconds.
  path: Assets/Часы/9/thumbnail.jpg
  artifactKey: Guid(4683840c0d99022458141a124942c2c4) Importer(2089858483,192608db42251d675da83286b1cce702)
Start importing Assets/Часы/9/thumbnail.jpg using Guid(4683840c0d99022458141a124942c2c4) Importer(2089858483,192608db42251d675da83286b1cce702) (ScriptedImporter) -> (artifact id: 'e4dd4d9d43fe1e37e2619213c8f571c7') in 0.0342748 seconds
Number of updated asset objects reloaded before import = 0Number of asset objects unloaded after import = 1

========================================================================
Received Import Request.
  Time since last request: 0.000023 seconds.
  path: Assets/GVOZDY/Cardboard Boxes with Tape/Textures/T_box1_brown_Normal.png
  artifactKey: Guid(484e3dc418aef3f4b8fba83bad24c494) Importer(2089858483,192608db42251d675da83286b1cce702)
Start importing Assets/GVOZDY/Cardboard Boxes with Tape/Textures/T_box1_brown_Normal.png using Guid(484e3dc418aef3f4b8fba83bad24c494) Importer(2089858483,192608db42251d675da83286b1cce702) (ScriptedImporter) -> (artifact id: '4cac1c21f02d21f043e3462a57e40199') in 0.1026022 seconds
Number of updated asset objects reloaded before import = 0Number of asset objects unloaded after import = 1

========================================================================
Received Import Request.
  Time since last request: 0.000027 seconds.
  path: Assets/Часы/11/RGB_60fa71a5840e467c98a4a3c2ba1e992b_NixieMat_Base_color.png
  artifactKey: Guid(630644e892a8ea44598cdd91d3430268) Importer(2089858483,192608db42251d675da83286b1cce702)
Start importing Assets/Часы/11/RGB_60fa71a5840e467c98a4a3c2ba1e992b_NixieMat_Base_color.png using Guid(630644e892a8ea44598cdd91d3430268) Importer(2089858483,192608db42251d675da83286b1cce702) (ScriptedImporter) -> (artifact id: '3e2d8599e650cd5d473cd7c9b43ff872') in 0.0786382 seconds
Number of updated asset objects reloaded before import = 0Number of asset objects unloaded after import = 1

========================================================================
Received Import Request.
  Time since last request: 0.000034 seconds.
  path: Assets/Часы/18/textures/ClockCase_BaseColor.png
  artifactKey: Guid(2b926dab4e086a344b20020725563627) Importer(2089858483,192608db42251d675da83286b1cce702)
Start importing Assets/Часы/18/textures/ClockCase_BaseColor.png using Guid(2b926dab4e086a344b20020725563627) Importer(2089858483,192608db42251d675da83286b1cce702) (ScriptedImporter) -> (artifact id: '7a59b9bc0f783bd390f8fe58f9edc60f') in 0.034845 seconds
Number of updated asset objects reloaded before import = 0Number of asset objects unloaded after import = 1

========================================================================
Received Import Request.
  Time since last request: 0.000033 seconds.
  path: Assets/HDRP_Oak_Tree/Textures/Leaf/Oak_Leaf_Summer.psd
  artifactKey: Guid(c56bd8a81b6cf9a4084392fcec3626a2) Importer(2089858483,192608db42251d675da83286b1cce702)
Start importing Assets/HDRP_Oak_Tree/Textures/Leaf/Oak_Leaf_Summer.psd using Guid(c56bd8a81b6cf9a4084392fcec3626a2) Importer(2089858483,192608db42251d675da83286b1cce702) (ScriptedImporter) -> (artifact id: '76fa01d100eb8e929f98889c2323f440') in 0.0402863 seconds
Number of updated asset objects reloaded before import = 0Number of asset objects unloaded after import = 1

========================================================================
Received Import Request.
  Time since last request: 0.000031 seconds.
  path: Assets/Часы/11/Materials/RGB_60fa71a5840e467c98a4a3c2ba1e992b_NixieMat_Base_color.mat
  artifactKey: Guid(4cab7cadcbcbbde40aca3bf087a88cb0) Importer(2089858483,192608db42251d675da83286b1cce702)
Start importing Assets/Часы/11/Materials/RGB_60fa71a5840e467c98a4a3c2ba1e992b_NixieMat_Base_color.mat using Guid(4cab7cadcbcbbde40aca3bf087a88cb0) Importer(2089858483,192608db42251d675da83286b1cce702) (ScriptedImporter) -> (artifact id: 'f763bcc4d7dff0be7f57fa7144bf6e44') in 0.0467831 seconds
Number of updated asset objects reloaded before import = 0Number of asset objects unloaded after import = 2

========================================================================
Received Import Request.
  Time since last request: 0.000032 seconds.
  path: Assets/Часы/2/RGB_a8b776c5134b4480991e6378c6ae0e8e_jewelrystands_leather_Mat_Diffuse.png
  artifactKey: Guid(166744bceefb4cc4d939b496ce4100cb) Importer(2089858483,192608db42251d675da83286b1cce702)
Start importing Assets/Часы/2/RGB_a8b776c5134b4480991e6378c6ae0e8e_jewelrystands_leather_Mat_Diffuse.png using Guid(166744bceefb4cc4d939b496ce4100cb) Importer(2089858483,192608db42251d675da83286b1cce702) (ScriptedImporter) -> (artifact id: '8c4d8d77ce40df0d9011b7eabd2be17b') in 0.0745868 seconds
Number of updated asset objects reloaded before import = 0Number of asset objects unloaded after import = 1

========================================================================
Received Import Request.
  Time since last request: 0.000034 seconds.
  path: Assets/Часы/2/Materials/RGB_94bfe396930149bdb6e28a5d759432c7_jewelrystands_glass_Mat_Specular.mat
  artifactKey: Guid(fddbd3cc23e98024b9a0316db7852337) Importer(2089858483,192608db42251d675da83286b1cce702)
Start importing Assets/Часы/2/Materials/RGB_94bfe396930149bdb6e28a5d759432c7_jewelrystands_glass_Mat_Specular.mat using Guid(fddbd3cc23e98024b9a0316db7852337) Importer(2089858483,192608db42251d675da83286b1cce702) (ScriptedImporter) -> (artifact id: '41785880b8bad6f6571661d9e6f0c049') in 0.0305 seconds
Number of updated asset objects reloaded before import = 0Number of asset objects unloaded after import = 2

========================================================================
Received Import Request.
  Time since last request: 0.000031 seconds.
  path: Assets/Часы/2/Materials/R_6c77dc64b5f14608a61846edf2e4a3b5_jewelrystands_leather_Mat_Glossiness.mat
  artifactKey: Guid(964d2b9c0cdf72247be46598fcda3b4f) Importer(2089858483,192608db42251d675da83286b1cce702)
Start importing Assets/Часы/2/Materials/R_6c77dc64b5f14608a61846edf2e4a3b5_jewelrystands_leather_Mat_Glossiness.mat using Guid(964d2b9c0cdf72247be46598fcda3b4f) Importer(2089858483,192608db42251d675da83286b1cce702) (ScriptedImporter) -> (artifact id: '753f779a10b0b4322f0c7e1f7057b024') in 0.0302774 seconds
Number of updated asset objects reloaded before import = 0Number of asset objects unloaded after import = 2

========================================================================
Received Import Request.
  Time since last request: 0.000029 seconds.
  path: Assets/GVOZDY/Cardboard Boxes with Tape/Prefabs/box_1_brownTape.prefab
  artifactKey: Guid(2bbf3381616564c4c99d243d8eda9503) Importer(2089858483,192608db42251d675da83286b1cce702)
Start importing Assets/GVOZDY/Cardboard Boxes with Tape/Prefabs/box_1_brownTape.prefab using Guid(2bbf3381616564c4c99d243d8eda9503) Importer(2089858483,192608db42251d675da83286b1cce702) (ScriptedImporter) -> (artifact id: '147fa34978c4a4b2285a8d871da8c7b4') in 0.0314863 seconds
Number of updated asset objects reloaded before import = 0Number of asset objects unloaded after import = 9

========================================================================
Received Import Request.
  Time since last request: 0.000032 seconds.
  path: Assets/Plates/model.g3d
  artifactKey: Guid(ab6fcf1289e678e4e9593ad4f611ae48) Importer(2089858483,192608db42251d675da83286b1cce702)
Start importing Assets/Plates/model.g3d using Guid(ab6fcf1289e678e4e9593ad4f611ae48) Importer(2089858483,192608db42251d675da83286b1cce702) (ScriptedImporter) -> (artifact id: '42f99a278b195ff1cb3d0e4f1a353bcf') in 0.0147028 seconds
Number of updated asset objects reloaded before import = 0Number of asset objects unloaded after import = 1

========================================================================
Received Import Request.
  Time since last request: 0.000033 seconds.
  path: Assets/Часы/17/textures/normal.jpg
  artifactKey: Guid(46e7782a44ec1b84787e2a815dc5cb19) Importer(2089858483,192608db42251d675da83286b1cce702)
Start importing Assets/Часы/17/textures/normal.jpg using Guid(46e7782a44ec1b84787e2a815dc5cb19) Importer(2089858483,192608db42251d675da83286b1cce702) (ScriptedImporter) -> (artifact id: 'e4ccea9d2f35ebfb200c018a8ae1a8aa') in 0.0341977 seconds
Number of updated asset objects reloaded before import = 0Number of asset objects unloaded after import = 1

========================================================================
Received Import Request.
  Time since last request: 0.000030 seconds.
  path: Assets/Сейф2/safe.fbx
  artifactKey: Guid(974f2f94db345b5439d35c4fdb9b9622) Importer(2089858483,192608db42251d675da83286b1cce702)
Start importing Assets/Сейф2/safe.fbx using Guid(974f2f94db345b5439d35c4fdb9b9622) Importer(2089858483,192608db42251d675da83286b1cce702) (ScriptedImporter) -> (artifact id: '561c6b5bd8916ec6d5b7de909c89a6ce') in 0.1114307 seconds
Number of updated asset objects reloaded before import = 0Number of asset objects unloaded after import = 74

========================================================================
Received Import Request.
  Time since last request: 0.000027 seconds.
  path: Assets/Часы/12/RGB_f80052ec3b1b438da9156f40a6d61eaf_watchbraceletbox01_box_Mat_Specular.png
  artifactKey: Guid(9b1e1fa0c7b70c343a290f51f6c19649) Importer(2089858483,192608db42251d675da83286b1cce702)
Start importing Assets/Часы/12/RGB_f80052ec3b1b438da9156f40a6d61eaf_watchbraceletbox01_box_Mat_Specular.png using Guid(9b1e1fa0c7b70c343a290f51f6c19649) Importer(2089858483,192608db42251d675da83286b1cce702) (ScriptedImporter) -> (artifact id: '40285a7850d9cb04c38b081170df0660') in 0.039569 seconds
Number of updated asset objects reloaded before import = 0Number of asset objects unloaded after import = 1

========================================================================
Received Import Request.
  Time since last request: 0.000035 seconds.
  path: Assets/Часы/16/textures/KiplingerProp02_Clock_Mat_Roughness.png
  artifactKey: Guid(d40d0e8168c4e544d944ed380ac7dd96) Importer(2089858483,192608db42251d675da83286b1cce702)
Start importing Assets/Часы/16/textures/KiplingerProp02_Clock_Mat_Roughness.png using Guid(d40d0e8168c4e544d944ed380ac7dd96) Importer(2089858483,192608db42251d675da83286b1cce702) (ScriptedImporter) -> (artifact id: '5a082a05837cfe0dcc4b2755c9ba0a07') in 0.0494931 seconds
Number of updated asset objects reloaded before import = 0Number of asset objects unloaded after import = 1

========================================================================
Received Import Request.
  Time since last request: 0.000037 seconds.
  path: Assets/Plates/thumbnail.jpg
  artifactKey: Guid(86eb27cf65665ed4fbeb078d0ac0dd60) Importer(2089858483,192608db42251d675da83286b1cce702)
Start importing Assets/Plates/thumbnail.jpg using Guid(86eb27cf65665ed4fbeb078d0ac0dd60) Importer(2089858483,192608db42251d675da83286b1cce702) (ScriptedImporter) -> (artifact id: 'aee846995a63f95e64980d0ae0aacdf4') in 0.0648752 seconds
Number of updated asset objects reloaded before import = 0Number of asset objects unloaded after import = 1

========================================================================
Received Import Request.
  Time since last request: 0.000030 seconds.
  path: Assets/Часы/11/Materials/RGB_7f4effde61414cefb539a6297eac2582_NixieMat_Diffuse_Op.tga.mat
  artifactKey: Guid(f0ca0eb70e7e2e541a1b32936e25d0c6) Importer(2089858483,192608db42251d675da83286b1cce702)
Start importing Assets/Часы/11/Materials/RGB_7f4effde61414cefb539a6297eac2582_NixieMat_Diffuse_Op.tga.mat using Guid(f0ca0eb70e7e2e541a1b32936e25d0c6) Importer(2089858483,192608db42251d675da83286b1cce702) (ScriptedImporter) -> (artifact id: 'e3874cd37371d2f0b362ddb77c73d8f3') in 0.0676977 seconds
Number of updated asset objects reloaded before import = 0Number of asset objects unloaded after import = 2

========================================================================
Received Import Request.
  Time since last request: 0.000027 seconds.
  path: Assets/GVOZDY/Cardboard Boxes with Tape/Textures/T_box1_grey_AlbedoTransparency.png
  artifactKey: Guid(26f50e98ecb805742a2fe249614abed3) Importer(2089858483,192608db42251d675da83286b1cce702)
Start importing Assets/GVOZDY/Cardboard Boxes with Tape/Textures/T_box1_grey_AlbedoTransparency.png using Guid(26f50e98ecb805742a2fe249614abed3) Importer(2089858483,192608db42251d675da83286b1cce702) (ScriptedImporter) -> (artifact id: '8334e1ee31f4cad9b6fa32f179a06657') in 0.0345185 seconds
Number of updated asset objects reloaded before import = 0Number of asset objects unloaded after import = 1

========================================================================
Received Import Request.
  Time since last request: 0.000036 seconds.
  path: Assets/Часы/4/R_0b90801fb71041de964f1357d84979a1_ShowcaseNormal.png
  artifactKey: Guid(09b8b27e6df778e4d926020a475742bd) Importer(2089858483,192608db42251d675da83286b1cce702)
Start importing Assets/Часы/4/R_0b90801fb71041de964f1357d84979a1_ShowcaseNormal.png using Guid(09b8b27e6df778e4d926020a475742bd) Importer(2089858483,192608db42251d675da83286b1cce702) (ScriptedImporter) -> (artifact id: '051ab583e35cd80737382d3dc85a50ce') in 0.0770005 seconds
Number of updated asset objects reloaded before import = 0Number of asset objects unloaded after import = 1

========================================================================
Received Import Request.
  Time since last request: 0.000023 seconds.
  path: Assets/Сейф2/photo_2025-12-12_16-33-09.jpg
  artifactKey: Guid(f151cbc106826f5469a642877936f371) Importer(2089858483,192608db42251d675da83286b1cce702)
Start importing Assets/Сейф2/photo_2025-12-12_16-33-09.jpg using Guid(f151cbc106826f5469a642877936f371) Importer(2089858483,192608db42251d675da83286b1cce702) (ScriptedImporter) -> (artifact id: '1ffa51ba433b919392ee5ae634c86138') in 0.0328397 seconds
Number of updated asset objects reloaded before import = 0Number of asset objects unloaded after import = 1

========================================================================
Received Import Request.
  Time since last request: 0.000026 seconds.
  path: Assets/Phoenix3D/P3D_Wallpaper_Carpet_and_CurtainFabric_Materials_Pack/Upgrade_Renderpipeline/Upgrade_HDRP.unitypackage
  artifactKey: Guid(1ed475ac72adaa449b5f0a58f3ac0031) Importer(2089858483,192608db42251d675da83286b1cce702)
Start importing Assets/Phoenix3D/P3D_Wallpaper_Carpet_and_CurtainFabric_Materials_Pack/Upgrade_Renderpipeline/Upgrade_HDRP.unitypackage using Guid(1ed475ac72adaa449b5f0a58f3ac0031) Importer(2089858483,192608db42251d675da83286b1cce702) (ScriptedImporter) -> (artifact id: '7f73acc180f4aa2da195d6d846e245c3') in 0.0155139 seconds
Number of updated asset objects reloaded before import = 0Number of asset objects unloaded after import = 1

========================================================================
Received Import Request.
  Time since last request: 0.000022 seconds.
  path: Assets/Часы/12/R_7da1d4ce095d49648c5a3dd009fcd582_watchbraceletbox01_pillow_Mat_Glossiness.png
  artifactKey: Guid(d19a8368cc8c11b4686a4c2c39e8c87f) Importer(2089858483,192608db42251d675da83286b1cce702)
Start importing Assets/Часы/12/R_7da1d4ce095d49648c5a3dd009fcd582_watchbraceletbox01_pillow_Mat_Glossiness.png using Guid(d19a8368cc8c11b4686a4c2c39e8c87f) Importer(2089858483,192608db42251d675da83286b1cce702) (ScriptedImporter) -> (artifact id: '42b40001985df24a79c084ea58a0c9f7') in 0.072427 seconds
Number of updated asset objects reloaded before import = 0Number of asset objects unloaded after import = 1

========================================================================
Received Import Request.
  Time since last request: 0.000050 seconds.
  path: Assets/Часы/15/How to Convert (Obj Fbx...).txt
  artifactKey: Guid(6240c03361239f944beff7fffd77be1d) Importer(2089858483,192608db42251d675da83286b1cce702)
Start importing Assets/Часы/15/How to Convert (Obj Fbx...).txt using Guid(6240c03361239f944beff7fffd77be1d) Importer(2089858483,192608db42251d675da83286b1cce702) (ScriptedImporter) -> (artifact id: '90c870f45b842b19f4020043534f71fa') in 0.0178798 seconds
Number of updated asset objects reloaded before import = 0Number of asset objects unloaded after import = 1

========================================================================
Received Import Request.
  Time since last request: 0.000028 seconds.
  path: Assets/GVOZDY/Cardboard Boxes with Tape/Materials/M_box_1_browntape.mat
  artifactKey: Guid(2f72bea8a466ce048bfff89fb8813aaf) Importer(2089858483,192608db42251d675da83286b1cce702)
Start importing Assets/GVOZDY/Cardboard Boxes with Tape/Materials/M_box_1_browntape.mat using Guid(2f72bea8a466ce048bfff89fb8813aaf) Importer(2089858483,192608db42251d675da83286b1cce702) (ScriptedImporter) -> (artifact id: 'bbe7902af746fe0221f481ff2e2e6767') in 0.0321629 seconds
Number of updated asset objects reloaded before import = 0Number of asset objects unloaded after import = 5

========================================================================
Received Import Request.
  Time since last request: 0.000033 seconds.
  path: Assets/Часы/2/RGB_b1de2c2eb2a04c8ca89e8086c816261a_jewelrystands_glass_Mat_Diffuse.png
  artifactKey: Guid(74a9929417bdf434f846172761920a9e) Importer(2089858483,192608db42251d675da83286b1cce702)
Start importing Assets/Часы/2/RGB_b1de2c2eb2a04c8ca89e8086c816261a_jewelrystands_glass_Mat_Diffuse.png using Guid(74a9929417bdf434f846172761920a9e) Importer(2089858483,192608db42251d675da83286b1cce702) (ScriptedImporter) -> (artifact id: '9258b6dffad366c179b5072b76b38450') in 0.0795265 seconds
Number of updated asset objects reloaded before import = 0Number of asset objects unloaded after import = 1

========================================================================
Received Import Request.
  Time since last request: 0.000029 seconds.
  path: Assets/Часы/11/R_53827d60934443ca9ff9a6b18e4456b7_NixieMat_Mixed_AO.png
  artifactKey: Guid(4fbb27be9c5bce24484372a2b0263675) Importer(2089858483,192608db42251d675da83286b1cce702)
Start importing Assets/Часы/11/R_53827d60934443ca9ff9a6b18e4456b7_NixieMat_Mixed_AO.png using Guid(4fbb27be9c5bce24484372a2b0263675) Importer(2089858483,192608db42251d675da83286b1cce702) (ScriptedImporter) -> (artifact id: '8807974f0a4b850eeb02d56aee05bd75') in 0.0346824 seconds
Number of updated asset objects reloaded before import = 0Number of asset objects unloaded after import = 1

========================================================================
Received Import Request.
  Time since last request: 0.000044 seconds.
  path: Assets/Tree_Packs/URP_Tree_Pack/Textures/Leaf/Materials/URP_1_Leaf 9.mat
  artifactKey: Guid(741cc28fed8798d49846590ace2b2074) Importer(2089858483,192608db42251d675da83286b1cce702)
Start importing Assets/Tree_Packs/URP_Tree_Pack/Textures/Leaf/Materials/URP_1_Leaf 9.mat using Guid(741cc28fed8798d49846590ace2b2074) Importer(2089858483,192608db42251d675da83286b1cce702) (ScriptedImporter) -> (artifact id: 'bb5f384ea5c717fb512bed3cca3e55ba') in 0.022012 seconds
Number of updated asset objects reloaded before import = 0Number of asset objects unloaded after import = 2

========================================================================
Received Import Request.
  Time since last request: 0.000023 seconds.
  path: Assets/SourceFiles/Settings/PC_RPAsset.asset
  artifactKey: Guid(d45ff8554b74cf745835c583197fbc41) Importer(2089858483,192608db42251d675da83286b1cce702)
Start importing Assets/SourceFiles/Settings/PC_RPAsset.asset using Guid(d45ff8554b74cf745835c583197fbc41) Importer(2089858483,192608db42251d675da83286b1cce702) (ScriptedImporter) -> (artifact id: '72c6496274aa0d50df872bb07ca51573') in 0.1210624 seconds
Number of updated asset objects reloaded before import = 0Number of asset objects unloaded after import = 1

========================================================================
Received Import Request.
  Time since last request: 0.000030 seconds.
  path: Assets/Часы/9/RGB_072f975a132749e8b16e0579f1ca7ab8_Clock_BaseColor.png
  artifactKey: Guid(9be24cebe3d290d4aa8a5a2eccbf3379) Importer(2089858483,192608db42251d675da83286b1cce702)
Start importing Assets/Часы/9/RGB_072f975a132749e8b16e0579f1ca7ab8_Clock_BaseColor.png using Guid(9be24cebe3d290d4aa8a5a2eccbf3379) Importer(2089858483,192608db42251d675da83286b1cce702) (ScriptedImporter) -> (artifact id: 'a11122ceaa43d61ded407ba4ce0c1698') in 0.0375062 seconds
Number of updated asset objects reloaded before import = 0Number of asset objects unloaded after import = 1

========================================================================
Received Import Request.
  Time since last request: 0.000029 seconds.
  path: Assets/SourceFiles/InputSystem/InputSystem_Actions.inputactions
  artifactKey: Guid(1a22ef9595b7b684a9fce843f8c8f834) Importer(2089858483,192608db42251d675da83286b1cce702)
Start importing Assets/SourceFiles/InputSystem/InputSystem_Actions.inputactions using Guid(1a22ef9595b7b684a9fce843f8c8f834) Importer(2089858483,192608db42251d675da83286b1cce702) (ScriptedImporter) -> (artifact id: '1fa604d03f08babdae516cc5c133c178') in 0.0733085 seconds
Number of updated asset objects reloaded before import = 0Number of asset objects unloaded after import = 22

========================================================================
Received Import Request.
  Time since last request: 0.000026 seconds.
  path: Assets/Tree_Packs/URP_Tree_Pack/Textures/Leaf/Materials/URP_3_Leaf 5.mat
  artifactKey: Guid(64515f820306ec0489dcb5bb0cf19664) Importer(2089858483,192608db42251d675da83286b1cce702)
Start importing Assets/Tree_Packs/URP_Tree_Pack/Textures/Leaf/Materials/URP_3_Leaf 5.mat using Guid(64515f820306ec0489dcb5bb0cf19664) Importer(2089858483,192608db42251d675da83286b1cce702) (ScriptedImporter)Error assigning 3D texture to 2D texture property '_MainTex': Dimensions must match
UnityEngine.Debug:ExtractStackTraceNoAlloc (byte*,int,string)
UnityEngine.StackTraceUtility:ExtractStackTrace ()
UnityEditor.ShaderUtil:GetMaterialProperties (UnityEngine.Object[])
UnityEditor.MaterialEditor:GetMaterialProperties (UnityEngine.Object[])
UnityEditor.Search.IndexerExtensions:MaterialShaderReferences (UnityEditor.Search.CustomObjectIndexerTarget,UnityEditor.Search.ObjectIndexer)
UnityEditor.Search.ObjectIndexer:CallCustomIndexers (string,int,UnityEngine.Object,UnityEditor.SerializedObject,bool)
UnityEditor.Search.ObjectIndexer:IndexCustomProperties (string,int,UnityEngine.Object)
UnityEditor.Search.AssetIndexer:IndexProperties (int&,string&,bool&)
UnityEditor.Search.AssetIndexer:IndexDocument (string,bool)
UnityEditor.Search.SearchIndexEntryImporter:OnImportAsset (UnityEditor.AssetImporters.AssetImportContext)
UnityEditor.AssetImporters.ScriptedImporter:GenerateAssetData (UnityEditor.AssetImporters.AssetImportContext)

[C:\build\output\unity\unity\Runtime\Shaders\ShaderImpl\ShaderTextureProperty.h line 41]

 -> (artifact id: 'e07d478b205d0346df4de2e04ed2e174') in 0.0218716 seconds
Number of updated asset objects reloaded before import = 0Number of asset objects unloaded after import = 2

========================================================================
Received Import Request.
  Time since last request: 0.000023 seconds.
  path: Assets/Plates/R_03757bc101e04a0f99b2c7536d70204e_PlatesRough.png
  artifactKey: Guid(da70de3b0f5a887419115012af9feda9) Importer(2089858483,192608db42251d675da83286b1cce702)
Start importing Assets/Plates/R_03757bc101e04a0f99b2c7536d70204e_PlatesRough.png using Guid(da70de3b0f5a887419115012af9feda9) Importer(2089858483,192608db42251d675da83286b1cce702) (ScriptedImporter) -> (artifact id: '707c3851100e17fc436ce0914144fb8c') in 0.0726481 seconds
Number of updated asset objects reloaded before import = 0Number of asset objects unloaded after import = 1

========================================================================
Received Import Request.
  Time since last request: 0.000039 seconds.
  path: Assets/Часы/16/source/KiplingerProp02.fbx
  artifactKey: Guid(ba3daa66a3061954fb5f488ce1373d54) Importer(2089858483,192608db42251d675da83286b1cce702)
Start importing Assets/Часы/16/source/KiplingerProp02.fbx using Guid(ba3daa66a3061954fb5f488ce1373d54) Importer(2089858483,192608db42251d675da83286b1cce702) (ScriptedImporter) -> (artifact id: 'd05a7dbcf5139dc045bde2a86582d33a') in 0.0485858 seconds
Number of updated asset objects reloaded before import = 0Number of asset objects unloaded after import = 43

========================================================================
Received Import Request.
  Time since last request: 0.000030 seconds.
  path: Assets/Пианино/N9GPRNXRG56CC8QR24B83Q895.fbx
  artifactKey: Guid(a8e408377405c9f4cbdb3a0a7a68cc60) Importer(2089858483,192608db42251d675da83286b1cce702)
Start importing Assets/Пианино/N9GPRNXRG56CC8QR24B83Q895.fbx using Guid(a8e408377405c9f4cbdb3a0a7a68cc60) Importer(2089858483,192608db42251d675da83286b1cce702) (ScriptedImporter) -> (artifact id: '34c202860718b077671554a7ee4baecf') in 0.060056 seconds
Number of updated asset objects reloaded before import = 0Number of asset objects unloaded after import = 25

========================================================================
Received Import Request.
  Time since last request: 0.000022 seconds.
  path: Assets/Часы/11/thumbnail.jpg
  artifactKey: Guid(074cd0d4c3a3d454996ef3358352178a) Importer(2089858483,192608db42251d675da83286b1cce702)
Start importing Assets/Часы/11/thumbnail.jpg using Guid(074cd0d4c3a3d454996ef3358352178a) Importer(2089858483,192608db42251d675da83286b1cce702) (ScriptedImporter) -> (artifact id: '3a32523559b5c9af2a69e11921288469') in 1.2976899 seconds
Number of updated asset objects reloaded before import = 0Number of asset objects unloaded after import = 1

========================================================================
Received Import Request.
  Time since last request: 0.000024 seconds.
  path: Assets/Часы/2/Materials/N_b4417931670847a5acc9a2dab5b7a770_jewelrystands_leather_Mat_Normal.mat
  artifactKey: Guid(29ab7b7329d5b8645b99557d84baab12) Importer(2089858483,192608db42251d675da83286b1cce702)
Start importing Assets/Часы/2/Materials/N_b4417931670847a5acc9a2dab5b7a770_jewelrystands_leather_Mat_Normal.mat using Guid(29ab7b7329d5b8645b99557d84baab12) Importer(2089858483,192608db42251d675da83286b1cce702) (ScriptedImporter) -> (artifact id: '01b4701bb9f71075d89a08c318038a89') in 0.0471559 seconds
Number of updated asset objects reloaded before import = 0Number of asset objects unloaded after import = 2

========================================================================
Received Import Request.
  Time since last request: 0.000032 seconds.
  path: Assets/Часы/16/textures/KiplingerProp02_Clock_Mat_Normal.png
  artifactKey: Guid(ec0ee26a405dbe44094545ac59422f7a) Importer(2089858483,192608db42251d675da83286b1cce702)
Start importing Assets/Часы/16/textures/KiplingerProp02_Clock_Mat_Normal.png using Guid(ec0ee26a405dbe44094545ac59422f7a) Importer(2089858483,192608db42251d675da83286b1cce702) (ScriptedImporter) -> (artifact id: '9b94bef5bbfacfc92271c48b1a8569e7') in 0.0342317 seconds
Number of updated asset objects reloaded before import = 0Number of asset objects unloaded after import = 1

========================================================================
Received Import Request.
  Time since last request: 0.000022 seconds.
  path: Assets/HDRP_Oak_Tree/Offer/Ads/ad1.psd
  artifactKey: Guid(33fee76768048ad4abed19d386311b8e) Importer(2089858483,192608db42251d675da83286b1cce702)
Start importing Assets/HDRP_Oak_Tree/Offer/Ads/ad1.psd using Guid(33fee76768048ad4abed19d386311b8e) Importer(2089858483,192608db42251d675da83286b1cce702) (ScriptedImporter) -> (artifact id: '5d5af01543f874d0719a579f775c3b3f') in 0.0423571 seconds
Number of updated asset objects reloaded before import = 0Number of asset objects unloaded after import = 1

========================================================================
Received Import Request.
  Time since last request: 0.000020 seconds.
  path: Assets/Часы/1/Materials/RGB_d90ec232a0a44c73a7b393aa4c68807c_PortaGioie_specular.mat
  artifactKey: Guid(cb549f9439cdc2e42a0239083ba2f67f) Importer(2089858483,192608db42251d675da83286b1cce702)
Start importing Assets/Часы/1/Materials/RGB_d90ec232a0a44c73a7b393aa4c68807c_PortaGioie_specular.mat using Guid(cb549f9439cdc2e42a0239083ba2f67f) Importer(2089858483,192608db42251d675da83286b1cce702) (ScriptedImporter) -> (artifact id: '4ac7312c5a114ffff61c95b63e9a4285') in 0.0212819 seconds
Number of updated asset objects reloaded before import = 0Number of asset objects unloaded after import = 2

========================================================================
Received Import Request.
  Time since last request: 0.000029 seconds.
  path: Assets/Часы/18/Materials/ClockCase_BaseColor.mat
  artifactKey: Guid(5a397a783038e83419890b921f2d9ab0) Importer(2089858483,192608db42251d675da83286b1cce702)
Start importing Assets/Часы/18/Materials/ClockCase_BaseColor.mat using Guid(5a397a783038e83419890b921f2d9ab0) Importer(2089858483,192608db42251d675da83286b1cce702) (ScriptedImporter) -> (artifact id: '03d5d1ccc1778977553a078bb92c5938') in 0.0188905 seconds
Number of updated asset objects reloaded before import = 0Number of asset objects unloaded after import = 2

========================================================================
Received Import Request.
  Time since last request: 0.000035 seconds.
  path: Assets/Часы/12/model.g3d
  artifactKey: Guid(abe61fc9fa79cbd4c88db646b452a50d) Importer(2089858483,192608db42251d675da83286b1cce702)
Start importing Assets/Часы/12/model.g3d using Guid(abe61fc9fa79cbd4c88db646b452a50d) Importer(2089858483,192608db42251d675da83286b1cce702) (ScriptedImporter) -> (artifact id: '08f6b33d9b6a1d413b7e6207e69ef91c') in 0.0123955 seconds
Number of updated asset objects reloaded before import = 0Number of asset objects unloaded after import = 1

========================================================================
Received Import Request.
  Time since last request: 0.000022 seconds.
  path: Assets/Часы/11/RGB_89e06ddab0d14ac7a7be86ca51cb5b5f_NixieMat_Emissive2.png
  artifactKey: Guid(54105419d17947547893ddc365fbb649) Importer(2089858483,192608db42251d675da83286b1cce702)
Start importing Assets/Часы/11/RGB_89e06ddab0d14ac7a7be86ca51cb5b5f_NixieMat_Emissive2.png using Guid(54105419d17947547893ddc365fbb649) Importer(2089858483,192608db42251d675da83286b1cce702) (ScriptedImporter) -> (artifact id: 'c2b81f49288c1e4e5960bfd17efe7ec1') in 0.0357921 seconds
Number of updated asset objects reloaded before import = 0Number of asset objects unloaded after import = 1

========================================================================
Received Import Request.
  Time since last request: 0.000027 seconds.
  path: Assets/Часы/12/RGB_3693cd7b8028402193f1b9f493fa9a3e_watchbraceletbox01_pillow_Mat_Diffuse.png
  artifactKey: Guid(6519bfde72eb2d548be0d4edcee3c178) Importer(2089858483,192608db42251d675da83286b1cce702)
Start importing Assets/Часы/12/RGB_3693cd7b8028402193f1b9f493fa9a3e_watchbraceletbox01_pillow_Mat_Diffuse.png using Guid(6519bfde72eb2d548be0d4edcee3c178) Importer(2089858483,192608db42251d675da83286b1cce702) (ScriptedImporter) -> (artifact id: '8830469dc5e8d076a08763ade02792dd') in 0.1113165 seconds
Number of updated asset objects reloaded before import = 0Number of asset objects unloaded after import = 1

========================================================================
Received Import Request.
  Time since last request: 0.000022 seconds.
  path: Assets/GVOZDY/Cardboard Boxes with Tape/Textures/T_box1_grey_AO.png
  artifactKey: Guid(4a5e1ddc728ef8f4db0945a5af5dfcfe) Importer(2089858483,192608db42251d675da83286b1cce702)
Start importing Assets/GVOZDY/Cardboard Boxes with Tape/Textures/T_box1_grey_AO.png using Guid(4a5e1ddc728ef8f4db0945a5af5dfcfe) Importer(2089858483,192608db42251d675da83286b1cce702) (ScriptedImporter) -> (artifact id: 'f7729c2f4cc14a39e966bea261648654') in 0.0355536 seconds
Number of updated asset objects reloaded before import = 0Number of asset objects unloaded after import = 1

========================================================================
Received Import Request.
  Time since last request: 0.000048 seconds.
  path: Assets/GVOZDY/Cardboard Boxes with Tape/Textures/T_box2_brown_AO.png
  artifactKey: Guid(1cbc9732dd07d99478d420691f643e34) Importer(2089858483,192608db42251d675da83286b1cce702)
Start importing Assets/GVOZDY/Cardboard Boxes with Tape/Textures/T_box2_brown_AO.png using Guid(1cbc9732dd07d99478d420691f643e34) Importer(2089858483,192608db42251d675da83286b1cce702) (ScriptedImporter) -> (artifact id: 'd8e712eb604264f745a7a9e04a142a86') in 0.0388445 seconds
Number of updated asset objects reloaded before import = 0Number of asset objects unloaded after import = 1

========================================================================
Received Import Request.
  Time since last request: 0.000021 seconds.
  path: Assets/Часы/12/model.mtl
  artifactKey: Guid(dab9854563d4bbf41879742a5f434cb2) Importer(2089858483,192608db42251d675da83286b1cce702)
Start importing Assets/Часы/12/model.mtl using Guid(dab9854563d4bbf41879742a5f434cb2) Importer(2089858483,192608db42251d675da83286b1cce702) (ScriptedImporter) -> (artifact id: 'c7aa75fdf662110c393cc1e7eafe2447') in 0.0126099 seconds
Number of updated asset objects reloaded before import = 0Number of asset objects unloaded after import = 1

========================================================================
Received Import Request.
  Time since last request: 0.000034 seconds.
  path: Assets/SourceFiles/Settings/DefaultVolumeProfile.asset
  artifactKey: Guid(726f378e7acc8ae4482ece46850541f6) Importer(2089858483,192608db42251d675da83286b1cce702)
Start importing Assets/SourceFiles/Settings/DefaultVolumeProfile.asset using Guid(726f378e7acc8ae4482ece46850541f6) Importer(2089858483,192608db42251d675da83286b1cce702) (ScriptedImporter) -> (artifact id: '2de051fb1781a47368180ed1324d2170') in 0.0242995 seconds
Number of updated asset objects reloaded before import = 0Number of asset objects unloaded after import = 20

========================================================================
Received Import Request.
  Time since last request: 0.000028 seconds.
  path: Assets/HDRPFurniturePack/Coffee_Table_Books/Models/Materials
  artifactKey: Guid(e6269d69ac361fa4bb417c7ac9b333f8) Importer(2089858483,192608db42251d675da83286b1cce702)
Start importing Assets/HDRPFurniturePack/Coffee_Table_Books/Models/Materials using Guid(e6269d69ac361fa4bb417c7ac9b333f8) Importer(2089858483,192608db42251d675da83286b1cce702) (ScriptedImporter) -> (artifact id: '1aa0f105d1d4ac0efc30626b3bba8779') in 0.0130381 seconds
Number of updated asset objects reloaded before import = 0Number of asset objects unloaded after import = 1

========================================================================
Received Import Request.
  Time since last request: 0.000031 seconds.
  path: Assets/Pegasus Studios/Elegant Interior Decor 3D Models Pack/Resources/Models/Materials/Vase-Red Gold.007.mat
  artifactKey: Guid(b6925d2e3ad33ec4480942c3a2351c16) Importer(2089858483,192608db42251d675da83286b1cce702)
Start importing Assets/Pegasus Studios/Elegant Interior Decor 3D Models Pack/Resources/Models/Materials/Vase-Red Gold.007.mat using Guid(b6925d2e3ad33ec4480942c3a2351c16) Importer(2089858483,192608db42251d675da83286b1cce702) (ScriptedImporter) -> (artifact id: '42a7b55f89b0abb3a94285690ee74729') in 0.0178578 seconds
Number of updated asset objects reloaded before import = 0Number of asset objects unloaded after import = 1

========================================================================
Received Import Request.
  Time since last request: 0.000076 seconds.
  path: Assets/NextGen Furniture Pack/Models/Materials/table_3-No Name.mat
  artifactKey: Guid(76f47724f934a214d8e4123add06937d) Importer(2089858483,192608db42251d675da83286b1cce702)
Start importing Assets/NextGen Furniture Pack/Models/Materials/table_3-No Name.mat using Guid(76f47724f934a214d8e4123add06937d) Importer(2089858483,192608db42251d675da83286b1cce702) (ScriptedImporter) -> (artifact id: '4950022699defede707f45985ffde2df') in 0.0172746 seconds
Number of updated asset objects reloaded before import = 0Number of asset objects unloaded after import = 1

========================================================================
Received Import Request.
  Time since last request: 0.000016 seconds.
  path: Assets/Free Wood Door Pack/Mesh/Materials
  artifactKey: Guid(6ea3da9fdd6e79847962868ffb8fbd7d) Importer(2089858483,192608db42251d675da83286b1cce702)
Start importing Assets/Free Wood Door Pack/Mesh/Materials using Guid(6ea3da9fdd6e79847962868ffb8fbd7d) Importer(2089858483,192608db42251d675da83286b1cce702) (ScriptedImporter) -> (artifact id: '9a77779cf74de088b6d76d0d0d494ebc') in 0.0141688 seconds
Number of updated asset objects reloaded before import = 0Number of asset objects unloaded after import = 1

========================================================================
Received Import Request.
  Time since last request: 0.000020 seconds.
  path: Assets/Pegasus Studios/Elegant Interior Decor 3D Models Pack/Resources/Models/Materials/Candle Stand-Candle.mat
  artifactKey: Guid(54a5ab8f42bb79741897ee114f8ec5b4) Importer(2089858483,192608db42251d675da83286b1cce702)
Start importing Assets/Pegasus Studios/Elegant Interior Decor 3D Models Pack/Resources/Models/Materials/Candle Stand-Candle.mat using Guid(54a5ab8f42bb79741897ee114f8ec5b4) Importer(2089858483,192608db42251d675da83286b1cce702) (ScriptedImporter) -> (artifact id: 'af63c77ad0d2d1437f1a8ad1c85abcef') in 0.0197819 seconds
Number of updated asset objects reloaded before import = 0Number of asset objects unloaded after import = 1

========================================================================
Received Import Request.
  Time since last request: 0.000021 seconds.
  path: Assets/Pegasus Studios/Elegant Interior Decor 3D Models Pack/Resources/Models/Materials/Old Wall Sconce-Red Gold.003.mat
  artifactKey: Guid(5f9a210c821466942ae1ce5938921e90) Importer(2089858483,192608db42251d675da83286b1cce702)
Start importing Assets/Pegasus Studios/Elegant Interior Decor 3D Models Pack/Resources/Models/Materials/Old Wall Sconce-Red Gold.003.mat using Guid(5f9a210c821466942ae1ce5938921e90) Importer(2089858483,192608db42251d675da83286b1cce702) (ScriptedImporter) -> (artifact id: '87303fe264d966bfc071daf017f1a619') in 0.0175799 seconds
Number of updated asset objects reloaded before import = 0Number of asset objects unloaded after import = 1

========================================================================
Received Import Request.
  Time since last request: 0.000021 seconds.
  path: Assets/Pegasus Studios/Elegant Interior Decor 3D Models Pack/Resources/Models/Materials/Chandelier-Pink Red 4.mat
  artifactKey: Guid(552f113c2b113a24d9d064f921f96407) Importer(2089858483,192608db42251d675da83286b1cce702)
Start importing Assets/Pegasus Studios/Elegant Interior Decor 3D Models Pack/Resources/Models/Materials/Chandelier-Pink Red 4.mat using Guid(552f113c2b113a24d9d064f921f96407) Importer(2089858483,192608db42251d675da83286b1cce702) (ScriptedImporter) -> (artifact id: '04f153b10d02e7302f0327d7f5942b08') in 0.0163559 seconds
Number of updated asset objects reloaded before import = 0Number of asset objects unloaded after import = 1

========================================================================
Received Import Request.
  Time since last request: 0.000028 seconds.
  path: Assets/Phoenix3D/P3D_Wallpaper_Carpet_and_CurtainFabric_Materials_Pack/Models/Materials/Sample_House-Celling.mat
  artifactKey: Guid(d3c01e29ce8f2e34faf540745a27499d) Importer(2089858483,192608db42251d675da83286b1cce702)
Start importing Assets/Phoenix3D/P3D_Wallpaper_Carpet_and_CurtainFabric_Materials_Pack/Models/Materials/Sample_House-Celling.mat using Guid(d3c01e29ce8f2e34faf540745a27499d) Importer(2089858483,192608db42251d675da83286b1cce702) (ScriptedImporter) -> (artifact id: 'cdbfff9fcea8aeed9a3876116b79e612') in 0.0171852 seconds
Number of updated asset objects reloaded before import = 0Number of asset objects unloaded after import = 1

========================================================================
Received Import Request.
  Time since last request: 0.000027 seconds.
  path: Assets/Phoenix3D/P3D_Wallpaper_Carpet_and_CurtainFabric_Materials_Pack/Models/Materials/Sample_House-Curtain_6.mat
  artifactKey: Guid(c77c7026f2f534d46a71b3e33754cd38) Importer(2089858483,192608db42251d675da83286b1cce702)
Start importing Assets/Phoenix3D/P3D_Wallpaper_Carpet_and_CurtainFabric_Materials_Pack/Models/Materials/Sample_House-Curtain_6.mat using Guid(c77c7026f2f534d46a71b3e33754cd38) Importer(2089858483,192608db42251d675da83286b1cce702) (ScriptedImporter) -> (artifact id: '6c1a552fa20ac6647ae17f4612e4f04a') in 0.0149621 seconds
Number of updated asset objects reloaded before import = 0Number of asset objects unloaded after import = 1

========================================================================
Received Import Request.
  Time since last request: 0.000020 seconds.
  path: Assets/Phoenix3D/P3D_Wallpaper_Carpet_and_CurtainFabric_Materials_Pack/Models/Materials/Living_Room_Decoration-Plastic.mat
  artifactKey: Guid(435b9804f58a74745b4deda29e063c7b) Importer(2089858483,192608db42251d675da83286b1cce702)
Start importing Assets/Phoenix3D/P3D_Wallpaper_Carpet_and_CurtainFabric_Materials_Pack/Models/Materials/Living_Room_Decoration-Plastic.mat using Guid(435b9804f58a74745b4deda29e063c7b) Importer(2089858483,192608db42251d675da83286b1cce702) (ScriptedImporter) -> (artifact id: 'f41b79f1b41918a06e1e1b83f3af7ed2') in 0.0175012 seconds
Number of updated asset objects reloaded before import = 0Number of asset objects unloaded after import = 1

========================================================================
Received Import Request.
  Time since last request: 0.000018 seconds.
  path: Assets/SourceFiles/Settings/Mobile_Renderer.asset
  artifactKey: Guid(dd8397abe4854494482805d5e998ab87) Importer(2089858483,192608db42251d675da83286b1cce702)
Start importing Assets/SourceFiles/Settings/Mobile_Renderer.asset using Guid(dd8397abe4854494482805d5e998ab87) Importer(2089858483,192608db42251d675da83286b1cce702) (ScriptedImporter) -> (artifact id: '36eef0f8a4888fec31893371c15072dd') in 0.0590458 seconds
Number of updated asset objects reloaded before import = 0Number of asset objects unloaded after import = 2

========================================================================
Received Import Request.
  Time since last request: 0.000026 seconds.
  path: Assets/Phoenix3D/P3D_Wallpaper_Carpet_and_CurtainFabric_Materials_Pack/Models/Materials/Bed_Room_Decoration-Plastic.mat
  artifactKey: Guid(c2d55d3958ab4cf469279b487e032684) Importer(2089858483,192608db42251d675da83286b1cce702)
Start importing Assets/Phoenix3D/P3D_Wallpaper_Carpet_and_CurtainFabric_Materials_Pack/Models/Materials/Bed_Room_Decoration-Plastic.mat using Guid(c2d55d3958ab4cf469279b487e032684) Importer(2089858483,192608db42251d675da83286b1cce702) (ScriptedImporter) -> (artifact id: 'bb247d1ac783788fc56658206579cba3') in 0.0176943 seconds
Number of updated asset objects reloaded before import = 0Number of asset objects unloaded after import = 1

========================================================================
Received Import Request.
  Time since last request: 0.000031 seconds.
  path: Assets/Tree_Packs/URP_Tree_Pack/Textures/Leaf/Materials/URP_1_Leaf 2.mat
  artifactKey: Guid(f5474468a9562354188e8076d3eb5490) Importer(2089858483,192608db42251d675da83286b1cce702)
Start importing Assets/Tree_Packs/URP_Tree_Pack/Textures/Leaf/Materials/URP_1_Leaf 2.mat using Guid(f5474468a9562354188e8076d3eb5490) Importer(2089858483,192608db42251d675da83286b1cce702) (ScriptedImporter) -> (artifact id: '3738cbc45b620c97b2ab9deedfd80a45') in 0.0218612 seconds
Number of updated asset objects reloaded before import = 0Number of asset objects unloaded after import = 2

========================================================================
Received Import Request.
  Time since last request: 0.000023 seconds.
  path: Assets/GVOZDY/Cardboard Boxes with Tape/Textures/T_box2_brown_MetallicSmoothness.png
  artifactKey: Guid(28ae54eb7348ff846b55739b1349504e) Importer(2089858483,192608db42251d675da83286b1cce702)
Start importing Assets/GVOZDY/Cardboard Boxes with Tape/Textures/T_box2_brown_MetallicSmoothness.png using Guid(28ae54eb7348ff846b55739b1349504e) Importer(2089858483,192608db42251d675da83286b1cce702) (ScriptedImporter) -> (artifact id: 'ca486c17349a40caaae77739e18745a0') in 0.0390918 seconds
Number of updated asset objects reloaded before import = 0Number of asset objects unloaded after import = 1

========================================================================
Received Import Request.
  Time since last request: 0.000020 seconds.
  path: Assets/HDRP_Oak_Tree/Scenes/HDRP_TreePack1/Global Volume Profile.asset
  artifactKey: Guid(be239c4908198f24da3f4d211152bbc3) Importer(2089858483,192608db42251d675da83286b1cce702)
Start importing Assets/HDRP_Oak_Tree/Scenes/HDRP_TreePack1/Global Volume Profile.asset using Guid(be239c4908198f24da3f4d211152bbc3) Importer(2089858483,192608db42251d675da83286b1cce702) (ScriptedImporter) -> (artifact id: '82e7b6df4515c0290390c3f6321caf0b') in 0.0162312 seconds
Number of updated asset objects reloaded before import = 0Number of asset objects unloaded after import = 11

========================================================================
Received Import Request.
  Time since last request: 0.000029 seconds.
  path: Assets/Phoenix3D/P3D_Wallpaper_Carpet_and_CurtainFabric_Materials_Pack/Models/Materials/Bed_Room_Decoration-Metal.mat
  artifactKey: Guid(f5f4af3b56f95244eb3b3c56c1a9047e) Importer(2089858483,192608db42251d675da83286b1cce702)
Start importing Assets/Phoenix3D/P3D_Wallpaper_Carpet_and_CurtainFabric_Materials_Pack/Models/Materials/Bed_Room_Decoration-Metal.mat using Guid(f5f4af3b56f95244eb3b3c56c1a9047e) Importer(2089858483,192608db42251d675da83286b1cce702) (ScriptedImporter) -> (artifact id: '2ac79a57acba0341f08ef21f118ed192') in 0.0198127 seconds
Number of updated asset objects reloaded before import = 0Number of asset objects unloaded after import = 1

========================================================================
Received Import Request.
  Time since last request: 0.000030 seconds.
  path: Assets/Tree_Packs/URP_Tree_Pack/Textures/Leaf/Materials/URP_1_Leaf 4.mat
  artifactKey: Guid(8399bc3acb631bf4ca399e9ef40fffef) Importer(2089858483,192608db42251d675da83286b1cce702)
Start importing Assets/Tree_Packs/URP_Tree_Pack/Textures/Leaf/Materials/URP_1_Leaf 4.mat using Guid(8399bc3acb631bf4ca399e9ef40fffef) Importer(2089858483,192608db42251d675da83286b1cce702) (ScriptedImporter) -> (artifact id: '2aec3140c5a46b2643f5256026cb1674') in 0.0177049 seconds
Number of updated asset objects reloaded before import = 0Number of asset objects unloaded after import = 2

========================================================================
Received Import Request.
  Time since last request: 0.000022 seconds.
  path: Assets/NextGen Furniture Pack/Models/Materials/commode_1-No Name.mat
  artifactKey: Guid(37ae2e36db01b2241a4d0c8a43eb7f61) Importer(2089858483,192608db42251d675da83286b1cce702)
Start importing Assets/NextGen Furniture Pack/Models/Materials/commode_1-No Name.mat using Guid(37ae2e36db01b2241a4d0c8a43eb7f61) Importer(2089858483,192608db42251d675da83286b1cce702) (ScriptedImporter) -> (artifact id: 'e6d32c81a6c0d41509fbc8e659ddea3a') in 0.0205418 seconds
Number of updated asset objects reloaded before import = 0Number of asset objects unloaded after import = 1

========================================================================
Received Import Request.
  Time since last request: 0.000033 seconds.
  path: Assets/Часы/8/N_58c7ada4d3e04ec8b173fdff065137c7_Keys_and_Presses_Mat_Normal_DirectX.png
  artifactKey: Guid(11603df1f8252ba4c83e81b0e221890e) Importer(2089858483,192608db42251d675da83286b1cce702)
Start importing Assets/Часы/8/N_58c7ada4d3e04ec8b173fdff065137c7_Keys_and_Presses_Mat_Normal_DirectX.png using Guid(11603df1f8252ba4c83e81b0e221890e) Importer(2089858483,192608db42251d675da83286b1cce702) (ScriptedImporter) -> (artifact id: 'ac0a5edfe812621e4118db24035e5f9c') in 0.0791386 seconds
Number of updated asset objects reloaded before import = 0Number of asset objects unloaded after import = 1

========================================================================
Received Import Request.
  Time since last request: 0.000024 seconds.
  path: Assets/Часы/9/R_224933c771ec41198c1221449f6f4ade_Clock_Grayscale.png
  artifactKey: Guid(77bf899285f07eb428e7e2546444673a) Importer(2089858483,192608db42251d675da83286b1cce702)
Start importing Assets/Часы/9/R_224933c771ec41198c1221449f6f4ade_Clock_Grayscale.png using Guid(77bf899285f07eb428e7e2546444673a) Importer(2089858483,192608db42251d675da83286b1cce702) (ScriptedImporter) -> (artifact id: 'c710d50791f6be4b171312e6fae23839') in 0.0746348 seconds
Number of updated asset objects reloaded before import = 0Number of asset objects unloaded after import = 1

========================================================================
Received Import Request.
  Time since last request: 0.000035 seconds.
  path: Assets/Tree_Packs/URP_Tree_Pack/Textures/Leaf/Materials/URP_1_Leaf 7.mat
  artifactKey: Guid(c39b8f5450e3ec44585ba9c29bd08e6b) Importer(2089858483,192608db42251d675da83286b1cce702)
Start importing Assets/Tree_Packs/URP_Tree_Pack/Textures/Leaf/Materials/URP_1_Leaf 7.mat using Guid(c39b8f5450e3ec44585ba9c29bd08e6b) Importer(2089858483,192608db42251d675da83286b1cce702) (ScriptedImporter) -> (artifact id: '0274c70c37d78730eb43ec979963b49b') in 0.0180464 seconds
Number of updated asset objects reloaded before import = 0Number of asset objects unloaded after import = 2

========================================================================
Received Import Request.
  Time since last request: 0.000023 seconds.
  path: Assets/Assets ; Expence/ALP_Assets/Old Floor Linoleum FREE/Scene/Scene_Profiles
  artifactKey: Guid(5e7fbf3641ce18847bba74775f6f7141) Importer(2089858483,192608db42251d675da83286b1cce702)
Start importing Assets/Assets ; Expence/ALP_Assets/Old Floor Linoleum FREE/Scene/Scene_Profiles using Guid(5e7fbf3641ce18847bba74775f6f7141) Importer(2089858483,192608db42251d675da83286b1cce702) (ScriptedImporter) -> (artifact id: '50ff422a4125ffb23db3f08898ac62c2') in 0.0145484 seconds
Number of updated asset objects reloaded before import = 0Number of asset objects unloaded after import = 1

========================================================================
Received Import Request.
  Time since last request: 0.000023 seconds.
  path: Assets/Часы/0/R_8b0702cb8694480f852dcb6c3ce85e51_TEX_SFT_FancyCoffeeTable_Main_roughness.png
  artifactKey: Guid(fce326e45e82b994bbc81c10278a2e2f) Importer(2089858483,192608db42251d675da83286b1cce702)
Start importing Assets/Часы/0/R_8b0702cb8694480f852dcb6c3ce85e51_TEX_SFT_FancyCoffeeTable_Main_roughness.png using Guid(fce326e45e82b994bbc81c10278a2e2f) Importer(2089858483,192608db42251d675da83286b1cce702) (ScriptedImporter) -> (artifact id: '639657a41e7e115a3ba3ecba2500ede3') in 0.0766119 seconds
Number of updated asset objects reloaded before import = 0Number of asset objects unloaded after import = 1

========================================================================
Received Import Request.
  Time since last request: 0.000031 seconds.
  path: Assets/Часы/12/RGB_3b5abdda99ce448382c3426768f92c25_watchbraceletbox01_metal_Mat_Specular.png
  artifactKey: Guid(27c4dd985794c674cacc9264adf4c082) Importer(2089858483,192608db42251d675da83286b1cce702)
Start importing Assets/Часы/12/RGB_3b5abdda99ce448382c3426768f92c25_watchbraceletbox01_metal_Mat_Specular.png using Guid(27c4dd985794c674cacc9264adf4c082) Importer(2089858483,192608db42251d675da83286b1cce702) (ScriptedImporter) -> (artifact id: '3a5a74d6168ec1066c53e02bdc27d7c2') in 0.0818347 seconds
Number of updated asset objects reloaded before import = 0Number of asset objects unloaded after import = 1

========================================================================
Received Import Request.
  Time since last request: 0.000042 seconds.
  path: Assets/HDRP_Oak_Tree/Models/Oak/Materials/Leafs_Oak.mat
  artifactKey: Guid(6666e645c477eae4a9560d68cf271d9d) Importer(2089858483,192608db42251d675da83286b1cce702)
Start importing Assets/HDRP_Oak_Tree/Models/Oak/Materials/Leafs_Oak.mat using Guid(6666e645c477eae4a9560d68cf271d9d) Importer(2089858483,192608db42251d675da83286b1cce702) (ScriptedImporter) -> (artifact id: 'a5f3f3d1b75a74923edd70207668530c') in 0.0239226 seconds
Number of updated asset objects reloaded before import = 0Number of asset objects unloaded after import = 1

========================================================================
Received Import Request.
  Time since last request: 0.000019 seconds.
  path: Assets/Часы/2/N_e86cb45692b2405495a6117ff09ced44_jewelrystands_gold_Mat_Normal.png
  artifactKey: Guid(6bd3cbd3df2f3134b919c2bdc7fc0b3c) Importer(2089858483,192608db42251d675da83286b1cce702)
Start importing Assets/Часы/2/N_e86cb45692b2405495a6117ff09ced44_jewelrystands_gold_Mat_Normal.png using Guid(6bd3cbd3df2f3134b919c2bdc7fc0b3c) Importer(2089858483,192608db42251d675da83286b1cce702) (ScriptedImporter) -> (artifact id: '8ce52959db3d271cbb752fc8b212d968') in 0.0366351 seconds
Number of updated asset objects reloaded before import = 0Number of asset objects unloaded after import = 1

========================================================================
Received Import Request.
  Time since last request: 0.000027 seconds.
  path: Assets/JJ_InteriorDoorPack_V1/Meshes/Materials/intDoor_metalFrame-mat_intDoor_metalFrame.mat
  artifactKey: Guid(638015cde59e30a4e87e244ebd237770) Importer(2089858483,192608db42251d675da83286b1cce702)
Start importing Assets/JJ_InteriorDoorPack_V1/Meshes/Materials/intDoor_metalFrame-mat_intDoor_metalFrame.mat using Guid(638015cde59e30a4e87e244ebd237770) Importer(2089858483,192608db42251d675da83286b1cce702) (ScriptedImporter) -> (artifact id: 'cdf54869cfa88e72bc98d0994c05c530') in 0.0178855 seconds
Number of updated asset objects reloaded before import = 0Number of asset objects unloaded after import = 1

========================================================================
Received Import Request.
  Time since last request: 0.000030 seconds.
  path: Assets/HDRPFurniturePack/Curtain/Models/Materials/Curtain_240x140-lambert1.mat
  artifactKey: Guid(6473179bcebd23f4e9262f113a4d4002) Importer(2089858483,192608db42251d675da83286b1cce702)
Start importing Assets/HDRPFurniturePack/Curtain/Models/Materials/Curtain_240x140-lambert1.mat using Guid(6473179bcebd23f4e9262f113a4d4002) Importer(2089858483,192608db42251d675da83286b1cce702) (ScriptedImporter) -> (artifact id: 'f8b479a360c0a13369cb2bb26df7e5ac') in 0.0212245 seconds
Number of updated asset objects reloaded before import = 0Number of asset objects unloaded after import = 1

========================================================================
Received Import Request.
  Time since last request: 0.000029 seconds.
  path: Assets/NextGen Furniture Pack/Models/Materials/chair_2-No Name.mat
  artifactKey: Guid(c83e8e1bd16694b4aa2e8823d834f662) Importer(2089858483,192608db42251d675da83286b1cce702)
Start importing Assets/NextGen Furniture Pack/Models/Materials/chair_2-No Name.mat using Guid(c83e8e1bd16694b4aa2e8823d834f662) Importer(2089858483,192608db42251d675da83286b1cce702) (ScriptedImporter) -> (artifact id: 'f347863419435849faad19827cc34fa3') in 0.0170629 seconds
Number of updated asset objects reloaded before import = 0Number of asset objects unloaded after import = 1

========================================================================
Received Import Request.
  Time since last request: 0.000028 seconds.
  path: Assets/HDRPFurniturePack/Rug_High_Pile_Grey/Models/Materials/Rug_High_Pile_Grey-ilrOccSampler1.mat
  artifactKey: Guid(15a90ef866d07604c9f63f428df54c14) Importer(2089858483,192608db42251d675da83286b1cce702)
Start importing Assets/HDRPFurniturePack/Rug_High_Pile_Grey/Models/Materials/Rug_High_Pile_Grey-ilrOccSampler1.mat using Guid(15a90ef866d07604c9f63f428df54c14) Importer(2089858483,192608db42251d675da83286b1cce702) (ScriptedImporter) -> (artifact id: 'c23e25d7706ee9a8500c97ea924ae70f') in 0.0195644 seconds
Number of updated asset objects reloaded before import = 0Number of asset objects unloaded after import = 1

========================================================================
Received Import Request.
  Time since last request: 0.000020 seconds.
  path: Assets/SpaceZeta_StreetLamps/Base Meshes/Materials/StreetLamp2_Tall-No Name.mat
  artifactKey: Guid(de8634be2dba6c54c8a5fa6b9f56b2f8) Importer(2089858483,192608db42251d675da83286b1cce702)
Start importing Assets/SpaceZeta_StreetLamps/Base Meshes/Materials/StreetLamp2_Tall-No Name.mat using Guid(de8634be2dba6c54c8a5fa6b9f56b2f8) Importer(2089858483,192608db42251d675da83286b1cce702) (ScriptedImporter) -> (artifact id: '08c1206e08dacf6087fed9847cae68e6') in 0.0182468 seconds
Number of updated asset objects reloaded before import = 0Number of asset objects unloaded after import = 1

========================================================================
Received Import Request.
  Time since last request: 0.000027 seconds.
  path: Assets/NextGen Furniture Pack/Models/Materials/table_1-No Name.mat
  artifactKey: Guid(20951a9fd8163e044b23df3511b19998) Importer(2089858483,192608db42251d675da83286b1cce702)
Start importing Assets/NextGen Furniture Pack/Models/Materials/table_1-No Name.mat using Guid(20951a9fd8163e044b23df3511b19998) Importer(2089858483,192608db42251d675da83286b1cce702) (ScriptedImporter) -> (artifact id: 'cd85f66b9f5a70a54cf31ac715d9e0d2') in 0.0172759 seconds
Number of updated asset objects reloaded before import = 0Number of asset objects unloaded after import = 1

========================================================================
Received Import Request.
  Time since last request: 0.000021 seconds.
  path: Assets/NextGen Furniture Pack/Models/Materials/chair_6-No Name.mat
  artifactKey: Guid(3572843e9b1e55841bc332797bc8a8d1) Importer(2089858483,192608db42251d675da83286b1cce702)
Start importing Assets/NextGen Furniture Pack/Models/Materials/chair_6-No Name.mat using Guid(3572843e9b1e55841bc332797bc8a8d1) Importer(2089858483,192608db42251d675da83286b1cce702) (ScriptedImporter) -> (artifact id: 'aa2d1f8aba959d68af87e114824a9755') in 0.0178186 seconds
Number of updated asset objects reloaded before import = 0Number of asset objects unloaded after import = 1

========================================================================
Received Import Request.
  Time since last request: 0.000029 seconds.
  path: Assets/Phoenix3D/P3D_Wallpaper_Carpet_and_CurtainFabric_Materials_Pack/Models/Materials/Sample_House-Stairs_1.mat
  artifactKey: Guid(a2dc315163620fa47981762b24cd00c9) Importer(2089858483,192608db42251d675da83286b1cce702)
Start importing Assets/Phoenix3D/P3D_Wallpaper_Carpet_and_CurtainFabric_Materials_Pack/Models/Materials/Sample_House-Stairs_1.mat using Guid(a2dc315163620fa47981762b24cd00c9) Importer(2089858483,192608db42251d675da83286b1cce702) (ScriptedImporter) -> (artifact id: '51683c8a9b13fe498759fcf89883ed03') in 0.0185288 seconds
Number of updated asset objects reloaded before import = 0Number of asset objects unloaded after import = 1

========================================================================
Received Import Request.
  Time since last request: 0.000032 seconds.
  path: Assets/Pegasus Studios/Elegant Interior Decor 3D Models Pack/Resources/Models/Materials/Flower Pot-Rose Red.mat
  artifactKey: Guid(5ca6e516f3b1a2c418ef5ecb7b1033f6) Importer(2089858483,192608db42251d675da83286b1cce702)
Start importing Assets/Pegasus Studios/Elegant Interior Decor 3D Models Pack/Resources/Models/Materials/Flower Pot-Rose Red.mat using Guid(5ca6e516f3b1a2c418ef5ecb7b1033f6) Importer(2089858483,192608db42251d675da83286b1cce702) (ScriptedImporter) -> (artifact id: '2809765638d46c7943f999c39273059b') in 0.0152553 seconds
Number of updated asset objects reloaded before import = 0Number of asset objects unloaded after import = 1

========================================================================
Received Import Request.
  Time since last request: 0.000020 seconds.
  path: Assets/Pegasus Studios/Elegant Interior Decor 3D Models Pack/Resources/Models/Materials/Flower Pot-Flower Pot.mat
  artifactKey: Guid(2723c19238037bf448ea285dc5c31fe3) Importer(2089858483,192608db42251d675da83286b1cce702)
Start importing Assets/Pegasus Studios/Elegant Interior Decor 3D Models Pack/Resources/Models/Materials/Flower Pot-Flower Pot.mat using Guid(2723c19238037bf448ea285dc5c31fe3) Importer(2089858483,192608db42251d675da83286b1cce702) (ScriptedImporter) -> (artifact id: '2f70a9d8bf5513652d7e8e5675047f46') in 0.0194039 seconds
Number of updated asset objects reloaded before import = 0Number of asset objects unloaded after import = 1

========================================================================
Received Import Request.
  Time since last request: 0.000026 seconds.
  path: Assets/Free Wood Door Pack/Mesh/Materials/Wood_Door-Material #2610.mat
  artifactKey: Guid(eea9666361afe93448ab29d5cd01f16b) Importer(2089858483,192608db42251d675da83286b1cce702)
Start importing Assets/Free Wood Door Pack/Mesh/Materials/Wood_Door-Material #2610.mat using Guid(eea9666361afe93448ab29d5cd01f16b) Importer(2089858483,192608db42251d675da83286b1cce702) (ScriptedImporter) -> (artifact id: 'e1bb5fce0b9daeeb71259b12ad034be1') in 0.0153943 seconds
Number of updated asset objects reloaded before import = 0Number of asset objects unloaded after import = 1

========================================================================
Received Import Request.
  Time since last request: 0.000016 seconds.
  path: Assets/Phoenix3D/P3D_Wallpaper_Carpet_and_CurtainFabric_Materials_Pack/Models/Materials/Bed_Room_Decoration-Lamps.mat
  artifactKey: Guid(bb4de2c844a0a59499934f3563778322) Importer(2089858483,192608db42251d675da83286b1cce702)
Start importing Assets/Phoenix3D/P3D_Wallpaper_Carpet_and_CurtainFabric_Materials_Pack/Models/Materials/Bed_Room_Decoration-Lamps.mat using Guid(bb4de2c844a0a59499934f3563778322) Importer(2089858483,192608db42251d675da83286b1cce702) (ScriptedImporter) -> (artifact id: 'd48af97be0428318a71836aa1647d59e') in 0.0178189 seconds
Number of updated asset objects reloaded before import = 0Number of asset objects unloaded after import = 1

========================================================================
Received Import Request.
  Time since last request: 0.000039 seconds.
  path: Assets/HDRPFurniturePack/Succulent_Planter/Models/Materials/Succulent_Planter_Ceramic-blinn1.mat
  artifactKey: Guid(6efc122486e7de54c87d1a66e537a7e5) Importer(2089858483,192608db42251d675da83286b1cce702)
Start importing Assets/HDRPFurniturePack/Succulent_Planter/Models/Materials/Succulent_Planter_Ceramic-blinn1.mat using Guid(6efc122486e7de54c87d1a66e537a7e5) Importer(2089858483,192608db42251d675da83286b1cce702) (ScriptedImporter) -> (artifact id: '5e8a1eb621a8d6af82e11c630c7457c9') in 0.0188799 seconds
Number of updated asset objects reloaded before import = 0Number of asset objects unloaded after import = 1

========================================================================
Received Import Request.
  Time since last request: 0.000049 seconds.
  path: Assets/Phoenix3D/P3D_Wallpaper_Carpet_and_CurtainFabric_Materials_Pack/Models/Materials/Other_Decoration-Carpet.mat
  artifactKey: Guid(f96d0340ed964ea4a8c29df7f0f29919) Importer(2089858483,192608db42251d675da83286b1cce702)
Start importing Assets/Phoenix3D/P3D_Wallpaper_Carpet_and_CurtainFabric_Materials_Pack/Models/Materials/Other_Decoration-Carpet.mat using Guid(f96d0340ed964ea4a8c29df7f0f29919) Importer(2089858483,192608db42251d675da83286b1cce702) (ScriptedImporter) -> (artifact id: '4ac20f6314a1c6dce4825d745d5771cb') in 0.0182743 seconds
Number of updated asset objects reloaded before import = 0Number of asset objects unloaded after import = 1

========================================================================
Received Import Request.
  Time since last request: 0.000023 seconds.
  path: Assets/Pegasus Studios/Elegant Interior Decor 3D Models Pack/Resources/Models/Materials/Painting-Dark Wood.mat
  artifactKey: Guid(dfe916505025fe14aa01333983946977) Importer(2089858483,192608db42251d675da83286b1cce702)
Start importing Assets/Pegasus Studios/Elegant Interior Decor 3D Models Pack/Resources/Models/Materials/Painting-Dark Wood.mat using Guid(dfe916505025fe14aa01333983946977) Importer(2089858483,192608db42251d675da83286b1cce702) (ScriptedImporter) -> (artifact id: 'b183bbe8230ed0f1c7560d36941d42a1') in 0.0171858 seconds
Number of updated asset objects reloaded before import = 0Number of asset objects unloaded after import = 1

========================================================================
Received Import Request.
  Time since last request: 0.000016 seconds.
  path: Assets/Phoenix3D/P3D_Wallpaper_Carpet_and_CurtainFabric_Materials_Pack/Models/Materials/Sample_House-Fondasion.mat
  artifactKey: Guid(0c1ace2784659fa429683a3737fe6ce4) Importer(2089858483,192608db42251d675da83286b1cce702)
Start importing Assets/Phoenix3D/P3D_Wallpaper_Carpet_and_CurtainFabric_Materials_Pack/Models/Materials/Sample_House-Fondasion.mat using Guid(0c1ace2784659fa429683a3737fe6ce4) Importer(2089858483,192608db42251d675da83286b1cce702) (ScriptedImporter) -> (artifact id: 'c80415880eda718776fe3ffa41eca8de') in 0.0182071 seconds
Number of updated asset objects reloaded before import = 0Number of asset objects unloaded after import = 1

========================================================================
Received Import Request.
  Time since last request: 0.000030 seconds.
  path: Assets/HDRPFurniturePack/Coffee_Table_Books/Models/Materials/Coffee_Table_Books-lambert2.mat
  artifactKey: Guid(8e12047b9e093a6498bc901f4d604f33) Importer(2089858483,192608db42251d675da83286b1cce702)
Start importing Assets/HDRPFurniturePack/Coffee_Table_Books/Models/Materials/Coffee_Table_Books-lambert2.mat using Guid(8e12047b9e093a6498bc901f4d604f33) Importer(2089858483,192608db42251d675da83286b1cce702) (ScriptedImporter) -> (artifact id: 'f3ace0c8684621f7c2c05f0fb749b078') in 0.0172798 seconds
Number of updated asset objects reloaded before import = 0Number of asset objects unloaded after import = 1

========================================================================
Received Import Request.
  Time since last request: 0.000027 seconds.
  path: Assets/HDRPFurniturePack/Artek/Table_97_Artek/Models/Materials
  artifactKey: Guid(f55bcf868ed706e41a0adbe5c5c7ca95) Importer(2089858483,192608db42251d675da83286b1cce702)
Start importing Assets/HDRPFurniturePack/Artek/Table_97_Artek/Models/Materials using Guid(f55bcf868ed706e41a0adbe5c5c7ca95) Importer(2089858483,192608db42251d675da83286b1cce702) (ScriptedImporter) -> (artifact id: 'e03a403c6c6093070364b25d2d0a2002') in 0.0133149 seconds
Number of updated asset objects reloaded before import = 0Number of asset objects unloaded after import = 1

========================================================================
Received Import Request.
  Time since last request: 0.000030 seconds.
  path: Assets/Phoenix3D/P3D_Wallpaper_Carpet_and_CurtainFabric_Materials_Pack/Models/Materials/Kitchen_Decoration-Plastic.mat
  artifactKey: Guid(76592bec73ae5154e91cb5508fe1de14) Importer(2089858483,192608db42251d675da83286b1cce702)
Start importing Assets/Phoenix3D/P3D_Wallpaper_Carpet_and_CurtainFabric_Materials_Pack/Models/Materials/Kitchen_Decoration-Plastic.mat using Guid(76592bec73ae5154e91cb5508fe1de14) Importer(2089858483,192608db42251d675da83286b1cce702) (ScriptedImporter) -> (artifact id: '1c496855b7b3895175081b4f44e7f2c0') in 0.0171436 seconds
Number of updated asset objects reloaded before import = 0Number of asset objects unloaded after import = 1

========================================================================
Received Import Request.
  Time since last request: 0.000021 seconds.
  path: Assets/Phoenix3D/P3D_Wallpaper_Carpet_and_CurtainFabric_Materials_Pack/Models/Materials/Other_Decoration-Metal_Parts.mat
  artifactKey: Guid(bc03a4a9c5fffd748aa86b912a27edd4) Importer(2089858483,192608db42251d675da83286b1cce702)
Start importing Assets/Phoenix3D/P3D_Wallpaper_Carpet_and_CurtainFabric_Materials_Pack/Models/Materials/Other_Decoration-Metal_Parts.mat using Guid(bc03a4a9c5fffd748aa86b912a27edd4) Importer(2089858483,192608db42251d675da83286b1cce702) (ScriptedImporter) -> (artifact id: 'd1070753388719647092f1ba1369ca72') in 0.0177801 seconds
Number of updated asset objects reloaded before import = 0Number of asset objects unloaded after import = 1

========================================================================
Received Import Request.
  Time since last request: 0.000020 seconds.
  path: Assets/Pegasus Studios/Elegant Interior Decor 3D Models Pack/Resources/Models/Materials/Flower Pot-Rose Stem.mat
  artifactKey: Guid(64bfaf5dc5208d4479d2546c735aaecd) Importer(2089858483,192608db42251d675da83286b1cce702)
Start importing Assets/Pegasus Studios/Elegant Interior Decor 3D Models Pack/Resources/Models/Materials/Flower Pot-Rose Stem.mat using Guid(64bfaf5dc5208d4479d2546c735aaecd) Importer(2089858483,192608db42251d675da83286b1cce702) (ScriptedImporter) -> (artifact id: '6b81f24fa721620a2d6a0352acba9e26') in 0.0191554 seconds
Number of updated asset objects reloaded before import = 0Number of asset objects unloaded after import = 1

========================================================================
Received Import Request.
  Time since last request: 0.000021 seconds.
  path: Assets/Pegasus Studios/Elegant Interior Decor 3D Models Pack/Resources/Models/Materials/Painting-Painting (Women).mat
  artifactKey: Guid(bbc9dd5d2e6367149beceb20ee7cf3f6) Importer(2089858483,192608db42251d675da83286b1cce702)
Start importing Assets/Pegasus Studios/Elegant Interior Decor 3D Models Pack/Resources/Models/Materials/Painting-Painting (Women).mat using Guid(bbc9dd5d2e6367149beceb20ee7cf3f6) Importer(2089858483,192608db42251d675da83286b1cce702) (ScriptedImporter) -> (artifact id: '917ef0b679a3384d427f1482dadd69ee') in 0.0191976 seconds
Number of updated asset objects reloaded before import = 0Number of asset objects unloaded after import = 1

========================================================================
Received Import Request.
  Time since last request: 0.000021 seconds.
  path: Assets/JJ_InteriorDoorPack_V1/Meshes/Materials
  artifactKey: Guid(22936fc4cfd1f4f4f913ef2d10b04ab8) Importer(2089858483,192608db42251d675da83286b1cce702)
Start importing Assets/JJ_InteriorDoorPack_V1/Meshes/Materials using Guid(22936fc4cfd1f4f4f913ef2d10b04ab8) Importer(2089858483,192608db42251d675da83286b1cce702) (ScriptedImporter) -> (artifact id: '947002bca62352de6a8d0e590dd5c7ad') in 0.0137402 seconds
Number of updated asset objects reloaded before import = 0Number of asset objects unloaded after import = 1

========================================================================
Received Import Request.
  Time since last request: 0.000035 seconds.
  path: Assets/Phoenix3D/P3D_Wallpaper_Carpet_and_CurtainFabric_Materials_Pack/Models/Materials/Sample_House-Chimneys_2.mat
  artifactKey: Guid(c463c2800cc03d048a7ea9efa0fda092) Importer(2089858483,192608db42251d675da83286b1cce702)
Start importing Assets/Phoenix3D/P3D_Wallpaper_Carpet_and_CurtainFabric_Materials_Pack/Models/Materials/Sample_House-Chimneys_2.mat using Guid(c463c2800cc03d048a7ea9efa0fda092) Importer(2089858483,192608db42251d675da83286b1cce702) (ScriptedImporter) -> (artifact id: 'd5230f5d8bc04b756e886954a0eeb5c6') in 0.0177782 seconds
Number of updated asset objects reloaded before import = 0Number of asset objects unloaded after import = 1

========================================================================
Received Import Request.
  Time since last request: 0.000019 seconds.
  path: Assets/Часы/17/textures/opacity.jpg
  artifactKey: Guid(b3e706575f5b1ed4faf38be2f6a278d7) Importer(2089858483,192608db42251d675da83286b1cce702)
Start importing Assets/Часы/17/textures/opacity.jpg using Guid(b3e706575f5b1ed4faf38be2f6a278d7) Importer(2089858483,192608db42251d675da83286b1cce702) (ScriptedImporter) -> (artifact id: 'd17f234be5d427cf6f8080263011f0c6') in 0.0346532 seconds
Number of updated asset objects reloaded before import = 0Number of asset objects unloaded after import = 1

========================================================================
Received Import Request.
  Time since last request: 0.000020 seconds.
  path: Assets/Часы/0/A_452bee2b21c9417c81114b6730758744_TEX_SFT_FancyCoffeeTable_Glass_opacity.png
  artifactKey: Guid(eb6761ea93b69354d81801f9f9b5f816) Importer(2089858483,192608db42251d675da83286b1cce702)
Start importing Assets/Часы/0/A_452bee2b21c9417c81114b6730758744_TEX_SFT_FancyCoffeeTable_Glass_opacity.png using Guid(eb6761ea93b69354d81801f9f9b5f816) Importer(2089858483,192608db42251d675da83286b1cce702) (ScriptedImporter) -> (artifact id: '704f3543ccda76a3153dd79a8b97688f') in 0.0383009 seconds
Number of updated asset objects reloaded before import = 0Number of asset objects unloaded after import = 1

========================================================================
Received Import Request.
  Time since last request: 0.000082 seconds.
  path: Assets/MC old wood free sample/texture/Materials/wood 0825-01_SPEC.mat
  artifactKey: Guid(218a7c30a27edea45859e649e0c52080) Importer(2089858483,192608db42251d675da83286b1cce702)
Start importing Assets/MC old wood free sample/texture/Materials/wood 0825-01_SPEC.mat using Guid(218a7c30a27edea45859e649e0c52080) Importer(2089858483,192608db42251d675da83286b1cce702) (ScriptedImporter) -> (artifact id: '48e8e5c7b3be96d4d5d696b9e0867d8b') in 0.0235243 seconds
Number of updated asset objects reloaded before import = 0Number of asset objects unloaded after import = 2

========================================================================
Received Import Request.
  Time since last request: 0.000063 seconds.
  path: Assets/UnityTechnologies/Basic Asset Pack Interior/Prefabs/Walls/Wall1m.prefab
  artifactKey: Guid(d753f23fefc4f0f4eaa35d24bd80e7e2) Importer(2089858483,192608db42251d675da83286b1cce702)
Start importing Assets/UnityTechnologies/Basic Asset Pack Interior/Prefabs/Walls/Wall1m.prefab using Guid(d753f23fefc4f0f4eaa35d24bd80e7e2) Importer(2089858483,192608db42251d675da83286b1cce702) (ScriptedImporter) -> (artifact id: '3ba8e483452ca9a9b115fdb7093e4be5') in 0.139267 seconds
Number of updated asset objects reloaded before import = 0Number of asset objects unloaded after import = 14

========================================================================
Received Import Request.
  Time since last request: 0.000035 seconds.
  path: Assets/Pegasus Studios/Elegant Interior Decor 3D Models Pack/Resources/Models/Materials/Wine Glass-Glass.mat
  artifactKey: Guid(920f0945af59b4c44942c08392c9024b) Importer(2089858483,192608db42251d675da83286b1cce702)
Start importing Assets/Pegasus Studios/Elegant Interior Decor 3D Models Pack/Resources/Models/Materials/Wine Glass-Glass.mat using Guid(920f0945af59b4c44942c08392c9024b) Importer(2089858483,192608db42251d675da83286b1cce702) (ScriptedImporter) -> (artifact id: 'ac6e5ca44417a13d5f100bf5a963e2b8') in 0.0215789 seconds
Number of updated asset objects reloaded before import = 0Number of asset objects unloaded after import = 1

========================================================================
Received Import Request.
  Time since last request: 0.000028 seconds.
  path: Assets/Phoenix3D/P3D_Wallpaper_Carpet_and_CurtainFabric_Materials_Pack/Models/Materials/Bed_Room_Decoration-Black_Plastic.mat
  artifactKey: Guid(d7749d9ef67e9e94c8bafc7f43c148ca) Importer(2089858483,192608db42251d675da83286b1cce702)
Start importing Assets/Phoenix3D/P3D_Wallpaper_Carpet_and_CurtainFabric_Materials_Pack/Models/Materials/Bed_Room_Decoration-Black_Plastic.mat using Guid(d7749d9ef67e9e94c8bafc7f43c148ca) Importer(2089858483,192608db42251d675da83286b1cce702) (ScriptedImporter) -> (artifact id: '1508bab27d82923d0b4bf2e9c80ff442') in 0.0214074 seconds
Number of updated asset objects reloaded before import = 0Number of asset objects unloaded after import = 1

========================================================================
Received Import Request.
  Time since last request: 0.000027 seconds.
  path: Assets/HDRPFurniturePack/Artek/Coffee_Table_90D_Artek/Models/Materials/Coffee_Table_90D_Artek-lambert2.mat
  artifactKey: Guid(d870b23410500134ab0609a9673703db) Importer(2089858483,192608db42251d675da83286b1cce702)
Start importing Assets/HDRPFurniturePack/Artek/Coffee_Table_90D_Artek/Models/Materials/Coffee_Table_90D_Artek-lambert2.mat using Guid(d870b23410500134ab0609a9673703db) Importer(2089858483,192608db42251d675da83286b1cce702) (ScriptedImporter) -> (artifact id: '6c6f3a39d767ef90155f7f999f455f06') in 0.0197654 seconds
Number of updated asset objects reloaded before import = 0Number of asset objects unloaded after import = 1

========================================================================
Received Import Request.
  Time since last request: 0.000032 seconds.
  path: Assets/Phoenix3D/P3D_Wallpaper_Carpet_and_CurtainFabric_Materials_Pack/Models/Materials/Bed_Room_Decoration-Fabric_T5.mat
  artifactKey: Guid(4373b916c933beb42af74b9336a9bf74) Importer(2089858483,192608db42251d675da83286b1cce702)
Start importing Assets/Phoenix3D/P3D_Wallpaper_Carpet_and_CurtainFabric_Materials_Pack/Models/Materials/Bed_Room_Decoration-Fabric_T5.mat using Guid(4373b916c933beb42af74b9336a9bf74) Importer(2089858483,192608db42251d675da83286b1cce702) (ScriptedImporter) -> (artifact id: 'e6ad0094bff6ecdf054d6e55d15ea018') in 0.0179752 seconds
Number of updated asset objects reloaded before import = 0Number of asset objects unloaded after import = 1

========================================================================
Received Import Request.
  Time since last request: 0.000021 seconds.
  path: Assets/Pegasus Studios/Elegant Interior Decor 3D Models Pack/Resources/Models/Materials/Royal Table-Pink Red.001.mat
  artifactKey: Guid(ccd45f68c8faf684aab3c8a044f7a733) Importer(2089858483,192608db42251d675da83286b1cce702)
Start importing Assets/Pegasus Studios/Elegant Interior Decor 3D Models Pack/Resources/Models/Materials/Royal Table-Pink Red.001.mat using Guid(ccd45f68c8faf684aab3c8a044f7a733) Importer(2089858483,192608db42251d675da83286b1cce702) (ScriptedImporter) -> (artifact id: '02c1b097553feae6a8a887f9e0b099b9') in 0.0192156 seconds
Number of updated asset objects reloaded before import = 0Number of asset objects unloaded after import = 1

========================================================================
Received Import Request.
  Time since last request: 0.000022 seconds.
  path: Assets/Phoenix3D/P3D_Wallpaper_Carpet_and_CurtainFabric_Materials_Pack/Models/Materials/Sample_House-Plastic.mat
  artifactKey: Guid(8e99d2d2633e32844ae7170c3ea7a5ea) Importer(2089858483,192608db42251d675da83286b1cce702)
Start importing Assets/Phoenix3D/P3D_Wallpaper_Carpet_and_CurtainFabric_Materials_Pack/Models/Materials/Sample_House-Plastic.mat using Guid(8e99d2d2633e32844ae7170c3ea7a5ea) Importer(2089858483,192608db42251d675da83286b1cce702) (ScriptedImporter) -> (artifact id: 'cda1f350837b41f322ba307056a08712') in 0.0191754 seconds
Number of updated asset objects reloaded before import = 0Number of asset objects unloaded after import = 1

========================================================================
Received Import Request.
  Time since last request: 0.000033 seconds.
  path: Assets/ExtrudeMeshAlongBezierTool/Examples/Meshes/Materials/SimpleRoad-lambert1.mat
  artifactKey: Guid(d5fe09f1813027b4f95e4f197404b324) Importer(2089858483,192608db42251d675da83286b1cce702)
Start importing Assets/ExtrudeMeshAlongBezierTool/Examples/Meshes/Materials/SimpleRoad-lambert1.mat using Guid(d5fe09f1813027b4f95e4f197404b324) Importer(2089858483,192608db42251d675da83286b1cce702) (ScriptedImporter) -> (artifact id: '121b54ed3f28992b25a306384a575581') in 0.0182349 seconds
Number of updated asset objects reloaded before import = 0Number of asset objects unloaded after import = 1

========================================================================
Received Import Request.
  Time since last request: 0.000031 seconds.
  path: Assets/Free Wood Door Pack/Mesh/Materials/Wood_Door-Material #2576.mat
  artifactKey: Guid(028e48c8e47cdd1449802865bc0999c0) Importer(2089858483,192608db42251d675da83286b1cce702)
Start importing Assets/Free Wood Door Pack/Mesh/Materials/Wood_Door-Material #2576.mat using Guid(028e48c8e47cdd1449802865bc0999c0) Importer(2089858483,192608db42251d675da83286b1cce702) (ScriptedImporter) -> (artifact id: 'c144e77d6cf9f0dd93c2f8e226a8ce43') in 0.0162051 seconds
Number of updated asset objects reloaded before import = 0Number of asset objects unloaded after import = 1

========================================================================
Received Import Request.
  Time since last request: 0.000022 seconds.
  path: Assets/HDRPFurniturePack/Decorative_Throw_Pillows/Models/Materials
  artifactKey: Guid(2f9d79269d5b2494d82be84af0c5d7ad) Importer(2089858483,192608db42251d675da83286b1cce702)
Start importing Assets/HDRPFurniturePack/Decorative_Throw_Pillows/Models/Materials using Guid(2f9d79269d5b2494d82be84af0c5d7ad) Importer(2089858483,192608db42251d675da83286b1cce702) (ScriptedImporter) -> (artifact id: '799c9e972abc1ec8bb40201816bf6d9f') in 0.0105433 seconds
Number of updated asset objects reloaded before import = 0Number of asset objects unloaded after import = 1

========================================================================
Received Import Request.
  Time since last request: 0.000017 seconds.
  path: Assets/Phoenix3D/P3D_Wallpaper_Carpet_and_CurtainFabric_Materials_Pack/Models/Materials/Kitchen_Decoration-White.mat
  artifactKey: Guid(2e1194418feb55247b4e5963cf9c4ee8) Importer(2089858483,192608db42251d675da83286b1cce702)
Start importing Assets/Phoenix3D/P3D_Wallpaper_Carpet_and_CurtainFabric_Materials_Pack/Models/Materials/Kitchen_Decoration-White.mat using Guid(2e1194418feb55247b4e5963cf9c4ee8) Importer(2089858483,192608db42251d675da83286b1cce702) (ScriptedImporter) -> (artifact id: '177880b8d661c9a49d2ead175f95ee2d') in 0.0182391 seconds
Number of updated asset objects reloaded before import = 0Number of asset objects unloaded after import = 1

========================================================================
Received Import Request.
  Time since last request: 0.000022 seconds.
  path: Assets/Phoenix3D/P3D_Wallpaper_Carpet_and_CurtainFabric_Materials_Pack/Models/Materials/Sample_House-Stairs_2.mat
  artifactKey: Guid(36816c63ca68005489f72139090083f7) Importer(2089858483,192608db42251d675da83286b1cce702)
Start importing Assets/Phoenix3D/P3D_Wallpaper_Carpet_and_CurtainFabric_Materials_Pack/Models/Materials/Sample_House-Stairs_2.mat using Guid(36816c63ca68005489f72139090083f7) Importer(2089858483,192608db42251d675da83286b1cce702) (ScriptedImporter) -> (artifact id: '33b4b6003851a54926ab7de6934c26cf') in 0.0186142 seconds
Number of updated asset objects reloaded before import = 0Number of asset objects unloaded after import = 1

========================================================================
Received Import Request.
  Time since last request: 0.000024 seconds.
  path: Assets/Phoenix3D/P3D_Wallpaper_Carpet_and_CurtainFabric_Materials_Pack/Models/Materials/Bed_Room_Decoration-Color_Paper_2.mat
  artifactKey: Guid(b3efd7f41efd4654b8d387d98b84e0c4) Importer(2089858483,192608db42251d675da83286b1cce702)
Start importing Assets/Phoenix3D/P3D_Wallpaper_Carpet_and_CurtainFabric_Materials_Pack/Models/Materials/Bed_Room_Decoration-Color_Paper_2.mat using Guid(b3efd7f41efd4654b8d387d98b84e0c4) Importer(2089858483,192608db42251d675da83286b1cce702) (ScriptedImporter) -> (artifact id: '4b24368421468242564f61880128339b') in 0.016159 seconds
Number of updated asset objects reloaded before import = 0Number of asset objects unloaded after import = 1

========================================================================
Received Import Request.
  Time since last request: 0.000029 seconds.
  path: Assets/Phoenix3D/P3D_Wallpaper_Carpet_and_CurtainFabric_Materials_Pack/Models/Materials/Sample_House-Wall_6.mat
  artifactKey: Guid(46ae881322414f0488e1a5a156750484) Importer(2089858483,192608db42251d675da83286b1cce702)
Start importing Assets/Phoenix3D/P3D_Wallpaper_Carpet_and_CurtainFabric_Materials_Pack/Models/Materials/Sample_House-Wall_6.mat using Guid(46ae881322414f0488e1a5a156750484) Importer(2089858483,192608db42251d675da83286b1cce702) (ScriptedImporter) -> (artifact id: '49c4ff8ea4c0b81f94e004441c0c65a4') in 0.0173364 seconds
Number of updated asset objects reloaded before import = 0Number of asset objects unloaded after import = 1

========================================================================
Received Import Request.
  Time since last request: 0.000026 seconds.
  path: Assets/Phoenix3D/P3D_Wallpaper_Carpet_and_CurtainFabric_Materials_Pack/Models/Materials/Other_Decoration-Ceramic.mat
  artifactKey: Guid(06d2e36fe181ecd4a95fff41eb5d3ee5) Importer(2089858483,192608db42251d675da83286b1cce702)
Start importing Assets/Phoenix3D/P3D_Wallpaper_Carpet_and_CurtainFabric_Materials_Pack/Models/Materials/Other_Decoration-Ceramic.mat using Guid(06d2e36fe181ecd4a95fff41eb5d3ee5) Importer(2089858483,192608db42251d675da83286b1cce702) (ScriptedImporter) -> (artifact id: '538d6f833b9d5e6109a630df665fe016') in 0.0173238 seconds
Number of updated asset objects reloaded before import = 0Number of asset objects unloaded after import = 1

========================================================================
Received Import Request.
  Time since last request: 0.000017 seconds.
  path: Assets/Pegasus Studios/Elegant Interior Decor 3D Models Pack/Resources/Models/Materials/Lamp Stand-Glow Light.mat
  artifactKey: Guid(8e42816a865bab04b98ac77dd9a2a85a) Importer(2089858483,192608db42251d675da83286b1cce702)
Start importing Assets/Pegasus Studios/Elegant Interior Decor 3D Models Pack/Resources/Models/Materials/Lamp Stand-Glow Light.mat using Guid(8e42816a865bab04b98ac77dd9a2a85a) Importer(2089858483,192608db42251d675da83286b1cce702) (ScriptedImporter) -> (artifact id: 'bab205542843a43e5034d587c98e093c') in 0.0185773 seconds
Number of updated asset objects reloaded before import = 0Number of asset objects unloaded after import = 1

========================================================================
Received Import Request.
  Time since last request: 0.000025 seconds.
  path: Assets/Pegasus Studios/Elegant Interior Decor 3D Models Pack/Resources/Models/Materials/Old Wall Sconce-Glow Light.001.mat
  artifactKey: Guid(245a59f261032e446a37579c626bca08) Importer(2089858483,192608db42251d675da83286b1cce702)
Start importing Assets/Pegasus Studios/Elegant Interior Decor 3D Models Pack/Resources/Models/Materials/Old Wall Sconce-Glow Light.001.mat using Guid(245a59f261032e446a37579c626bca08) Importer(2089858483,192608db42251d675da83286b1cce702) (ScriptedImporter) -> (artifact id: '454cd97111548a43c45ad3a56101df27') in 0.0247024 seconds
Number of updated asset objects reloaded before import = 0Number of asset objects unloaded after import = 1

========================================================================
Received Import Request.
  Time since last request: 0.000030 seconds.
  path: Assets/SourceFiles/StarterAssets/ThirdPersonController/Character/Models/Materials
  artifactKey: Guid(32b079acc3cbda64188302a3098c1e9d) Importer(2089858483,192608db42251d675da83286b1cce702)
Start importing Assets/SourceFiles/StarterAssets/ThirdPersonController/Character/Models/Materials using Guid(32b079acc3cbda64188302a3098c1e9d) Importer(2089858483,192608db42251d675da83286b1cce702) (ScriptedImporter) -> (artifact id: '01094124f6bf02e36269cbf5e682a268') in 0.0125212 seconds
Number of updated asset objects reloaded before import = 0Number of asset objects unloaded after import = 1

========================================================================
Received Import Request.
  Time since last request: 0.000036 seconds.
  path: Assets/Phoenix3D/P3D_Wallpaper_Carpet_and_CurtainFabric_Materials_Pack/Models/Materials/Sample_House-Curtain_Rod.mat
  artifactKey: Guid(04f5cdcaed5fa26499c6930420ac5c18) Importer(2089858483,192608db42251d675da83286b1cce702)
Start importing Assets/Phoenix3D/P3D_Wallpaper_Carpet_and_CurtainFabric_Materials_Pack/Models/Materials/Sample_House-Curtain_Rod.mat using Guid(04f5cdcaed5fa26499c6930420ac5c18) Importer(2089858483,192608db42251d675da83286b1cce702) (ScriptedImporter) -> (artifact id: 'bf8a0acc77b3bfcf0d8bec27a0ece73c') in 0.0172151 seconds
Number of updated asset objects reloaded before import = 0Number of asset objects unloaded after import = 1

========================================================================
Received Import Request.
  Time since last request: 0.000024 seconds.
  path: Assets/HDRPFurniturePack/Artek/Table_97_Artek/Models/Materials/Table_97_Artek-blinn1.mat
  artifactKey: Guid(53e134d21c1bde04eb29e76e95704009) Importer(2089858483,192608db42251d675da83286b1cce702)
Start importing Assets/HDRPFurniturePack/Artek/Table_97_Artek/Models/Materials/Table_97_Artek-blinn1.mat using Guid(53e134d21c1bde04eb29e76e95704009) Importer(2089858483,192608db42251d675da83286b1cce702) (ScriptedImporter) -> (artifact id: '58b733ac4328d4812f3ced5bb05fe625') in 0.0195813 seconds
Number of updated asset objects reloaded before import = 0Number of asset objects unloaded after import = 1

========================================================================
Received Import Request.
  Time since last request: 0.000020 seconds.
  path: Assets/HDRPFurniturePack/Rug_Woven_Wool_Natural/Models/Materials
  artifactKey: Guid(a58ec51fef88f8840b594b311765ecc4) Importer(2089858483,192608db42251d675da83286b1cce702)
Start importing Assets/HDRPFurniturePack/Rug_Woven_Wool_Natural/Models/Materials using Guid(a58ec51fef88f8840b594b311765ecc4) Importer(2089858483,192608db42251d675da83286b1cce702) (ScriptedImporter) -> (artifact id: '2aca7710ad801eec14ce3f92b0e892f7') in 0.0137482 seconds
Number of updated asset objects reloaded before import = 0Number of asset objects unloaded after import = 1

========================================================================
Received Import Request.
  Time since last request: 0.000025 seconds.
  path: Assets/SpaceZeta_StreetLamps/Base Meshes/Materials/StreetLamp2_ShortDouble-No Name.mat
  artifactKey: Guid(2a25a24f1eef16f43a6f08972e98d4b6) Importer(2089858483,192608db42251d675da83286b1cce702)
Start importing Assets/SpaceZeta_StreetLamps/Base Meshes/Materials/StreetLamp2_ShortDouble-No Name.mat using Guid(2a25a24f1eef16f43a6f08972e98d4b6) Importer(2089858483,192608db42251d675da83286b1cce702) (ScriptedImporter) -> (artifact id: '9955e68d966fd7e8f6fb1d22657e1a7b') in 0.017612 seconds
Number of updated asset objects reloaded before import = 0Number of asset objects unloaded after import = 1

========================================================================
Received Import Request.
  Time since last request: 0.000023 seconds.
  path: Assets/JJ_InteriorDoorPack_V1/Meshes/Materials/intDoor_knob01-mat_doorKnob.mat
  artifactKey: Guid(d51bc1efc6d25f64bb355d1f7dbd91de) Importer(2089858483,192608db42251d675da83286b1cce702)
Start importing Assets/JJ_InteriorDoorPack_V1/Meshes/Materials/intDoor_knob01-mat_doorKnob.mat using Guid(d51bc1efc6d25f64bb355d1f7dbd91de) Importer(2089858483,192608db42251d675da83286b1cce702) (ScriptedImporter) -> (artifact id: '23442ba2aa7a36b6e545958e1db85684') in 0.0171439 seconds
Number of updated asset objects reloaded before import = 0Number of asset objects unloaded after import = 1

========================================================================
Received Import Request.
  Time since last request: 0.000033 seconds.
  path: Assets/Pegasus Studios/Elegant Interior Decor 3D Models Pack/Resources/Models/Materials/Chandelier-Pink Red 2.mat
  artifactKey: Guid(a1211c104b7462a49be973ec21fa1442) Importer(2089858483,192608db42251d675da83286b1cce702)
Start importing Assets/Pegasus Studios/Elegant Interior Decor 3D Models Pack/Resources/Models/Materials/Chandelier-Pink Red 2.mat using Guid(a1211c104b7462a49be973ec21fa1442) Importer(2089858483,192608db42251d675da83286b1cce702) (ScriptedImporter) -> (artifact id: '8439bd99eb8f755d798c7d39f1533b21') in 0.0186417 seconds
Number of updated asset objects reloaded before import = 0Number of asset objects unloaded after import = 1

========================================================================
Received Import Request.
  Time since last request: 0.000015 seconds.
  path: Assets/ExtrudeMeshAlongBezierTool/Examples/Meshes/Materials
  artifactKey: Guid(8d8cf1263f19e67478dffe3bc8ac5495) Importer(2089858483,192608db42251d675da83286b1cce702)
Start importing Assets/ExtrudeMeshAlongBezierTool/Examples/Meshes/Materials using Guid(8d8cf1263f19e67478dffe3bc8ac5495) Importer(2089858483,192608db42251d675da83286b1cce702) (ScriptedImporter) -> (artifact id: '21ff71d6ae246f3e6ef3fbd74466c062') in 0.0135594 seconds
Number of updated asset objects reloaded before import = 0Number of asset objects unloaded after import = 1

========================================================================
Received Import Request.
  Time since last request: 0.000019 seconds.
  path: Assets/Phoenix3D/P3D_Wallpaper_Carpet_and_CurtainFabric_Materials_Pack/Models/Materials/Bed_Room_Decoration-Piano_P2.mat
  artifactKey: Guid(849bbdae926a0fe41b03675dd58ea925) Importer(2089858483,192608db42251d675da83286b1cce702)
Start importing Assets/Phoenix3D/P3D_Wallpaper_Carpet_and_CurtainFabric_Materials_Pack/Models/Materials/Bed_Room_Decoration-Piano_P2.mat using Guid(849bbdae926a0fe41b03675dd58ea925) Importer(2089858483,192608db42251d675da83286b1cce702) (ScriptedImporter) -> (artifact id: 'a330179c30f9ca6c6c981058827da212') in 0.0190167 seconds
Number of updated asset objects reloaded before import = 0Number of asset objects unloaded after import = 1

========================================================================
Received Import Request.
  Time since last request: 0.000020 seconds.
  path: Assets/Phoenix3D/P3D_Wallpaper_Carpet_and_CurtainFabric_Materials_Pack/Models/Materials/Sample_House-Wall_5.mat
  artifactKey: Guid(f063bb863220e834cbf334477eebb07b) Importer(2089858483,192608db42251d675da83286b1cce702)
Start importing Assets/Phoenix3D/P3D_Wallpaper_Carpet_and_CurtainFabric_Materials_Pack/Models/Materials/Sample_House-Wall_5.mat using Guid(f063bb863220e834cbf334477eebb07b) Importer(2089858483,192608db42251d675da83286b1cce702) (ScriptedImporter) -> (artifact id: '2a98a19d0f3f89d9ab2f35212ceb23bf') in 0.0542197 seconds
Number of updated asset objects reloaded before import = 0Number of asset objects unloaded after import = 1

========================================================================
Received Import Request.
  Time since last request: 0.000025 seconds.
  path: Assets/Pegasus Studios/Elegant Interior Decor 3D Models Pack/Resources/Models/Materials
  artifactKey: Guid(43c37621b9747c94ebba03a2a1b6d620) Importer(2089858483,192608db42251d675da83286b1cce702)
Start importing Assets/Pegasus Studios/Elegant Interior Decor 3D Models Pack/Resources/Models/Materials using Guid(43c37621b9747c94ebba03a2a1b6d620) Importer(2089858483,192608db42251d675da83286b1cce702) (ScriptedImporter) -> (artifact id: 'ff8f82f601287a491266a192b3de821f') in 0.0145082 seconds
Number of updated asset objects reloaded before import = 0Number of asset objects unloaded after import = 1

========================================================================
Received Import Request.
  Time since last request: 0.000037 seconds.
  path: Assets/Phoenix3D/P3D_Wallpaper_Carpet_and_CurtainFabric_Materials_Pack/Models/Materials/Kitchen_Decoration-Silver.mat
  artifactKey: Guid(8eb93b7103ec68f40927f061771d3496) Importer(2089858483,192608db42251d675da83286b1cce702)
Start importing Assets/Phoenix3D/P3D_Wallpaper_Carpet_and_CurtainFabric_Materials_Pack/Models/Materials/Kitchen_Decoration-Silver.mat using Guid(8eb93b7103ec68f40927f061771d3496) Importer(2089858483,192608db42251d675da83286b1cce702) (ScriptedImporter) -> (artifact id: 'fd4f4de1ae66a2a0ebf9e38322a00d50') in 0.0166792 seconds
Number of updated asset objects reloaded before import = 0Number of asset objects unloaded after import = 1

========================================================================
Received Import Request.
  Time since last request: 0.000022 seconds.
  path: Assets/Phoenix3D/P3D_Wallpaper_Carpet_and_CurtainFabric_Materials_Pack/Models/Materials/Sample_House-Lights.mat
  artifactKey: Guid(c76a66b8c9d1af3458ec027c62acbc62) Importer(2089858483,192608db42251d675da83286b1cce702)
Start importing Assets/Phoenix3D/P3D_Wallpaper_Carpet_and_CurtainFabric_Materials_Pack/Models/Materials/Sample_House-Lights.mat using Guid(c76a66b8c9d1af3458ec027c62acbc62) Importer(2089858483,192608db42251d675da83286b1cce702) (ScriptedImporter) -> (artifact id: 'fe8babc99c2635e8cc0850783f3ed3cf') in 0.0198344 seconds
Number of updated asset objects reloaded before import = 0Number of asset objects unloaded after import = 1

========================================================================
Received Import Request.
  Time since last request: 0.000020 seconds.
  path: Assets/HighQualityBricks&Walls/Scenes/Showcase Artistic/ReflectionProbe-0.exr
  artifactKey: Guid(3341e49d9bd3ee94288823dd5afc697e) Importer(2089858483,192608db42251d675da83286b1cce702)
Start importing Assets/HighQualityBricks&Walls/Scenes/Showcase Artistic/ReflectionProbe-0.exr using Guid(3341e49d9bd3ee94288823dd5afc697e) Importer(2089858483,192608db42251d675da83286b1cce702) (ScriptedImporter) -> (artifact id: 'f8c8177c0f3a35e27b3c0d51d599f293') in 0.0465937 seconds
Number of updated asset objects reloaded before import = 0Number of asset objects unloaded after import = 1

========================================================================
Received Import Request.
  Time since last request: 0.000019 seconds.
  path: Assets/Phoenix3D/P3D_Wallpaper_Carpet_and_CurtainFabric_Materials_Pack/Models/Materials/Bed_Room_Decoration-Color_Paper.mat
  artifactKey: Guid(800a02fcebf771c4f9336db08a70430c) Importer(2089858483,192608db42251d675da83286b1cce702)
Start importing Assets/Phoenix3D/P3D_Wallpaper_Carpet_and_CurtainFabric_Materials_Pack/Models/Materials/Bed_Room_Decoration-Color_Paper.mat using Guid(800a02fcebf771c4f9336db08a70430c) Importer(2089858483,192608db42251d675da83286b1cce702) (ScriptedImporter) -> (artifact id: '4fc916cee05136dc8ba67d02202cdfaa') in 0.0201234 seconds
Number of updated asset objects reloaded before import = 0Number of asset objects unloaded after import = 1

========================================================================
Received Import Request.
  Time since last request: 0.000026 seconds.
  path: Assets/HDRP_Oak_Tree/Offer/Asset_Store_Offers.cs
  artifactKey: Guid(41fa34e28ade78447ab116a11e6901e2) Importer(2089858483,192608db42251d675da83286b1cce702)
Start importing Assets/HDRP_Oak_Tree/Offer/Asset_Store_Offers.cs using Guid(41fa34e28ade78447ab116a11e6901e2) Importer(2089858483,192608db42251d675da83286b1cce702) (ScriptedImporter) -> (artifact id: '1c82fa98b60d771fa7dd3192c7fe6bad') in 0.0164298 seconds
Number of updated asset objects reloaded before import = 0Number of asset objects unloaded after import = 0

========================================================================
Received Import Request.
  Time since last request: 0.000030 seconds.
  path: Assets/nappin/OfficeEssentialsPack/Models/(Msh)CeilingFan.fbx
  artifactKey: Guid(3cc522a9a01d75b458ff99a51a8450ce) Importer(2089858483,192608db42251d675da83286b1cce702)
Start importing Assets/nappin/OfficeEssentialsPack/Models/(Msh)CeilingFan.fbx using Guid(3cc522a9a01d75b458ff99a51a8450ce) Importer(2089858483,192608db42251d675da83286b1cce702) (ScriptedImporter) -> (artifact id: 'c5f04aaf1094cbb08d780a7657ab19bc') in 0.0322603 seconds
Number of updated asset objects reloaded before import = 0Number of asset objects unloaded after import = 16

========================================================================
Received Import Request.
  Time since last request: 0.000021 seconds.
  path: Assets/HDRPFurniturePack/Artek/Floor_Light_A810_Artek/Models/Materials
  artifactKey: Guid(e2bb0ce9f1925ac4e945f0f936e46a28) Importer(2089858483,192608db42251d675da83286b1cce702)
Start importing Assets/HDRPFurniturePack/Artek/Floor_Light_A810_Artek/Models/Materials using Guid(e2bb0ce9f1925ac4e945f0f936e46a28) Importer(2089858483,192608db42251d675da83286b1cce702) (ScriptedImporter) -> (artifact id: '468cf996c2912e1002df225dc36db96f') in 0.0138492 seconds
Number of updated asset objects reloaded before import = 0Number of asset objects unloaded after import = 1

========================================================================
Received Import Request.
  Time since last request: 0.000034 seconds.
  path: Assets/TextMesh Pro/Shaders/TMPro_Properties.cginc
  artifactKey: Guid(28d48d42b14f90c43919d84028847d42) Importer(2089858483,192608db42251d675da83286b1cce702)
Start importing Assets/TextMesh Pro/Shaders/TMPro_Properties.cginc using Guid(28d48d42b14f90c43919d84028847d42) Importer(2089858483,192608db42251d675da83286b1cce702) (ScriptedImporter) -> (artifact id: 'b6ba7c703b2b67bae5f01b9914b1ad7f') in 0.0313327 seconds
Number of updated asset objects reloaded before import = 0Number of asset objects unloaded after import = 1

========================================================================
Received Import Request.
  Time since last request: 0.000025 seconds.
  path: Assets/Pegasus Studios/Elegant Interior Decor 3D Models Pack/Resources/Materials/Ornate Door frame.mat
  artifactKey: Guid(d582dbe8514dc9743a29eb6e5d151212) Importer(2089858483,192608db42251d675da83286b1cce702)
Start importing Assets/Pegasus Studios/Elegant Interior Decor 3D Models Pack/Resources/Materials/Ornate Door frame.mat using Guid(d582dbe8514dc9743a29eb6e5d151212) Importer(2089858483,192608db42251d675da83286b1cce702) (ScriptedImporter) -> (artifact id: '112cd0c2120c3c44f5f3ee36af31c6c5') in 0.0160623 seconds
Number of updated asset objects reloaded before import = 0Number of asset objects unloaded after import = 2

========================================================================
Received Import Request.
  Time since last request: 0.000023 seconds.
  path: Assets/Phoenix3D/P3D_Wallpaper_Carpet_and_CurtainFabric_Materials_Pack/Readme.pdf
  artifactKey: Guid(70ce85497bca495449e6b22ef875518e) Importer(2089858483,192608db42251d675da83286b1cce702)
Start importing Assets/Phoenix3D/P3D_Wallpaper_Carpet_and_CurtainFabric_Materials_Pack/Readme.pdf using Guid(70ce85497bca495449e6b22ef875518e) Importer(2089858483,192608db42251d675da83286b1cce702) (ScriptedImporter) -> (artifact id: '408a48b50d2cd1b3a46be51babe657f6') in 0.015589 seconds
Number of updated asset objects reloaded before import = 0Number of asset objects unloaded after import = 1

========================================================================
Received Import Request.
  Time since last request: 0.000049 seconds.
  path: Assets/Забор/color_0.839216-0.839216-0.839216.jpg
  artifactKey: Guid(bf78e975a61f5494f8dc56d691518e11) Importer(2089858483,192608db42251d675da83286b1cce702)
Start importing Assets/Забор/color_0.839216-0.839216-0.839216.jpg using Guid(bf78e975a61f5494f8dc56d691518e11) Importer(2089858483,192608db42251d675da83286b1cce702) (ScriptedImporter) -> (artifact id: '75bb9abc7219ff6ad4d20111fa835601') in 0.0336339 seconds
Number of updated asset objects reloaded before import = 0Number of asset objects unloaded after import = 1

========================================================================
Received Import Request.
  Time since last request: 0.000021 seconds.
  path: Assets/Дом/tdum04.jpg
  artifactKey: Guid(f9212c463c679774f89609506956487e) Importer(2089858483,192608db42251d675da83286b1cce702)
Start importing Assets/Дом/tdum04.jpg using Guid(f9212c463c679774f89609506956487e) Importer(2089858483,192608db42251d675da83286b1cce702) (ScriptedImporter) -> (artifact id: '33c054992ad95660846d7afda272db70') in 0.0319833 seconds
Number of updated asset objects reloaded before import = 0Number of asset objects unloaded after import = 1

========================================================================
Received Import Request.
  Time since last request: 0.000021 seconds.
  path: Assets/nappin/OfficeEssentialsPack/Models/(Msh)BigDrawer.fbx
  artifactKey: Guid(0b9f7a6091b64b3488b66bca16ed92ad) Importer(2089858483,192608db42251d675da83286b1cce702)
Start importing Assets/nappin/OfficeEssentialsPack/Models/(Msh)BigDrawer.fbx using Guid(0b9f7a6091b64b3488b66bca16ed92ad) Importer(2089858483,192608db42251d675da83286b1cce702) (ScriptedImporter) -> (artifact id: '0c0f16463ade33ec86ea5500f5222913') in 0.0350884 seconds
Number of updated asset objects reloaded before import = 0Number of asset objects unloaded after import = 49

========================================================================
Received Import Request.
  Time since last request: 0.000024 seconds.
  path: Assets/NextGen Furniture Pack/Models/chair_6.FBX
  artifactKey: Guid(6c391477a01069348a901f2b2b0e20a3) Importer(2089858483,192608db42251d675da83286b1cce702)
Start importing Assets/NextGen Furniture Pack/Models/chair_6.FBX using Guid(6c391477a01069348a901f2b2b0e20a3) Importer(2089858483,192608db42251d675da83286b1cce702) (ScriptedImporter) -> (artifact id: '4af6cbc1da87d02fee082cb56c495a81') in 0.0382926 seconds
Number of updated asset objects reloaded before import = 0Number of asset objects unloaded after import = 7

========================================================================
Received Import Request.
  Time since last request: 0.000038 seconds.
  path: Assets/asset_store/key_lock/textures/key/m_key_01_m_s.png
  artifactKey: Guid(5787fe63c61b3f145aeaf2e2291d9b72) Importer(2089858483,192608db42251d675da83286b1cce702)
Start importing Assets/asset_store/key_lock/textures/key/m_key_01_m_s.png using Guid(5787fe63c61b3f145aeaf2e2291d9b72) Importer(2089858483,192608db42251d675da83286b1cce702) (ScriptedImporter) -> (artifact id: '7525b53902680c6771fb2f3be3432bc9') in 0.0737446 seconds
Number of updated asset objects reloaded before import = 0Number of asset objects unloaded after import = 1

========================================================================
Received Import Request.
  Time since last request: 0.000031 seconds.
  path: Assets/HDRPFurniturePack/Rug_High_Pile_Grey/Models
  artifactKey: Guid(9984557c625c97941a2b1b9a265acfa5) Importer(2089858483,192608db42251d675da83286b1cce702)
Start importing Assets/HDRPFurniturePack/Rug_High_Pile_Grey/Models using Guid(9984557c625c97941a2b1b9a265acfa5) Importer(2089858483,192608db42251d675da83286b1cce702) (ScriptedImporter) -> (artifact id: 'bd04b462383a96e6255a0a6d49a2ca4b') in 0.0142331 seconds
Number of updated asset objects reloaded before import = 0Number of asset objects unloaded after import = 1

========================================================================
Received Import Request.
  Time since last request: 0.000039 seconds.
  path: Assets/asset_store/key_lock/textures/key/m_key_01_black_bc.png
  artifactKey: Guid(68566ee9eebdbf74db4d4adc46898ba8) Importer(2089858483,192608db42251d675da83286b1cce702)
Start importing Assets/asset_store/key_lock/textures/key/m_key_01_black_bc.png using Guid(68566ee9eebdbf74db4d4adc46898ba8) Importer(2089858483,192608db42251d675da83286b1cce702) (ScriptedImporter) -> (artifact id: 'e792020862706d7474ce35837fd8a430') in 0.1238637 seconds
Number of updated asset objects reloaded before import = 0Number of asset objects unloaded after import = 1

========================================================================
Received Import Request.
  Time since last request: 0.000023 seconds.
  path: Assets/Pegasus Studios/Elegant Interior Decor 3D Models Pack/Resources/Models/Materials/Candle Stand-Red Gold.mat
  artifactKey: Guid(21e1c5a96dc9e624e887d5a418c9b0e3) Importer(2089858483,192608db42251d675da83286b1cce702)
Start importing Assets/Pegasus Studios/Elegant Interior Decor 3D Models Pack/Resources/Models/Materials/Candle Stand-Red Gold.mat using Guid(21e1c5a96dc9e624e887d5a418c9b0e3) Importer(2089858483,192608db42251d675da83286b1cce702) (ScriptedImporter) -> (artifact id: '19ecebcf4b0c78165c7b8e41bd533a87') in 0.0177421 seconds
Number of updated asset objects reloaded before import = 0Number of asset objects unloaded after import = 1

========================================================================
Received Import Request.
  Time since last request: 0.000030 seconds.
  path: Assets/TextMesh Pro/Shaders/TMP_Bitmap.shader
  artifactKey: Guid(b6b0c8b8c530ade469b747c725707eb3) Importer(2089858483,192608db42251d675da83286b1cce702)
Start importing Assets/TextMesh Pro/Shaders/TMP_Bitmap.shader using Guid(b6b0c8b8c530ade469b747c725707eb3) Importer(2089858483,192608db42251d675da83286b1cce702) (ScriptedImporter) -> (artifact id: 'bbaccfa07c57729d14a2abadf93b6a76') in 0.020897 seconds
Number of updated asset objects reloaded before import = 0Number of asset objects unloaded after import = 1

========================================================================
Received Import Request.
  Time since last request: 0.000028 seconds.
  path: Assets/HyperLuminal/SlidingTilePuzzle/Prefabs/SlidingTile_3by3.prefab
  artifactKey: Guid(38949f8f6af636e40a7ce62a44b7d8d6) Importer(2089858483,192608db42251d675da83286b1cce702)
Start importing Assets/HyperLuminal/SlidingTilePuzzle/Prefabs/SlidingTile_3by3.prefab using Guid(38949f8f6af636e40a7ce62a44b7d8d6) Importer(2089858483,192608db42251d675da83286b1cce702) (ScriptedImporter) -> (artifact id: '1e849be2bed1b3a8eabfbaddd3c32a9a') in 0.0352607 seconds
Number of updated asset objects reloaded before import = 0Number of asset objects unloaded after import = 5

========================================================================
Received Import Request.
  Time since last request: 0.000020 seconds.
  path: Assets/HighQualityBricks&Walls/Shaders/wall-846013.shader
  artifactKey: Guid(42978f1e4cc7a1443b3366cd3349face) Importer(2089858483,192608db42251d675da83286b1cce702)
Start importing Assets/HighQualityBricks&Walls/Shaders/wall-846013.shader using Guid(42978f1e4cc7a1443b3366cd3349face) Importer(2089858483,192608db42251d675da83286b1cce702) (ScriptedImporter) -> (artifact id: '6aa054131678c3fcef67397aedcc4b56') in 0.0168436 seconds
Number of updated asset objects reloaded before import = 0Number of asset objects unloaded after import = 1

========================================================================
Received Import Request.
  Time since last request: 0.000024 seconds.
  path: Assets/asset_store/key_lock/prefab/prf_v_key_03.prefab
  artifactKey: Guid(a764a134e4ede994d83a89f650c375f9) Importer(2089858483,192608db42251d675da83286b1cce702)
Start importing Assets/asset_store/key_lock/prefab/prf_v_key_03.prefab using Guid(a764a134e4ede994d83a89f650c375f9) Importer(2089858483,192608db42251d675da83286b1cce702) (ScriptedImporter) -> (artifact id: '481ec704b61f7a46964463852d109835') in 0.0357085 seconds
Number of updated asset objects reloaded before import = 0Number of asset objects unloaded after import = 17

========================================================================
Received Import Request.
  Time since last request: 0.000029 seconds.
  path: Assets/JJ_InteriorDoorPack_V1/Materials
  artifactKey: Guid(4d0629c494619b44fa80c98e12f7d719) Importer(2089858483,192608db42251d675da83286b1cce702)
Start importing Assets/JJ_InteriorDoorPack_V1/Materials using Guid(4d0629c494619b44fa80c98e12f7d719) Importer(2089858483,192608db42251d675da83286b1cce702) (ScriptedImporter) -> (artifact id: '01fbbbcfb5762fefa7132efda179887c') in 0.0126371 seconds
Number of updated asset objects reloaded before import = 0Number of asset objects unloaded after import = 1

========================================================================
Received Import Request.
  Time since last request: 0.000027 seconds.
  path: Assets/Pegasus Studios/Elegant Interior Decor 3D Models Pack/Resources/Models/Materials/Lamp Stand-Table Legs.mat
  artifactKey: Guid(9d6e7f7f995008948a107d96fe38e8a0) Importer(2089858483,192608db42251d675da83286b1cce702)
Start importing Assets/Pegasus Studios/Elegant Interior Decor 3D Models Pack/Resources/Models/Materials/Lamp Stand-Table Legs.mat using Guid(9d6e7f7f995008948a107d96fe38e8a0) Importer(2089858483,192608db42251d675da83286b1cce702) (ScriptedImporter) -> (artifact id: '568adf1752a536a192f3527a333cff31') in 0.0196179 seconds
Number of updated asset objects reloaded before import = 0Number of asset objects unloaded after import = 1

========================================================================
Received Import Request.
  Time since last request: 0.000023 seconds.
  path: Assets/nappin/OfficeEssentialsPack/Models
  artifactKey: Guid(6149bc551c6467f46bc25f45973ea378) Importer(2089858483,192608db42251d675da83286b1cce702)
Start importing Assets/nappin/OfficeEssentialsPack/Models using Guid(6149bc551c6467f46bc25f45973ea378) Importer(2089858483,192608db42251d675da83286b1cce702) (ScriptedImporter) -> (artifact id: 'd9f09446766f5356923a7deed7cb12a0') in 0.0131045 seconds
Number of updated asset objects reloaded before import = 0Number of asset objects unloaded after import = 1

========================================================================
Received Import Request.
  Time since last request: 0.000027 seconds.
  path: Assets/TextMesh Pro/Resources/Sprite Assets
  artifactKey: Guid(29866048d8c9e6e468521b3e75269f9b) Importer(2089858483,192608db42251d675da83286b1cce702)
Start importing Assets/TextMesh Pro/Resources/Sprite Assets using Guid(29866048d8c9e6e468521b3e75269f9b) Importer(2089858483,192608db42251d675da83286b1cce702) (ScriptedImporter) -> (artifact id: '3ce8476a643e0e33ec509546f8a61490') in 0.0126879 seconds
Number of updated asset objects reloaded before import = 0Number of asset objects unloaded after import = 1

========================================================================
Received Import Request.
  Time since last request: 0.000022 seconds.
  path: Assets/Brick Project Studio/Apartment Kit/_Prefabs/Furniture/Kitchen/Cabinets/Cabinet_Wall_DD_02.prefab
  artifactKey: Guid(111516e7a4a5f594d8ea857d5b847bd5) Importer(2089858483,192608db42251d675da83286b1cce702)
Start importing Assets/Brick Project Studio/Apartment Kit/_Prefabs/Furniture/Kitchen/Cabinets/Cabinet_Wall_DD_02.prefab using Guid(111516e7a4a5f594d8ea857d5b847bd5) Importer(2089858483,192608db42251d675da83286b1cce702) (ScriptedImporter) -> (artifact id: '649288b9807faef6167a8fd6c6866776') in 0.0602034 seconds
Number of updated asset objects reloaded before import = 0Number of asset objects unloaded after import = 29

========================================================================
Received Import Request.
  Time since last request: 0.000035 seconds.
  path: Assets/Забор/_Smooth_Face_Concrete_Block_.jpg
  artifactKey: Guid(85e303f211510a04c91fc01735ec2f48) Importer(2089858483,192608db42251d675da83286b1cce702)
Start importing Assets/Забор/_Smooth_Face_Concrete_Block_.jpg using Guid(85e303f211510a04c91fc01735ec2f48) Importer(2089858483,192608db42251d675da83286b1cce702) (ScriptedImporter) -> (artifact id: '2a57b4361482b224f1e8446f64e0b368') in 0.0317465 seconds
Number of updated asset objects reloaded before import = 0Number of asset objects unloaded after import = 1

========================================================================
Received Import Request.
  Time since last request: 0.000017 seconds.
  path: Assets/nappin/OfficeEssentialsPack/Textures/(Txt)GradientBlack.png
  artifactKey: Guid(14c81c0f983015f49a660742707b32ac) Importer(2089858483,192608db42251d675da83286b1cce702)
Start importing Assets/nappin/OfficeEssentialsPack/Textures/(Txt)GradientBlack.png using Guid(14c81c0f983015f49a660742707b32ac) Importer(2089858483,192608db42251d675da83286b1cce702) (ScriptedImporter) -> (artifact id: '030d586d539e6d77c2e92fff607aa425') in 0.0590202 seconds
Number of updated asset objects reloaded before import = 0Number of asset objects unloaded after import = 1

========================================================================
Received Import Request.
  Time since last request: 0.000020 seconds.
  path: Assets/_Tea&coffe_service/Scene/scene
  artifactKey: Guid(182995ca9efb5bc48b3bbb635e9c113c) Importer(2089858483,192608db42251d675da83286b1cce702)
Start importing Assets/_Tea&coffe_service/Scene/scene using Guid(182995ca9efb5bc48b3bbb635e9c113c) Importer(2089858483,192608db42251d675da83286b1cce702) (ScriptedImporter) -> (artifact id: '3dcdfcc86231eb817be20468fa53461b') in 0.0121608 seconds
Number of updated asset objects reloaded before import = 0Number of asset objects unloaded after import = 1

========================================================================
Received Import Request.
  Time since last request: 0.000030 seconds.
  path: Assets/Brick Project Studio/_BPS Basic Assets/Common/Scripts and Animations/Drawer/X Axis/closepush_01.anim
  artifactKey: Guid(1ce5ca4de56a21449b4f6c0680f67948) Importer(2089858483,192608db42251d675da83286b1cce702)
Start importing Assets/Brick Project Studio/_BPS Basic Assets/Common/Scripts and Animations/Drawer/X Axis/closepush_01.anim using Guid(1ce5ca4de56a21449b4f6c0680f67948) Importer(2089858483,192608db42251d675da83286b1cce702) (ScriptedImporter) -> (artifact id: '978393f01e1255e64017b5f6a33a2f8c') in 0.037378 seconds
Number of updated asset objects reloaded before import = 0Number of asset objects unloaded after import = 1

========================================================================
Received Import Request.
  Time since last request: 0.000032 seconds.
  path: Assets/HDRPFurniturePack/Rug_Woven_Wool_Natural/Models/Rug_140x200cm.fbx
  artifactKey: Guid(b87ea0eac1fa42641a9555357f45fcb4) Importer(2089858483,192608db42251d675da83286b1cce702)
Start importing Assets/HDRPFurniturePack/Rug_Woven_Wool_Natural/Models/Rug_140x200cm.fbx using Guid(b87ea0eac1fa42641a9555357f45fcb4) Importer(2089858483,192608db42251d675da83286b1cce702) (ScriptedImporter) -> (artifact id: 'c7ca5e15c2338b600afa62fe070d3284') in 0.0365392 seconds
Number of updated asset objects reloaded before import = 0Number of asset objects unloaded after import = 7

========================================================================
Received Import Request.
  Time since last request: 0.000022 seconds.
  path: Assets/Pegasus Studios/Elegant Interior Decor 3D Models Pack/Resources/Textures/Door/door wood_height.png
  artifactKey: Guid(75a11f8e16d1f6249a019f03816b14d2) Importer(2089858483,192608db42251d675da83286b1cce702)
Start importing Assets/Pegasus Studios/Elegant Interior Decor 3D Models Pack/Resources/Textures/Door/door wood_height.png using Guid(75a11f8e16d1f6249a019f03816b14d2) Importer(2089858483,192608db42251d675da83286b1cce702) (ScriptedImporter) -> (artifact id: '96ea5fe5b8b46ee640c3ffda3a5df7df') in 0.0391278 seconds
Number of updated asset objects reloaded before import = 0Number of asset objects unloaded after import = 1

========================================================================
Received Import Request.
  Time since last request: 0.000021 seconds.
  path: Assets/Pegasus Studios/Elegant Interior Decor 3D Models Pack/Resources/Documents
  artifactKey: Guid(f1c92834145fc8a479b80ab2e3d6bda6) Importer(2089858483,192608db42251d675da83286b1cce702)
Start importing Assets/Pegasus Studios/Elegant Interior Decor 3D Models Pack/Resources/Documents using Guid(f1c92834145fc8a479b80ab2e3d6bda6) Importer(2089858483,192608db42251d675da83286b1cce702) (ScriptedImporter) -> (artifact id: 'd5077d09d50512b2dd180614a31f1892') in 0.0136542 seconds
Number of updated asset objects reloaded before import = 0Number of asset objects unloaded after import = 1

========================================================================
Received Import Request.
  Time since last request: 0.000032 seconds.
  path: Assets/nappin/OfficeEssentialsPack/Textures/New Material.mat
  artifactKey: Guid(e19f15f2da7ff514697cc235c024104c) Importer(2089858483,192608db42251d675da83286b1cce702)
Start importing Assets/nappin/OfficeEssentialsPack/Textures/New Material.mat using Guid(e19f15f2da7ff514697cc235c024104c) Importer(2089858483,192608db42251d675da83286b1cce702) (ScriptedImporter) -> (artifact id: 'f95ec3f40966029d5a1249884adff148') in 0.0211154 seconds
Number of updated asset objects reloaded before import = 0Number of asset objects unloaded after import = 1

========================================================================
Received Import Request.
  Time since last request: 0.000033 seconds.
  path: Assets/ExtrudeMeshAlongBezierTool/Documentation/Documentation.pdf
  artifactKey: Guid(20e499b4f523ca04baeea59b4087e90d) Importer(2089858483,192608db42251d675da83286b1cce702)
Start importing Assets/ExtrudeMeshAlongBezierTool/Documentation/Documentation.pdf using Guid(20e499b4f523ca04baeea59b4087e90d) Importer(2089858483,192608db42251d675da83286b1cce702) (ScriptedImporter) -> (artifact id: '4628b32fe42802e6e627bb25b1110581') in 0.0134377 seconds
Number of updated asset objects reloaded before import = 0Number of asset objects unloaded after import = 1

========================================================================
Received Import Request.
  Time since last request: 0.000030 seconds.
  path: Assets/Pegasus Studios/Elegant Interior Decor 3D Models Pack/Resources/Models/Chandelier.fbx
  artifactKey: Guid(f96a09058860de344a9d29b84378d07f) Importer(2089858483,192608db42251d675da83286b1cce702)
Start importing Assets/Pegasus Studios/Elegant Interior Decor 3D Models Pack/Resources/Models/Chandelier.fbx using Guid(f96a09058860de344a9d29b84378d07f) Importer(2089858483,192608db42251d675da83286b1cce702) (ScriptedImporter) -> (artifact id: '243527e6c98f20e49368d3267a5d498d') in 0.0839419 seconds
Number of updated asset objects reloaded before import = 0Number of asset objects unloaded after import = 8

========================================================================
Received Import Request.
  Time since last request: 0.000028 seconds.
  path: Assets/Объекты/5
  artifactKey: Guid(2246430f6f082c4439285681ded5f24a) Importer(2089858483,192608db42251d675da83286b1cce702)
Start importing Assets/Объекты/5 using Guid(2246430f6f082c4439285681ded5f24a) Importer(2089858483,192608db42251d675da83286b1cce702) (ScriptedImporter) -> (artifact id: '0ab4a6283c1c2321cf2dc54d6bfb60a9') in 0.0144492 seconds
Number of updated asset objects reloaded before import = 0Number of asset objects unloaded after import = 1

========================================================================
Received Import Request.
  Time since last request: 0.000026 seconds.
  path: Assets/asset_store/key_lock/textures/key/Materials
  artifactKey: Guid(f06278a0338e8d3458149cd559421625) Importer(2089858483,192608db42251d675da83286b1cce702)
Start importing Assets/asset_store/key_lock/textures/key/Materials using Guid(f06278a0338e8d3458149cd559421625) Importer(2089858483,192608db42251d675da83286b1cce702) (ScriptedImporter) -> (artifact id: 'efae2305bf3c0059ff26b16be34345e9') in 0.0143419 seconds
Number of updated asset objects reloaded before import = 0Number of asset objects unloaded after import = 1

========================================================================
Received Import Request.
  Time since last request: 0.000038 seconds.
  path: Assets/HyperLuminal
  artifactKey: Guid(612ce55a6e1884f42964f4fe23c3142d) Importer(2089858483,192608db42251d675da83286b1cce702)
Start importing Assets/HyperLuminal using Guid(612ce55a6e1884f42964f4fe23c3142d) Importer(2089858483,192608db42251d675da83286b1cce702) (ScriptedImporter) -> (artifact id: 'df128664e3d920afccaba197c8a8ecf7') in 0.0135785 seconds
Number of updated asset objects reloaded before import = 0Number of asset objects unloaded after import = 1

========================================================================
Received Import Request.
  Time since last request: 0.000021 seconds.
  path: Assets/TextMesh Pro/Shaders
  artifactKey: Guid(dc8ecc1cf8973754fbf03d0c930a9dbf) Importer(2089858483,192608db42251d675da83286b1cce702)
Start importing Assets/TextMesh Pro/Shaders using Guid(dc8ecc1cf8973754fbf03d0c930a9dbf) Importer(2089858483,192608db42251d675da83286b1cce702) (ScriptedImporter) -> (artifact id: 'cf755890fca60de7cc34a9fda5458f09') in 0.0144446 seconds
Number of updated asset objects reloaded before import = 0Number of asset objects unloaded after import = 1

========================================================================
Received Import Request.
  Time since last request: 0.000021 seconds.
  path: Assets/Дом/LPPLVW4GUP37SDTPKFJIHRGRE.mtl
  artifactKey: Guid(f62bf6a98e5b18a4b8ca2ef759c0b3a3) Importer(2089858483,192608db42251d675da83286b1cce702)
Start importing Assets/Дом/LPPLVW4GUP37SDTPKFJIHRGRE.mtl using Guid(f62bf6a98e5b18a4b8ca2ef759c0b3a3) Importer(2089858483,192608db42251d675da83286b1cce702) (ScriptedImporter) -> (artifact id: 'a21fb0119afe9823cbdf7f048a5c7377') in 0.0155227 seconds
Number of updated asset objects reloaded before import = 0Number of asset objects unloaded after import = 1

========================================================================
Received Import Request.
  Time since last request: 0.000020 seconds.
  path: Assets/nappin/OfficeEssentialsPack/Models/(Msh)Shelves1.fbx
  artifactKey: Guid(8b09b7a0841bea34c9563ebca9047138) Importer(2089858483,192608db42251d675da83286b1cce702)
Start importing Assets/nappin/OfficeEssentialsPack/Models/(Msh)Shelves1.fbx using Guid(8b09b7a0841bea34c9563ebca9047138) Importer(2089858483,192608db42251d675da83286b1cce702) (ScriptedImporter) -> (artifact id: '8b60a4845980a9f2768de2907e2551f8') in 0.0314511 seconds
Number of updated asset objects reloaded before import = 0Number of asset objects unloaded after import = 9

========================================================================
Received Import Request.
  Time since last request: 0.000023 seconds.
  path: Assets/Pegasus Studios/Elegant Interior Decor 3D Models Pack/Resources/Textures
  artifactKey: Guid(0c48c2594924aa84294a26f49c5ab142) Importer(2089858483,192608db42251d675da83286b1cce702)
Start importing Assets/Pegasus Studios/Elegant Interior Decor 3D Models Pack/Resources/Textures using Guid(0c48c2594924aa84294a26f49c5ab142) Importer(2089858483,192608db42251d675da83286b1cce702) (ScriptedImporter) -> (artifact id: '76a5df87a47c91fe5c518b5e5c027625') in 0.0128509 seconds
Number of updated asset objects reloaded before import = 0Number of asset objects unloaded after import = 1

========================================================================
Received Import Request.
  Time since last request: 0.000038 seconds.
  path: Assets/HDRPFurniturePack/Coffee_Table_Books/Models
  artifactKey: Guid(577bf45569cda8247bb13133a9a20044) Importer(2089858483,192608db42251d675da83286b1cce702)
Start importing Assets/HDRPFurniturePack/Coffee_Table_Books/Models using Guid(577bf45569cda8247bb13133a9a20044) Importer(2089858483,192608db42251d675da83286b1cce702) (ScriptedImporter) -> (artifact id: 'c531d9985e0d520abd824bfba466c344') in 0.0113986 seconds
Number of updated asset objects reloaded before import = 0Number of asset objects unloaded after import = 1

========================================================================
Received Import Request.
  Time since last request: 0.000017 seconds.
  path: Assets/HDRP_Oak_Tree/Scripts/Oak_CameraMove.cs
  artifactKey: Guid(e6a5da44cc5ad734fa882ffb97b84f3f) Importer(2089858483,192608db42251d675da83286b1cce702)
Start importing Assets/HDRP_Oak_Tree/Scripts/Oak_CameraMove.cs using Guid(e6a5da44cc5ad734fa882ffb97b84f3f) Importer(2089858483,192608db42251d675da83286b1cce702) (ScriptedImporter) -> (artifact id: 'd88487bdfc9ef0304cb976d7f20d6085') in 0.015172 seconds
Number of updated asset objects reloaded before import = 0Number of asset objects unloaded after import = 0

========================================================================
Received Import Request.
  Time since last request: 0.000020 seconds.
  path: Assets/Pegasus Studios/Elegant Interior Decor 3D Models Pack/Resources/Models/Painting.fbx
  artifactKey: Guid(db56cc79f0dadc54faccfeacfa7f8991) Importer(2089858483,192608db42251d675da83286b1cce702)
Start importing Assets/Pegasus Studios/Elegant Interior Decor 3D Models Pack/Resources/Models/Painting.fbx using Guid(db56cc79f0dadc54faccfeacfa7f8991) Importer(2089858483,192608db42251d675da83286b1cce702) (ScriptedImporter) -> (artifact id: '8cb73e8050edcfe70cf97f90cf867acc') in 0.0377632 seconds
Number of updated asset objects reloaded before import = 0Number of asset objects unloaded after import = 8

========================================================================
Received Import Request.
  Time since last request: 0.000025 seconds.
  path: Assets/4K Tiled Ground Textures p2/Textures/concrete/Materials
  artifactKey: Guid(7cd0ad941fc152c4ea270d99db4aa800) Importer(2089858483,192608db42251d675da83286b1cce702)
Start importing Assets/4K Tiled Ground Textures p2/Textures/concrete/Materials using Guid(7cd0ad941fc152c4ea270d99db4aa800) Importer(2089858483,192608db42251d675da83286b1cce702) (ScriptedImporter) -> (artifact id: '4a10607aef91dd38f32f492ccd4bd4e7') in 0.0137592 seconds
Number of updated asset objects reloaded before import = 0Number of asset objects unloaded after import = 1

========================================================================
Received Import Request.
  Time since last request: 0.000031 seconds.
  path: Assets/HDRPFurniturePack/Artek/Armchair_406_Artek/Models/Armchair_406_Artek.fbx
  artifactKey: Guid(69e0fa3d52db5fd4d843a1df3644b36b) Importer(2089858483,192608db42251d675da83286b1cce702)
Start importing Assets/HDRPFurniturePack/Artek/Armchair_406_Artek/Models/Armchair_406_Artek.fbx using Guid(69e0fa3d52db5fd4d843a1df3644b36b) Importer(2089858483,192608db42251d675da83286b1cce702) (ScriptedImporter) -> (artifact id: '6f1e338f63699e03dfdc6fef0ec6a21b') in 0.0483525 seconds
Number of updated asset objects reloaded before import = 0Number of asset objects unloaded after import = 14

========================================================================
Received Import Request.
  Time since last request: 0.000040 seconds.
  path: Assets/3Dfrk/Frames with pictures/Textures/Paint_04.png
  artifactKey: Guid(ca9324ed5e9d3cc4e8d1c1946ffa9787) Importer(2089858483,192608db42251d675da83286b1cce702)
Start importing Assets/3Dfrk/Frames with pictures/Textures/Paint_04.png using Guid(ca9324ed5e9d3cc4e8d1c1946ffa9787) Importer(2089858483,192608db42251d675da83286b1cce702) (ScriptedImporter) -> (artifact id: 'edd33ba823e4c3d285d7bc455f060aa5') in 0.0400126 seconds
Number of updated asset objects reloaded before import = 0Number of asset objects unloaded after import = 1

========================================================================
Received Import Request.
  Time since last request: 0.000053 seconds.
  path: Assets/TextMesh Pro/Shaders/TMP_SDF-Mobile Overlay.shader
  artifactKey: Guid(b9ce082ac9e9735469b33e230cb18fce) Importer(2089858483,192608db42251d675da83286b1cce702)
Start importing Assets/TextMesh Pro/Shaders/TMP_SDF-Mobile Overlay.shader using Guid(b9ce082ac9e9735469b33e230cb18fce) Importer(2089858483,192608db42251d675da83286b1cce702) (ScriptedImporter) -> (artifact id: 'b8d4d1dfdc3ac5ddb2bfe8040d9baba3') in 0.019291 seconds
Number of updated asset objects reloaded before import = 0Number of asset objects unloaded after import = 1

========================================================================
Received Import Request.
  Time since last request: 0.000031 seconds.
  path: Assets/SourceFiles/Textures/Repeating Tiles/Tile_Grass.png
  artifactKey: Guid(0ae5d984cd7e5a747961632f822611af) Importer(2089858483,192608db42251d675da83286b1cce702)
Start importing Assets/SourceFiles/Textures/Repeating Tiles/Tile_Grass.png using Guid(0ae5d984cd7e5a747961632f822611af) Importer(2089858483,192608db42251d675da83286b1cce702) (ScriptedImporter) -> (artifact id: '00d6215534b408a560658892ffe422d7') in 0.0318039 seconds
Number of updated asset objects reloaded before import = 0Number of asset objects unloaded after import = 1

========================================================================
Received Import Request.
  Time since last request: 0.000032 seconds.
  path: Assets/JJ_InteriorDoorPack_V1/Textures/T_intDoorWhite_MS.png
  artifactKey: Guid(0220d7dafdf95484c819f3575bcc58d9) Importer(2089858483,192608db42251d675da83286b1cce702)
Start importing Assets/JJ_InteriorDoorPack_V1/Textures/T_intDoorWhite_MS.png using Guid(0220d7dafdf95484c819f3575bcc58d9) Importer(2089858483,192608db42251d675da83286b1cce702) (ScriptedImporter) -> (artifact id: 'ee751293efa5d771865236fa850ad892') in 0.0884403 seconds
Number of updated asset objects reloaded before import = 0Number of asset objects unloaded after import = 1

========================================================================
Received Import Request.
  Time since last request: 0.000038 seconds.
  path: Assets/Brick Project Studio/Apartment Kit/_Prefabs/Props/Wine Liquor Beer and Glassware - Sample/wine thin glass Red Wine.prefab
  artifactKey: Guid(2982953f8d448284d8fbb396cc86a0dc) Importer(2089858483,192608db42251d675da83286b1cce702)
Start importing Assets/Brick Project Studio/Apartment Kit/_Prefabs/Props/Wine Liquor Beer and Glassware - Sample/wine thin glass Red Wine.prefab using Guid(2982953f8d448284d8fbb396cc86a0dc) Importer(2089858483,192608db42251d675da83286b1cce702) (ScriptedImporter) -> (artifact id: '4ec516bccaf814a27fe152ade9659e88') in 0.1025853 seconds
Number of updated asset objects reloaded before import = 0Number of asset objects unloaded after import = 11

========================================================================
Received Import Request.
  Time since last request: 0.000023 seconds.
  path: Assets/SpaceZeta_StreetLamps/Base Meshes/StreetLamp2_Tall.fbx
  artifactKey: Guid(a11c5781d81afd4418ec80cc5bfb512e) Importer(2089858483,192608db42251d675da83286b1cce702)
Start importing Assets/SpaceZeta_StreetLamps/Base Meshes/StreetLamp2_Tall.fbx using Guid(a11c5781d81afd4418ec80cc5bfb512e) Importer(2089858483,192608db42251d675da83286b1cce702) (ScriptedImporter) -> (artifact id: '32f2e5fcbdabb36e2ee198734cc91cd5') in 0.0342134 seconds
Number of updated asset objects reloaded before import = 0Number of asset objects unloaded after import = 7

========================================================================
Received Import Request.
  Time since last request: 0.000025 seconds.
  path: Assets/4K Tiled Ground Textures p2/Textures/concrete/Materials/concrete_10.mat
  artifactKey: Guid(c9ac460f86dd11e428f3abc410fde1fa) Importer(2089858483,192608db42251d675da83286b1cce702)
Start importing Assets/4K Tiled Ground Textures p2/Textures/concrete/Materials/concrete_10.mat using Guid(c9ac460f86dd11e428f3abc410fde1fa) Importer(2089858483,192608db42251d675da83286b1cce702) (ScriptedImporter) -> (artifact id: 'c23f64cfd6e89308f056320082649c6b') in 0.1398944 seconds
Number of updated asset objects reloaded before import = 0Number of asset objects unloaded after import = 2

========================================================================
Received Import Request.
  Time since last request: 0.000038 seconds.
  path: Assets/Pegasus Studios/Elegant Interior Decor 3D Models Pack/Resources/Models/Old Wall Sconce.fbx
  artifactKey: Guid(de87b0f49623e4a4494506e9c3cf7710) Importer(2089858483,192608db42251d675da83286b1cce702)
Start importing Assets/Pegasus Studios/Elegant Interior Decor 3D Models Pack/Resources/Models/Old Wall Sconce.fbx using Guid(de87b0f49623e4a4494506e9c3cf7710) Importer(2089858483,192608db42251d675da83286b1cce702) (ScriptedImporter) -> (artifact id: 'af486503a157a555607413ec00a6fbd2') in 0.0420565 seconds
Number of updated asset objects reloaded before import = 0Number of asset objects unloaded after import = 8

========================================================================
Received Import Request.
  Time since last request: 0.000042 seconds.
  path: Assets/asset_store/key_lock/prefab/prf_v_key_04.prefab
  artifactKey: Guid(b6aeee3b2870b024e94ed0025610e31b) Importer(2089858483,192608db42251d675da83286b1cce702)
Start importing Assets/asset_store/key_lock/prefab/prf_v_key_04.prefab using Guid(b6aeee3b2870b024e94ed0025610e31b) Importer(2089858483,192608db42251d675da83286b1cce702) (ScriptedImporter) -> (artifact id: 'a719133611f26a62d5c9dd8acbb5d211') in 0.0408751 seconds
Number of updated asset objects reloaded before import = 0Number of asset objects unloaded after import = 17

========================================================================
Received Import Request.
  Time since last request: 0.000034 seconds.
  path: Assets/Brick Project Studio/Apartment Kit/_Prefabs/Furniture/Kitchen/Cabinets/Cabinet_Wall_DD_03.prefab
  artifactKey: Guid(3c5a91b5adc6fae4eb8bf653515405e4) Importer(2089858483,192608db42251d675da83286b1cce702)
Start importing Assets/Brick Project Studio/Apartment Kit/_Prefabs/Furniture/Kitchen/Cabinets/Cabinet_Wall_DD_03.prefab using Guid(3c5a91b5adc6fae4eb8bf653515405e4) Importer(2089858483,192608db42251d675da83286b1cce702) (ScriptedImporter) -> (artifact id: 'f3223114dc702356d971d673f2a707e6') in 0.0401805 seconds
Number of updated asset objects reloaded before import = 0Number of asset objects unloaded after import = 23

========================================================================
Received Import Request.
  Time since last request: 0.000032 seconds.
  path: Assets/danthaigames/DS Furniture Pack 01/PSDs/Shelf/Materials
  artifactKey: Guid(6ff7ab529fe7e5f4496029ed82b50557) Importer(2089858483,192608db42251d675da83286b1cce702)
Start importing Assets/danthaigames/DS Furniture Pack 01/PSDs/Shelf/Materials using Guid(6ff7ab529fe7e5f4496029ed82b50557) Importer(2089858483,192608db42251d675da83286b1cce702) (ScriptedImporter) -> (artifact id: '98298670437f374f946209b137eb12c7') in 0.0136544 seconds
Number of updated asset objects reloaded before import = 0Number of asset objects unloaded after import = 1

========================================================================
Received Import Request.
  Time since last request: 0.000037 seconds.
  path: Assets/HDRPFurniturePack/Artek/Coffee_Table_90D_Artek
  artifactKey: Guid(a31bf4ab0d463f64eb9ac85687313f86) Importer(2089858483,192608db42251d675da83286b1cce702)
Start importing Assets/HDRPFurniturePack/Artek/Coffee_Table_90D_Artek using Guid(a31bf4ab0d463f64eb9ac85687313f86) Importer(2089858483,192608db42251d675da83286b1cce702) (ScriptedImporter) -> (artifact id: '2ba711d69ec89e1088ec19cbac0dc4c2') in 0.0152129 seconds
Number of updated asset objects reloaded before import = 0Number of asset objects unloaded after import = 1

========================================================================
Received Import Request.
  Time since last request: 0.000027 seconds.
  path: Assets/nappin/OfficeEssentialsPack/Models/(Msh)WaterDispenser.fbx
  artifactKey: Guid(e814e3134a6cd5346b48b28d1de19764) Importer(2089858483,192608db42251d675da83286b1cce702)
Start importing Assets/nappin/OfficeEssentialsPack/Models/(Msh)WaterDispenser.fbx using Guid(e814e3134a6cd5346b48b28d1de19764) Importer(2089858483,192608db42251d675da83286b1cce702) (ScriptedImporter) -> (artifact id: 'be9af823318f1ecc41add1a9c4ef0095') in 0.0352142 seconds
Number of updated asset objects reloaded before import = 0Number of asset objects unloaded after import = 9

========================================================================
Received Import Request.
  Time since last request: 0.000020 seconds.
  path: Assets/Brick Project Studio/Apartment Kit/Common/Models
  artifactKey: Guid(749e072d8b84c8e408bff7c6cafa68bc) Importer(2089858483,192608db42251d675da83286b1cce702)
Start importing Assets/Brick Project Studio/Apartment Kit/Common/Models using Guid(749e072d8b84c8e408bff7c6cafa68bc) Importer(2089858483,192608db42251d675da83286b1cce702) (ScriptedImporter) -> (artifact id: '736dcd35a9c558f2666423648ccb5a86') in 0.0132318 seconds
Number of updated asset objects reloaded before import = 0Number of asset objects unloaded after import = 1

========================================================================
Received Import Request.
  Time since last request: 0.000019 seconds.
  path: Assets/SourceFiles/Textures/Repeating Tiles
  artifactKey: Guid(c79be89fae440a340ae2fa59910dd74a) Importer(2089858483,192608db42251d675da83286b1cce702)
Start importing Assets/SourceFiles/Textures/Repeating Tiles using Guid(c79be89fae440a340ae2fa59910dd74a) Importer(2089858483,192608db42251d675da83286b1cce702) (ScriptedImporter) -> (artifact id: '8ddaddcd7043893d79937aa9ef2fdced') in 0.012845 seconds
Number of updated asset objects reloaded before import = 0Number of asset objects unloaded after import = 1

========================================================================
Received Import Request.
  Time since last request: 0.000033 seconds.
  path: Assets/Объекты/5/RGB_9826e89988e547bd84de6413d0be95d5_CartoonMailbox_Base_Color.png
  artifactKey: Guid(786656f12ff062c4e8691a6cc7c2463a) Importer(2089858483,192608db42251d675da83286b1cce702)
Start importing Assets/Объекты/5/RGB_9826e89988e547bd84de6413d0be95d5_CartoonMailbox_Base_Color.png using Guid(786656f12ff062c4e8691a6cc7c2463a) Importer(2089858483,192608db42251d675da83286b1cce702) (ScriptedImporter) -> (artifact id: '079b3efc78fdd55228dfc5988ac0784e') in 0.0352366 seconds
Number of updated asset objects reloaded before import = 0Number of asset objects unloaded after import = 1

========================================================================
Received Import Request.
  Time since last request: 0.000113 seconds.
  path: Assets/TextMesh Pro/Resources/Fonts & Materials
  artifactKey: Guid(7b0dc6ea5d48cc24f85eec1aa4f456b2) Importer(2089858483,192608db42251d675da83286b1cce702)
Start importing Assets/TextMesh Pro/Resources/Fonts & Materials using Guid(7b0dc6ea5d48cc24f85eec1aa4f456b2) Importer(2089858483,192608db42251d675da83286b1cce702) (ScriptedImporter) -> (artifact id: 'a31d882cae702f56823a9ee6d85a4f50') in 0.0119935 seconds
Number of updated asset objects reloaded before import = 0Number of asset objects unloaded after import = 1

========================================================================
Received Import Request.
  Time since last request: 0.000020 seconds.
  path: Assets/Brick Project Studio/Apartment Kit/Common/Models/Apt_Furniture_02.fbx
  artifactKey: Guid(9a26d2ac316296b44b9aed4c7bcfb77c) Importer(2089858483,192608db42251d675da83286b1cce702)
Start importing Assets/Brick Project Studio/Apartment Kit/Common/Models/Apt_Furniture_02.fbx using Guid(9a26d2ac316296b44b9aed4c7bcfb77c) Importer(2089858483,192608db42251d675da83286b1cce702) (ScriptedImporter) -> (artifact id: '81e527933137de73204fc5494aa8dbe2') in 0.1181462 seconds
Number of updated asset objects reloaded before import = 0Number of asset objects unloaded after import = 279

========================================================================
Received Import Request.
  Time since last request: 0.000026 seconds.
  path: Assets/Pegasus Studios/Elegant Interior Decor 3D Models Pack/Resources/Textures/Door/door wood_diffuseOriginal.png
  artifactKey: Guid(c563da57bcb2df14e9df8defe4c80b1d) Importer(2089858483,192608db42251d675da83286b1cce702)
Start importing Assets/Pegasus Studios/Elegant Interior Decor 3D Models Pack/Resources/Textures/Door/door wood_diffuseOriginal.png using Guid(c563da57bcb2df14e9df8defe4c80b1d) Importer(2089858483,192608db42251d675da83286b1cce702) (ScriptedImporter) -> (artifact id: '04b1b2da241f443a64af21357d860d48') in 0.0304631 seconds
Number of updated asset objects reloaded before import = 0Number of asset objects unloaded after import = 1

========================================================================
Received Import Request.
  Time since last request: 0.000030 seconds.
  path: Assets/Scenes/ProjectScene2.unity
  artifactKey: Guid(c0dc50c85e974584c87929a1328b2d84) Importer(2089858483,192608db42251d675da83286b1cce702)
Start importing Assets/Scenes/ProjectScene2.unity using Guid(c0dc50c85e974584c87929a1328b2d84) Importer(2089858483,192608db42251d675da83286b1cce702) (ScriptedImporter) -> (artifact id: '3a85e2f032f5e849f3fe71b5271a8569') in 0.0458918 seconds
Number of updated asset objects reloaded before import = 0Number of asset objects unloaded after import = 1

========================================================================
Received Import Request.
  Time since last request: 0.000026 seconds.
  path: Assets/JJ_InteriorDoorPack_V1/Meshes/intDoor_metalFrame.fbx
  artifactKey: Guid(1ffd1f87b3e4d8a40b6205522e78b212) Importer(2089858483,192608db42251d675da83286b1cce702)
Start importing Assets/JJ_InteriorDoorPack_V1/Meshes/intDoor_metalFrame.fbx using Guid(1ffd1f87b3e4d8a40b6205522e78b212) Importer(2089858483,192608db42251d675da83286b1cce702) (ScriptedImporter) -> (artifact id: '895526e8523a6eca8f8017a58c75dfa9') in 0.0392894 seconds
Number of updated asset objects reloaded before import = 0Number of asset objects unloaded after import = 8

========================================================================
Received Import Request.
  Time since last request: 0.000025 seconds.
  path: Assets/TextMesh Pro/Resources
  artifactKey: Guid(344fd721a8d0e264e83daac62aa9539c) Importer(2089858483,192608db42251d675da83286b1cce702)
Start importing Assets/TextMesh Pro/Resources using Guid(344fd721a8d0e264e83daac62aa9539c) Importer(2089858483,192608db42251d675da83286b1cce702) (ScriptedImporter) -> (artifact id: '06249c0412e4ef8d1b2227cd276fe776') in 0.0105563 seconds
Number of updated asset objects reloaded before import = 0Number of asset objects unloaded after import = 1

========================================================================
Received Import Request.
  Time since last request: 0.000035 seconds.
  path: Assets/Free Wood Door Pack/Mesh/Wood_Door.FBX
  artifactKey: Guid(05037f80a59ceb945bed55cb1c3997b9) Importer(2089858483,192608db42251d675da83286b1cce702)
Start importing Assets/Free Wood Door Pack/Mesh/Wood_Door.FBX using Guid(05037f80a59ceb945bed55cb1c3997b9) Importer(2089858483,192608db42251d675da83286b1cce702) (ScriptedImporter) -> (artifact id: '74941a53dd2341afd69ca4c7fa5cf7ea') in 0.0291803 seconds
Number of updated asset objects reloaded before import = 0Number of asset objects unloaded after import = 14

========================================================================
Received Import Request.
  Time since last request: 0.000029 seconds.
  path: Assets/nappin/OfficeEssentialsPack/Models/(Msh)Shelves3.fbx
  artifactKey: Guid(c35ed03b576624346b5da2d59028b9bc) Importer(2089858483,192608db42251d675da83286b1cce702)
Start importing Assets/nappin/OfficeEssentialsPack/Models/(Msh)Shelves3.fbx using Guid(c35ed03b576624346b5da2d59028b9bc) Importer(2089858483,192608db42251d675da83286b1cce702) (ScriptedImporter) -> (artifact id: 'd721a880f23b4c27f7e8242c6a630b76') in 0.0280775 seconds
Number of updated asset objects reloaded before import = 0Number of asset objects unloaded after import = 9

========================================================================
Received Import Request.
  Time since last request: 0.000021 seconds.
  path: Assets/TextMesh Pro
  artifactKey: Guid(0e918aceff0e10c4db4f5ac2a97d67d1) Importer(2089858483,192608db42251d675da83286b1cce702)
Start importing Assets/TextMesh Pro using Guid(0e918aceff0e10c4db4f5ac2a97d67d1) Importer(2089858483,192608db42251d675da83286b1cce702) (ScriptedImporter) -> (artifact id: '3776a157c95eba8556ac7325614fda6f') in 0.0125284 seconds
Number of updated asset objects reloaded before import = 0Number of asset objects unloaded after import = 1

========================================================================
Received Import Request.
  Time since last request: 0.000031 seconds.
  path: Assets/SpaceZeta_StreetLamps/Base Meshes/StreetLamp1_TallDouble.fbx
  artifactKey: Guid(d1ea0ff2f9adb89429a4f20231b703a9) Importer(2089858483,192608db42251d675da83286b1cce702)
Start importing Assets/SpaceZeta_StreetLamps/Base Meshes/StreetLamp1_TallDouble.fbx using Guid(d1ea0ff2f9adb89429a4f20231b703a9) Importer(2089858483,192608db42251d675da83286b1cce702) (ScriptedImporter) -> (artifact id: '6bd2c9ccf08fb50f0250a4ccafb1dc87') in 0.0361768 seconds
Number of updated asset objects reloaded before import = 0Number of asset objects unloaded after import = 7

========================================================================
Received Import Request.
  Time since last request: 0.000021 seconds.
  path: Assets/nappin/OfficeEssentialsPack/Models/(Msh)YogaBall.fbx
  artifactKey: Guid(70e80035b19b3964dbcfe2588e8bf2ea) Importer(2089858483,192608db42251d675da83286b1cce702)
Start importing Assets/nappin/OfficeEssentialsPack/Models/(Msh)YogaBall.fbx using Guid(70e80035b19b3964dbcfe2588e8bf2ea) Importer(2089858483,192608db42251d675da83286b1cce702) (ScriptedImporter) -> (artifact id: '0b217ba5ce7775e577b4a0348a5c8b68') in 0.0329141 seconds
Number of updated asset objects reloaded before import = 0Number of asset objects unloaded after import = 9

========================================================================
Received Import Request.
  Time since last request: 0.000028 seconds.
  path: Assets/asset_store/key_lock/prefab/prf_v_key_02.prefab
  artifactKey: Guid(a4a2ebbcbdc43ed4aa5c3ce5eb5c30c7) Importer(2089858483,192608db42251d675da83286b1cce702)
Start importing Assets/asset_store/key_lock/prefab/prf_v_key_02.prefab using Guid(a4a2ebbcbdc43ed4aa5c3ce5eb5c30c7) Importer(2089858483,192608db42251d675da83286b1cce702) (ScriptedImporter) -> (artifact id: 'df0b761d9f035c20b6f6cb92f7575eda') in 0.0365269 seconds
Number of updated asset objects reloaded before import = 0Number of asset objects unloaded after import = 17

========================================================================
Received Import Request.
  Time since last request: 0.000034 seconds.
  path: Assets/TextMesh Pro/Shaders/TMP_SDF-URP Lit.shadergraph
  artifactKey: Guid(bd5c0ab340f5c3b49a37a9fdf1a3b094) Importer(2089858483,192608db42251d675da83286b1cce702)
Start importing Assets/TextMesh Pro/Shaders/TMP_SDF-URP Lit.shadergraph using Guid(bd5c0ab340f5c3b49a37a9fdf1a3b094) Importer(2089858483,192608db42251d675da83286b1cce702) (ScriptedImporter) -> (artifact id: '7a57488f1b76e93079b0ab16924ebb77') in 0.3090645 seconds
Number of updated asset objects reloaded before import = 0Number of asset objects unloaded after import = 4

========================================================================
Received Import Request.
  Time since last request: 0.000027 seconds.
  path: Assets/Brick Project Studio/Apartment Kit/_Prefabs/Props/Lighting/Lamp_Ceiling_Apt_04.prefab
  artifactKey: Guid(26e2fbdc997d8094c856d1e7778983f7) Importer(2089858483,192608db42251d675da83286b1cce702)
Start importing Assets/Brick Project Studio/Apartment Kit/_Prefabs/Props/Lighting/Lamp_Ceiling_Apt_04.prefab using Guid(26e2fbdc997d8094c856d1e7778983f7) Importer(2089858483,192608db42251d675da83286b1cce702) (ScriptedImporter) -> (artifact id: '2ae41bf245edc600b105a103e026b872') in 0.0457048 seconds
Number of updated asset objects reloaded before import = 0Number of asset objects unloaded after import = 28

========================================================================
Received Import Request.
  Time since last request: 0.000036 seconds.
  path: Assets/Brick Project Studio/Apartment Kit/Common/Models/Apt_Props_01.fbx
  artifactKey: Guid(072abaa47f830234aaaf21c8ea79f599) Importer(2089858483,192608db42251d675da83286b1cce702)
Start importing Assets/Brick Project Studio/Apartment Kit/Common/Models/Apt_Props_01.fbx using Guid(072abaa47f830234aaaf21c8ea79f599) Importer(2089858483,192608db42251d675da83286b1cce702) (ScriptedImporter) -> (artifact id: '1f5aeee001698110417a459f1015d6be') in 0.2269335 seconds
Number of updated asset objects reloaded before import = 0Number of asset objects unloaded after import = 414

========================================================================
Received Import Request.
  Time since last request: 0.000035 seconds.
  path: Assets/Brick Project Studio/Apartment Kit/_Prefabs/Furniture/Kitchen/Cabinets/Cabinet_Wall_DD_01.prefab
  artifactKey: Guid(c306495b15d60064e81b335e83487f4b) Importer(2089858483,192608db42251d675da83286b1cce702)
Start importing Assets/Brick Project Studio/Apartment Kit/_Prefabs/Furniture/Kitchen/Cabinets/Cabinet_Wall_DD_01.prefab using Guid(c306495b15d60064e81b335e83487f4b) Importer(2089858483,192608db42251d675da83286b1cce702) (ScriptedImporter) -> (artifact id: '59e693784b0f31b9558e156ac13fe46c') in 0.1278628 seconds
Number of updated asset objects reloaded before import = 0Number of asset objects unloaded after import = 29

========================================================================
Received Import Request.
  Time since last request: 0.000032 seconds.
  path: Assets/HDRPFurniturePack/Artek
  artifactKey: Guid(7fb7e66749e8d2e46a9c76cd1736b955) Importer(2089858483,192608db42251d675da83286b1cce702)
Start importing Assets/HDRPFurniturePack/Artek using Guid(7fb7e66749e8d2e46a9c76cd1736b955) Importer(2089858483,192608db42251d675da83286b1cce702) (ScriptedImporter) -> (artifact id: 'd533440a0874be99967ef6df0f2824e3') in 0.0131019 seconds
Number of updated asset objects reloaded before import = 0Number of asset objects unloaded after import = 1

========================================================================
Received Import Request.
  Time since last request: 0.000019 seconds.
  path: Assets/SourceFiles/Models/Box_350x250x300_Mesh.fbx
  artifactKey: Guid(836cb7366cd101b4fb2dd425ef498825) Importer(2089858483,192608db42251d675da83286b1cce702)
Start importing Assets/SourceFiles/Models/Box_350x250x300_Mesh.fbx using Guid(836cb7366cd101b4fb2dd425ef498825) Importer(2089858483,192608db42251d675da83286b1cce702) (ScriptedImporter) -> (artifact id: '077eeb5943fc343f0bfd336275bfe933') in 0.03975 seconds
Number of updated asset objects reloaded before import = 0Number of asset objects unloaded after import = 8

========================================================================
Received Import Request.
  Time since last request: 0.000026 seconds.
  path: Assets/Часы/1/Materials
  artifactKey: Guid(ac1a45e8df334034abec77eced3be99e) Importer(2089858483,192608db42251d675da83286b1cce702)
Start importing Assets/Часы/1/Materials using Guid(ac1a45e8df334034abec77eced3be99e) Importer(2089858483,192608db42251d675da83286b1cce702) (ScriptedImporter) -> (artifact id: '78696f73ba0b4078c12e4e8738e2d697') in 0.0133483 seconds
Number of updated asset objects reloaded before import = 0Number of asset objects unloaded after import = 1

========================================================================
Received Import Request.
  Time since last request: 0.000039 seconds.
  path: Assets/3Dfrk/Frames with pictures/Prefabs/Paint_08.prefab
  artifactKey: Guid(192262e6303c41042aa4b52a06510ff0) Importer(2089858483,192608db42251d675da83286b1cce702)
Start importing Assets/3Dfrk/Frames with pictures/Prefabs/Paint_08.prefab using Guid(192262e6303c41042aa4b52a06510ff0) Importer(2089858483,192608db42251d675da83286b1cce702) (ScriptedImporter) -> (artifact id: 'bcf42c73777cc64bfa62b346e6250f38') in 0.0604257 seconds
Number of updated asset objects reloaded before import = 0Number of asset objects unloaded after import = 9

========================================================================
Received Import Request.
  Time since last request: 0.000032 seconds.
  path: Assets/SourceFiles/StarterAssets/ThirdPersonController/Character/Animations/Locomotion--Walk_N_Land.anim.fbx
  artifactKey: Guid(cf6a9eeb1adf47e4faa77de20b71c1b5) Importer(2089858483,192608db42251d675da83286b1cce702)
Start importing Assets/SourceFiles/StarterAssets/ThirdPersonController/Character/Animations/Locomotion--Walk_N_Land.anim.fbx using Guid(cf6a9eeb1adf47e4faa77de20b71c1b5) Importer(2089858483,192608db42251d675da83286b1cce702) (ScriptedImporter) -> (artifact id: '2322f6a5ecc1e11c76902747923a053a') in 0.0347773 seconds
Number of updated asset objects reloaded before import = 0Number of asset objects unloaded after import = 144

========================================================================
Received Import Request.
  Time since last request: 0.000029 seconds.
  path: Assets/HDRPFurniturePack/Rug_Woven_Wool_Natural/Models
  artifactKey: Guid(16302628f1ebd8d40ba96ad488d4b2ee) Importer(2089858483,192608db42251d675da83286b1cce702)
Start importing Assets/HDRPFurniturePack/Rug_Woven_Wool_Natural/Models using Guid(16302628f1ebd8d40ba96ad488d4b2ee) Importer(2089858483,192608db42251d675da83286b1cce702) (ScriptedImporter) -> (artifact id: 'ea0e52c0c9eaae5cab929f7988d67adf') in 0.0131332 seconds
Number of updated asset objects reloaded before import = 0Number of asset objects unloaded after import = 1

========================================================================
Received Import Request.
  Time since last request: 0.000019 seconds.
  path: Assets/asset_store/key_lock/textures/key/m_key_01_blue_bc.png
  artifactKey: Guid(3818073e3c55952469e6a1d853c18551) Importer(2089858483,192608db42251d675da83286b1cce702)
Start importing Assets/asset_store/key_lock/textures/key/m_key_01_blue_bc.png using Guid(3818073e3c55952469e6a1d853c18551) Importer(2089858483,192608db42251d675da83286b1cce702) (ScriptedImporter) -> (artifact id: 'd29212fa66b943e548d030afeef8e0cd') in 0.1734373 seconds
Number of updated asset objects reloaded before import = 0Number of asset objects unloaded after import = 1

========================================================================
Received Import Request.
  Time since last request: 0.000027 seconds.
  path: Assets/Free Wood Door Pack/Mesh/Knob_2.FBX
  artifactKey: Guid(9b5061bb9fd4df24cbff5de41bfabfdb) Importer(2089858483,192608db42251d675da83286b1cce702)
Start importing Assets/Free Wood Door Pack/Mesh/Knob_2.FBX using Guid(9b5061bb9fd4df24cbff5de41bfabfdb) Importer(2089858483,192608db42251d675da83286b1cce702) (ScriptedImporter) -> (artifact id: '90037697bc0c720fb75d0bc352fc0fde') in 0.0340489 seconds
Number of updated asset objects reloaded before import = 0Number of asset objects unloaded after import = 7

========================================================================
Received Import Request.
  Time since last request: 0.000037 seconds.
  path: Assets/TextMesh Pro/Shaders/SDFFunctions.hlsl
  artifactKey: Guid(1deae1263e67c2d4aafbc3b833c72a9c) Importer(2089858483,192608db42251d675da83286b1cce702)
Start importing Assets/TextMesh Pro/Shaders/SDFFunctions.hlsl using Guid(1deae1263e67c2d4aafbc3b833c72a9c) Importer(2089858483,192608db42251d675da83286b1cce702) (ScriptedImporter) -> (artifact id: '864cb91d0078a461b47963667313108f') in 0.0133918 seconds
Number of updated asset objects reloaded before import = 0Number of asset objects unloaded after import = 1

========================================================================
Received Import Request.
  Time since last request: 0.000023 seconds.
  path: Assets/ExtrudeMeshAlongBezierTool/Examples/Meshes/SpikedRoad.fbx
  artifactKey: Guid(c08a96243bd69c84188cbbc2789c4910) Importer(2089858483,192608db42251d675da83286b1cce702)
Start importing Assets/ExtrudeMeshAlongBezierTool/Examples/Meshes/SpikedRoad.fbx using Guid(c08a96243bd69c84188cbbc2789c4910) Importer(2089858483,192608db42251d675da83286b1cce702) (ScriptedImporter) -> (artifact id: '31b9956691ad30137a70d3d3f757d85c') in 0.0449342 seconds
Number of updated asset objects reloaded before import = 0Number of asset objects unloaded after import = 8

========================================================================
Received Import Request.
  Time since last request: 0.000016 seconds.
  path: Assets/SourceFiles/Textures/Repeating Tiles/GrassBushyThick_Normal.tif
  artifactKey: Guid(7b2b6d91058383e4da69802af87f0c9f) Importer(2089858483,192608db42251d675da83286b1cce702)
Start importing Assets/SourceFiles/Textures/Repeating Tiles/GrassBushyThick_Normal.tif using Guid(7b2b6d91058383e4da69802af87f0c9f) Importer(2089858483,192608db42251d675da83286b1cce702) (ScriptedImporter) -> (artifact id: 'ae559dfb72376aca3d9eb18c36fb1918') in 0.1496494 seconds
Number of updated asset objects reloaded before import = 0Number of asset objects unloaded after import = 1

========================================================================
Received Import Request.
  Time since last request: 0.000030 seconds.
  path: Assets/HDRPFurniturePack/Artek/Armchair_406_Artek/Models
  artifactKey: Guid(736d5c3726dacc04a9196a35308d9621) Importer(2089858483,192608db42251d675da83286b1cce702)
Start importing Assets/HDRPFurniturePack/Artek/Armchair_406_Artek/Models using Guid(736d5c3726dacc04a9196a35308d9621) Importer(2089858483,192608db42251d675da83286b1cce702) (ScriptedImporter) -> (artifact id: '758f02add50569b78531049d194892ff') in 0.0150529 seconds
Number of updated asset objects reloaded before import = 0Number of asset objects unloaded after import = 1

========================================================================
Received Import Request.
  Time since last request: 0.000037 seconds.
  path: Assets/HDRPFurniturePack/Artek/Floor_Light_A810_Artek/Models
  artifactKey: Guid(a791573eb5e8f9e41a908f2663c1e14e) Importer(2089858483,192608db42251d675da83286b1cce702)
Start importing Assets/HDRPFurniturePack/Artek/Floor_Light_A810_Artek/Models using Guid(a791573eb5e8f9e41a908f2663c1e14e) Importer(2089858483,192608db42251d675da83286b1cce702) (ScriptedImporter) -> (artifact id: '598b22795103eb86c0015a13de3fbf55') in 0.0148081 seconds
Number of updated asset objects reloaded before import = 0Number of asset objects unloaded after import = 1

========================================================================
Received Import Request.
  Time since last request: 0.000029 seconds.
  path: Assets/HDRPFurniturePack/Plant_Potted_Monstera_Deliciosa
  artifactKey: Guid(2871d2b568a2bc74ea178fa99f469cf2) Importer(2089858483,192608db42251d675da83286b1cce702)
Start importing Assets/HDRPFurniturePack/Plant_Potted_Monstera_Deliciosa using Guid(2871d2b568a2bc74ea178fa99f469cf2) Importer(2089858483,192608db42251d675da83286b1cce702) (ScriptedImporter) -> (artifact id: '9854828abbaee3a497c53bdd63ff7bdc') in 0.015716 seconds
Number of updated asset objects reloaded before import = 0Number of asset objects unloaded after import = 1

========================================================================
Received Import Request.
  Time since last request: 0.000026 seconds.
  path: Assets/Brick Project Studio/Apartment Kit/_Prefabs/Furniture/Kitchen/Appliances
  artifactKey: Guid(cf8c78cc1e009b442968fa0ef51ae2e5) Importer(2089858483,192608db42251d675da83286b1cce702)
Start importing Assets/Brick Project Studio/Apartment Kit/_Prefabs/Furniture/Kitchen/Appliances using Guid(cf8c78cc1e009b442968fa0ef51ae2e5) Importer(2089858483,192608db42251d675da83286b1cce702) (ScriptedImporter) -> (artifact id: '0b20a0e2200a0c9a81d3208494f4d33c') in 0.0160204 seconds
Number of updated asset objects reloaded before import = 0Number of asset objects unloaded after import = 1

========================================================================
Received Import Request.
  Time since last request: 0.000061 seconds.
  path: Assets/Phoenix3D/P3D_Wallpaper_Carpet_and_CurtainFabric_Materials_Pack/Models/Materials/Sample_House-Chimneys_1.mat
  artifactKey: Guid(8237ab5752cd4b64a9d5bb92f22cad16) Importer(2089858483,192608db42251d675da83286b1cce702)
Start importing Assets/Phoenix3D/P3D_Wallpaper_Carpet_and_CurtainFabric_Materials_Pack/Models/Materials/Sample_House-Chimneys_1.mat using Guid(8237ab5752cd4b64a9d5bb92f22cad16) Importer(2089858483,192608db42251d675da83286b1cce702) (ScriptedImporter) -> (artifact id: '1ae40e9d349cae9ab46f68e12313ec56') in 0.0183994 seconds
Number of updated asset objects reloaded before import = 0Number of asset objects unloaded after import = 1

========================================================================
Received Import Request.
  Time since last request: 0.000039 seconds.
  path: Assets/Часы/9/N_77d7b68e62fa49338ec1c26b3a4d8382_Clock_Normal.png
  artifactKey: Guid(f420e7cc00496c1439723fa8850360bc) Importer(2089858483,192608db42251d675da83286b1cce702)
Start importing Assets/Часы/9/N_77d7b68e62fa49338ec1c26b3a4d8382_Clock_Normal.png using Guid(f420e7cc00496c1439723fa8850360bc) Importer(2089858483,192608db42251d675da83286b1cce702) (ScriptedImporter) -> (artifact id: '61505f4a1fe58719e1bd0a1242d2bb56') in 0.0829594 seconds
Number of updated asset objects reloaded before import = 0Number of asset objects unloaded after import = 1

========================================================================
Received Import Request.
  Time since last request: 0.000040 seconds.
  path: Assets/SourceFiles/StarterAssets/ThirdPersonController/Character/Models/Armature.fbx
  artifactKey: Guid(617212b6a38d210478988e9ef5098f4b) Importer(2089858483,192608db42251d675da83286b1cce702)
Start importing Assets/SourceFiles/StarterAssets/ThirdPersonController/Character/Models/Armature.fbx using Guid(617212b6a38d210478988e9ef5098f4b) Importer(2089858483,192608db42251d675da83286b1cce702) (ScriptedImporter) -> (artifact id: '9675a8494b526e6619fe2fb4fd46a399') in 0.0635095 seconds
Number of updated asset objects reloaded before import = 0Number of asset objects unloaded after import = 150

========================================================================
Received Import Request.
  Time since last request: 0.000027 seconds.
  path: Assets/HighQualityBricks&Walls/Shaders/stone-805287.shader
  artifactKey: Guid(065fa35dd85860844912b691a1e2e927) Importer(2089858483,192608db42251d675da83286b1cce702)
Start importing Assets/HighQualityBricks&Walls/Shaders/stone-805287.shader using Guid(065fa35dd85860844912b691a1e2e927) Importer(2089858483,192608db42251d675da83286b1cce702) (ScriptedImporter) -> (artifact id: '41ab1f9a7196e65e31b48d58c5a2b2ae') in 0.018899 seconds
Number of updated asset objects reloaded before import = 0Number of asset objects unloaded after import = 1

========================================================================
Received Import Request.
  Time since last request: 0.000022 seconds.
  path: Assets/Brick Project Studio/Apartment Kit/_Prefabs/Furniture/Kitchen/Cabinets
  artifactKey: Guid(94ca13d65552b45458e471622ff944e8) Importer(2089858483,192608db42251d675da83286b1cce702)
Start importing Assets/Brick Project Studio/Apartment Kit/_Prefabs/Furniture/Kitchen/Cabinets using Guid(94ca13d65552b45458e471622ff944e8) Importer(2089858483,192608db42251d675da83286b1cce702) (ScriptedImporter) -> (artifact id: '6386145e764f3f57dc02bdcf059887b7') in 0.0177775 seconds
Number of updated asset objects reloaded before import = 0Number of asset objects unloaded after import = 1

========================================================================
Received Import Request.
  Time since last request: 0.000031 seconds.
  path: Assets/Pictures/Stand/Mesh/Materials
  artifactKey: Guid(482ec9fb5766cc14fa4983193cccea79) Importer(2089858483,192608db42251d675da83286b1cce702)
Start importing Assets/Pictures/Stand/Mesh/Materials using Guid(482ec9fb5766cc14fa4983193cccea79) Importer(2089858483,192608db42251d675da83286b1cce702) (ScriptedImporter) -> (artifact id: '7d9d4ff4c7436db46b1fc602f09dc050') in 0.0144707 seconds
Number of updated asset objects reloaded before import = 0Number of asset objects unloaded after import = 1

========================================================================
Received Import Request.
  Time since last request: 0.000040 seconds.
  path: Assets/HyperLuminal/SlidingTilePuzzle/Prefabs/SlidingTile_5by5.prefab
  artifactKey: Guid(a3a35ff2d1cf3364bacf06a28c2adc7e) Importer(2089858483,192608db42251d675da83286b1cce702)
Start importing Assets/HyperLuminal/SlidingTilePuzzle/Prefabs/SlidingTile_5by5.prefab using Guid(a3a35ff2d1cf3364bacf06a28c2adc7e) Importer(2089858483,192608db42251d675da83286b1cce702) (ScriptedImporter) -> (artifact id: '1734163ce6466a0b9e846f862bdc3038') in 0.0567659 seconds
Number of updated asset objects reloaded before import = 0Number of asset objects unloaded after import = 5

========================================================================
Received Import Request.
  Time since last request: 0.000022 seconds.
  path: Assets/JJ_InteriorDoorPack_V1/Textures/Frames/Materials/intDoor_metalFrame_mat_intDoor_metalFrame_white_AlbedoTransparency.mat
  artifactKey: Guid(a60d24822e72ab64d915b79a9ff6c171) Importer(2089858483,192608db42251d675da83286b1cce702)
Start importing Assets/JJ_InteriorDoorPack_V1/Textures/Frames/Materials/intDoor_metalFrame_mat_intDoor_metalFrame_white_AlbedoTransparency.mat using Guid(a60d24822e72ab64d915b79a9ff6c171) Importer(2089858483,192608db42251d675da83286b1cce702) (ScriptedImporter) -> (artifact id: 'a08d0d44f9283a69490e2839310dd192') in 0.0203034 seconds
Number of updated asset objects reloaded before import = 0Number of asset objects unloaded after import = 2

========================================================================
Received Import Request.
  Time since last request: 0.000022 seconds.
  path: Assets/Skyboxes/SkySunset.mat
  artifactKey: Guid(ab2b316534ea90e4bb8d84df0e23a2d0) Importer(2089858483,192608db42251d675da83286b1cce702)
Start importing Assets/Skyboxes/SkySunset.mat using Guid(ab2b316534ea90e4bb8d84df0e23a2d0) Importer(2089858483,192608db42251d675da83286b1cce702) (ScriptedImporter) -> (artifact id: 'c315dbc57c3723dfb154b9e4ba4ee929') in 0.0496651 seconds
Number of updated asset objects reloaded before import = 0Number of asset objects unloaded after import = 2

========================================================================
Received Import Request.
  Time since last request: 0.000030 seconds.
  path: Assets/Часы/13/Materials
  artifactKey: Guid(ccb4e80d6e39a6e41bc4311a4645233a) Importer(2089858483,192608db42251d675da83286b1cce702)
Start importing Assets/Часы/13/Materials using Guid(ccb4e80d6e39a6e41bc4311a4645233a) Importer(2089858483,192608db42251d675da83286b1cce702) (ScriptedImporter) -> (artifact id: 'c6a01c299843c13169c8e37b0c56e025') in 0.0147499 seconds
Number of updated asset objects reloaded before import = 0Number of asset objects unloaded after import = 1

========================================================================
Received Import Request.
  Time since last request: 0.000044 seconds.
  path: Assets/Дом/tdum03.jpg
  artifactKey: Guid(708299daa3ebd4d4d8b195b375649d80) Importer(2089858483,192608db42251d675da83286b1cce702)
Start importing Assets/Дом/tdum03.jpg using Guid(708299daa3ebd4d4d8b195b375649d80) Importer(2089858483,192608db42251d675da83286b1cce702) (ScriptedImporter) -> (artifact id: '1207b7e23a32c41cf5eefddff159cfc6') in 0.0358666 seconds
Number of updated asset objects reloaded before import = 0Number of asset objects unloaded after import = 1

========================================================================
Received Import Request.
  Time since last request: 0.000021 seconds.
  path: Assets/HDRPFurniturePack/Curtain/Models/Curtain_240x140.fbx
  artifactKey: Guid(fe00ccd9253b0ee47a6c33857139fb77) Importer(2089858483,192608db42251d675da83286b1cce702)
Start importing Assets/HDRPFurniturePack/Curtain/Models/Curtain_240x140.fbx using Guid(fe00ccd9253b0ee47a6c33857139fb77) Importer(2089858483,192608db42251d675da83286b1cce702) (ScriptedImporter) -> (artifact id: '6a9875686bdb055061917a4d10b9118f') in 0.0367663 seconds
Number of updated asset objects reloaded before import = 0Number of asset objects unloaded after import = 7

========================================================================
Received Import Request.
  Time since last request: 0.000020 seconds.
  path: Assets/Brick Project Studio/Apartment Kit/_Prefabs/Furniture/Bedroom
  artifactKey: Guid(7be82421422931340bf200e59cb43be7) Importer(2089858483,192608db42251d675da83286b1cce702)
Start importing Assets/Brick Project Studio/Apartment Kit/_Prefabs/Furniture/Bedroom using Guid(7be82421422931340bf200e59cb43be7) Importer(2089858483,192608db42251d675da83286b1cce702) (ScriptedImporter) -> (artifact id: '8fd148fc47f484f0d8369d1ab2aae586') in 0.0136301 seconds
Number of updated asset objects reloaded before import = 0Number of asset objects unloaded after import = 1

========================================================================
Received Import Request.
  Time since last request: 0.000022 seconds.
  path: Assets/ALP_Assets/Old Floor Linoleum FREE/Materials
  artifactKey: Guid(eb690273cf64223478d63969a49f18e2) Importer(2089858483,192608db42251d675da83286b1cce702)
Start importing Assets/ALP_Assets/Old Floor Linoleum FREE/Materials using Guid(eb690273cf64223478d63969a49f18e2) Importer(2089858483,192608db42251d675da83286b1cce702) (ScriptedImporter) -> (artifact id: 'ffdc8d12f83c2cd6f634a639603bc450') in 0.0135095 seconds
Number of updated asset objects reloaded before import = 0Number of asset objects unloaded after import = 1

========================================================================
Received Import Request.
  Time since last request: 0.000039 seconds.
  path: Assets/NextGen Furniture Pack/Models/chair_1.FBX
  artifactKey: Guid(66035c96de061b247a2f9b4a4741d13b) Importer(2089858483,192608db42251d675da83286b1cce702)
Start importing Assets/NextGen Furniture Pack/Models/chair_1.FBX using Guid(66035c96de061b247a2f9b4a4741d13b) Importer(2089858483,192608db42251d675da83286b1cce702) (ScriptedImporter) -> (artifact id: 'dd0c21d23bc5ad067519c795fd5f20e3') in 0.0354755 seconds
Number of updated asset objects reloaded before import = 0Number of asset objects unloaded after import = 7

========================================================================
Received Import Request.
  Time since last request: 0.000022 seconds.
  path: Assets/ExtrudeMeshAlongBezierTool/Examples/ExampleScene.unity
  artifactKey: Guid(e85cf8bfc6fd96e4b8d3b80e5fc7621b) Importer(2089858483,192608db42251d675da83286b1cce702)
Start importing Assets/ExtrudeMeshAlongBezierTool/Examples/ExampleScene.unity using Guid(e85cf8bfc6fd96e4b8d3b80e5fc7621b) Importer(2089858483,192608db42251d675da83286b1cce702) (ScriptedImporter) -> (artifact id: '5c41d6fe17c31d9ea86d3bd3ae332c85') in 0.0477823 seconds
Number of updated asset objects reloaded before import = 0Number of asset objects unloaded after import = 1

========================================================================
Received Import Request.
  Time since last request: 0.000021 seconds.
  path: Assets/TextMesh Pro/Shaders/TMP_SDF Overlay.shader
  artifactKey: Guid(5b6b6d451aca57c489a432764377e900) Importer(2089858483,192608db42251d675da83286b1cce702)
Start importing Assets/TextMesh Pro/Shaders/TMP_SDF Overlay.shader using Guid(5b6b6d451aca57c489a432764377e900) Importer(2089858483,192608db42251d675da83286b1cce702) (ScriptedImporter) -> (artifact id: 'adf671fc8f2338c5cdca45d16ed42d03') in 0.0193468 seconds
Number of updated asset objects reloaded before import = 0Number of asset objects unloaded after import = 1

========================================================================
Received Import Request.
  Time since last request: 0.000031 seconds.
  path: Assets/Phoenix3D/P3D_Wallpaper_Carpet_and_CurtainFabric_Materials_Pack/Models/Other_Decoration.fbx
  artifactKey: Guid(dc1d186e60d302c43bd4c5768b947489) Importer(2089858483,192608db42251d675da83286b1cce702)
Start importing Assets/Phoenix3D/P3D_Wallpaper_Carpet_and_CurtainFabric_Materials_Pack/Models/Other_Decoration.fbx using Guid(dc1d186e60d302c43bd4c5768b947489) Importer(2089858483,192608db42251d675da83286b1cce702) (ScriptedImporter) -> (artifact id: '01634637c33c46eb25bd89014606e25f') in 0.0637305 seconds
Number of updated asset objects reloaded before import = 0Number of asset objects unloaded after import = 29

========================================================================
Received Import Request.
  Time since last request: 0.000036 seconds.
  path: Assets/asset_store/key_lock/scene
  artifactKey: Guid(7c3b98f0478197e4ca1e336e059c82b6) Importer(2089858483,192608db42251d675da83286b1cce702)
Start importing Assets/asset_store/key_lock/scene using Guid(7c3b98f0478197e4ca1e336e059c82b6) Importer(2089858483,192608db42251d675da83286b1cce702) (ScriptedImporter) -> (artifact id: '45a29a82b4df97df3b30b28c0e3f8e9d') in 0.012461 seconds
Number of updated asset objects reloaded before import = 0Number of asset objects unloaded after import = 1

========================================================================
Received Import Request.
  Time since last request: 0.000026 seconds.
  path: Assets/Brick Project Studio/_BPS Basic Assets/_Prefabs/Legacy
  artifactKey: Guid(53fafbaf7933c5f41a6b938be4d8a66e) Importer(2089858483,192608db42251d675da83286b1cce702)
Start importing Assets/Brick Project Studio/_BPS Basic Assets/_Prefabs/Legacy using Guid(53fafbaf7933c5f41a6b938be4d8a66e) Importer(2089858483,192608db42251d675da83286b1cce702) (ScriptedImporter) -> (artifact id: '33c22164fd75ba96fb784b198c097979') in 0.0146037 seconds
Number of updated asset objects reloaded before import = 0Number of asset objects unloaded after import = 1

========================================================================
Received Import Request.
  Time since last request: 0.000021 seconds.
  path: Assets/_Tea&coffe_service/Model
  artifactKey: Guid(0a1d00a3ad6c17d40b8739cd87b7a34a) Importer(2089858483,192608db42251d675da83286b1cce702)
Start importing Assets/_Tea&coffe_service/Model using Guid(0a1d00a3ad6c17d40b8739cd87b7a34a) Importer(2089858483,192608db42251d675da83286b1cce702) (ScriptedImporter) -> (artifact id: '3c7d28eb2349aee4264776aa2ba4b496') in 0.0111226 seconds
Number of updated asset objects reloaded before import = 0Number of asset objects unloaded after import = 1

========================================================================
Received Import Request.
  Time since last request: 0.000021 seconds.
  path: Assets/Materials/Material_Grass.mat
  artifactKey: Guid(12280e9532a71fa49be1f7e03c7134f5) Importer(2089858483,192608db42251d675da83286b1cce702)
Start importing Assets/Materials/Material_Grass.mat using Guid(12280e9532a71fa49be1f7e03c7134f5) Importer(2089858483,192608db42251d675da83286b1cce702) (ScriptedImporter) -> (artifact id: '139b5264b855b778f492a591f415d142') in 0.0187215 seconds
Number of updated asset objects reloaded before import = 0Number of asset objects unloaded after import = 3

========================================================================
Received Import Request.
  Time since last request: 0.000023 seconds.
  path: Assets/Дом/tdum02.jpg
  artifactKey: Guid(2da2fa2fd8826db4c806e2549c90decc) Importer(2089858483,192608db42251d675da83286b1cce702)
Start importing Assets/Дом/tdum02.jpg using Guid(2da2fa2fd8826db4c806e2549c90decc) Importer(2089858483,192608db42251d675da83286b1cce702) (ScriptedImporter) -> (artifact id: '87bab376250bbec4aa12e18768c9af97') in 0.0349751 seconds
Number of updated asset objects reloaded before import = 0Number of asset objects unloaded after import = 1

========================================================================
Received Import Request.
  Time since last request: 0.000039 seconds.
  path: Assets/HDRPFurniturePack/Dining_Chair/Models/Dining_Chair.fbx
  artifactKey: Guid(5dc652a705af5be428cec90156726f5f) Importer(2089858483,192608db42251d675da83286b1cce702)
Start importing Assets/HDRPFurniturePack/Dining_Chair/Models/Dining_Chair.fbx using Guid(5dc652a705af5be428cec90156726f5f) Importer(2089858483,192608db42251d675da83286b1cce702) (ScriptedImporter) -> (artifact id: 'cd027009a7350847a8d45b147f7987ec') in 0.0430821 seconds
Number of updated asset objects reloaded before import = 0Number of asset objects unloaded after import = 24

========================================================================
Received Import Request.
  Time since last request: 0.000021 seconds.
  path: Assets/Часы/10/Materials
  artifactKey: Guid(aba734fe631b96b41b5d56a85f1ff664) Importer(2089858483,192608db42251d675da83286b1cce702)
Start importing Assets/Часы/10/Materials using Guid(aba734fe631b96b41b5d56a85f1ff664) Importer(2089858483,192608db42251d675da83286b1cce702) (ScriptedImporter) -> (artifact id: 'f5b7f8d60b125dbcd8cbd027f803b20e') in 0.0124066 seconds
Number of updated asset objects reloaded before import = 0Number of asset objects unloaded after import = 1

========================================================================
Received Import Request.
  Time since last request: 0.000025 seconds.
  path: Assets/50 Fabric Materials_VOL01/Textures
  artifactKey: Guid(94de4073539e37d449912d1550ea9d89) Importer(2089858483,192608db42251d675da83286b1cce702)
Start importing Assets/50 Fabric Materials_VOL01/Textures using Guid(94de4073539e37d449912d1550ea9d89) Importer(2089858483,192608db42251d675da83286b1cce702) (ScriptedImporter) -> (artifact id: '788ee27898330794f93a58811c49f44b') in 0.0135241 seconds
Number of updated asset objects reloaded before import = 0Number of asset objects unloaded after import = 1

========================================================================
Received Import Request.
  Time since last request: 0.000024 seconds.
  path: Assets/MC old wood free sample/model
  artifactKey: Guid(b2325cd0737e4ca4084c61189a3f6564) Importer(2089858483,192608db42251d675da83286b1cce702)
Start importing Assets/MC old wood free sample/model using Guid(b2325cd0737e4ca4084c61189a3f6564) Importer(2089858483,192608db42251d675da83286b1cce702) (ScriptedImporter) -> (artifact id: '121c03275e3c5316e7fd2f0a98f41a9e') in 0.0136078 seconds
Number of updated asset objects reloaded before import = 0Number of asset objects unloaded after import = 1

========================================================================
Received Import Request.
  Time since last request: 0.000035 seconds.
  path: Assets/HDRPFurniturePack/Artek/Coffee_Table_90D_Artek/Models/Coffee_Table_90D_Artek.fbx
  artifactKey: Guid(068aa9deb33e21d43979a2e051212af8) Importer(2089858483,192608db42251d675da83286b1cce702)
Start importing Assets/HDRPFurniturePack/Artek/Coffee_Table_90D_Artek/Models/Coffee_Table_90D_Artek.fbx using Guid(068aa9deb33e21d43979a2e051212af8) Importer(2089858483,192608db42251d675da83286b1cce702) (ScriptedImporter) -> (artifact id: '7b3624a1f01459fb2a1d36e5c6cc58fd') in 0.0368079 seconds
Number of updated asset objects reloaded before import = 0Number of asset objects unloaded after import = 14

========================================================================
Received Import Request.
  Time since last request: 0.000031 seconds.
  path: Assets/Tree_Packs/URP_Tree_Pack/Scripts
  artifactKey: Guid(eb3004032dc9e5043b43d2ed6a91ae46) Importer(2089858483,192608db42251d675da83286b1cce702)
Start importing Assets/Tree_Packs/URP_Tree_Pack/Scripts using Guid(eb3004032dc9e5043b43d2ed6a91ae46) Importer(2089858483,192608db42251d675da83286b1cce702) (ScriptedImporter) -> (artifact id: 'e9d54d137a95c773421096b08d09edc7') in 0.0141514 seconds
Number of updated asset objects reloaded before import = 0Number of asset objects unloaded after import = 1

========================================================================
Received Import Request.
  Time since last request: 0.000019 seconds.
  path: Assets/ALP_Assets/Old Floor Linoleum FREE
  artifactKey: Guid(84b3fbf1420a5814c90be4169f4ed5ff) Importer(2089858483,192608db42251d675da83286b1cce702)
Start importing Assets/ALP_Assets/Old Floor Linoleum FREE using Guid(84b3fbf1420a5814c90be4169f4ed5ff) Importer(2089858483,192608db42251d675da83286b1cce702) (ScriptedImporter) -> (artifact id: '67dbe033114fa1783b371ccb809813c6') in 0.0136756 seconds
Number of updated asset objects reloaded before import = 0Number of asset objects unloaded after import = 1

========================================================================
Received Import Request.
  Time since last request: 0.000020 seconds.
  path: Assets/Brick Project Studio/Apartment Kit/_Prefabs/Furniture/Kitchen/Cabinets/Cabinet_Shelf_01.prefab
  artifactKey: Guid(47381141c7a31244f964d0db127a719a) Importer(2089858483,192608db42251d675da83286b1cce702)
Start importing Assets/Brick Project Studio/Apartment Kit/_Prefabs/Furniture/Kitchen/Cabinets/Cabinet_Shelf_01.prefab using Guid(47381141c7a31244f964d0db127a719a) Importer(2089858483,192608db42251d675da83286b1cce702) (ScriptedImporter) -> (artifact id: 'bd8a5f3105c40bd752c0341b7d54daed') in 0.0424387 seconds
Number of updated asset objects reloaded before import = 0Number of asset objects unloaded after import = 7

========================================================================
Received Import Request.
  Time since last request: 0.000020 seconds.
  path: Assets/ALP_Assets/Old Floor Linoleum FREE/Scene/Scene.unity
  artifactKey: Guid(16e087f4c1b5a7947b8f7e1303276a9f) Importer(2089858483,192608db42251d675da83286b1cce702)
Start importing Assets/ALP_Assets/Old Floor Linoleum FREE/Scene/Scene.unity using Guid(16e087f4c1b5a7947b8f7e1303276a9f) Importer(2089858483,192608db42251d675da83286b1cce702) (ScriptedImporter) -> (artifact id: '0161477057e55fde6143ebc79f638054') in 0.0299935 seconds
Number of updated asset objects reloaded before import = 0Number of asset objects unloaded after import = 1

========================================================================
Received Import Request.
  Time since last request: 0.000031 seconds.
  path: Assets/JJ_InteriorDoorPack_V1/Textures/Knobs/intDoor_knob01_mat_doorKnob_AlbedoTransparency.png
  artifactKey: Guid(a33672d241ecc8746a9e41fa4eaaa2d8) Importer(2089858483,192608db42251d675da83286b1cce702)
Start importing Assets/JJ_InteriorDoorPack_V1/Textures/Knobs/intDoor_knob01_mat_doorKnob_AlbedoTransparency.png using Guid(a33672d241ecc8746a9e41fa4eaaa2d8) Importer(2089858483,192608db42251d675da83286b1cce702) (ScriptedImporter) -> (artifact id: '7f8d6cd637fc7eba163012485737869e') in 0.0400462 seconds
Number of updated asset objects reloaded before import = 0Number of asset objects unloaded after import = 1

========================================================================
Received Import Request.
  Time since last request: 0.000029 seconds.
  path: Assets/Brick Project Studio/Apartment Kit/_Prefabs/Props/Wine Liquor Beer and Glassware - Sample/wine thin glass.prefab
  artifactKey: Guid(87bd5a069d467da4faab5d5897b70dc2) Importer(2089858483,192608db42251d675da83286b1cce702)
Start importing Assets/Brick Project Studio/Apartment Kit/_Prefabs/Props/Wine Liquor Beer and Glassware - Sample/wine thin glass.prefab using Guid(87bd5a069d467da4faab5d5897b70dc2) Importer(2089858483,192608db42251d675da83286b1cce702) (ScriptedImporter) -> (artifact id: '1245b2b30f896c61b4462755bbbf2d48') in 0.0417822 seconds
Number of updated asset objects reloaded before import = 0Number of asset objects unloaded after import = 7

========================================================================
Received Import Request.
  Time since last request: 0.000029 seconds.
  path: Assets/asset_store/key_lock/prefab/prf_lock_01.prefab
  artifactKey: Guid(e7d1e9ba431692e4d916aac4db7888c5) Importer(2089858483,192608db42251d675da83286b1cce702)
Start importing Assets/asset_store/key_lock/prefab/prf_lock_01.prefab using Guid(e7d1e9ba431692e4d916aac4db7888c5) Importer(2089858483,192608db42251d675da83286b1cce702) (ScriptedImporter) -> (artifact id: 'a726388b0504e6f8960c26bd7acb3bf7') in 0.0326629 seconds
Number of updated asset objects reloaded before import = 0Number of asset objects unloaded after import = 19

========================================================================
Received Import Request.
  Time since last request: 0.000022 seconds.
  path: Assets/HighQualityBricks&Walls/Shaders/wall-846015.shader
  artifactKey: Guid(c265b1dbb562dda44ba1d6686da603f7) Importer(2089858483,192608db42251d675da83286b1cce702)
Start importing Assets/HighQualityBricks&Walls/Shaders/wall-846015.shader using Guid(c265b1dbb562dda44ba1d6686da603f7) Importer(2089858483,192608db42251d675da83286b1cce702) (ScriptedImporter) -> (artifact id: '7fb81f8f4a2a498748fc5e1570f367e2') in 0.0158401 seconds
Number of updated asset objects reloaded before import = 0Number of asset objects unloaded after import = 1

========================================================================
Received Import Request.
  Time since last request: 0.000027 seconds.
  path: Assets/ExtrudeMeshAlongBezierTool/Documentation
  artifactKey: Guid(39d1093fa485bd6499605ac438f2912f) Importer(2089858483,192608db42251d675da83286b1cce702)
Start importing Assets/ExtrudeMeshAlongBezierTool/Documentation using Guid(39d1093fa485bd6499605ac438f2912f) Importer(2089858483,192608db42251d675da83286b1cce702) (ScriptedImporter) -> (artifact id: '9c9c5832e0c2f8882dbc2c0ce4fa0273') in 0.0128324 seconds
Number of updated asset objects reloaded before import = 0Number of asset objects unloaded after import = 1

========================================================================
Received Import Request.
  Time since last request: 0.000028 seconds.
  path: Assets/HDRPFurniturePack/Artek/Coffee_Table_90D_Artek/Models
  artifactKey: Guid(6eb03d25c167fed4fb030e51e45b27f1) Importer(2089858483,192608db42251d675da83286b1cce702)
Start importing Assets/HDRPFurniturePack/Artek/Coffee_Table_90D_Artek/Models using Guid(6eb03d25c167fed4fb030e51e45b27f1) Importer(2089858483,192608db42251d675da83286b1cce702) (ScriptedImporter) -> (artifact id: '258442195f4492a3ed1415be5c5f5088') in 0.0126855 seconds
Number of updated asset objects reloaded before import = 0Number of asset objects unloaded after import = 1

========================================================================
Received Import Request.
  Time since last request: 0.000030 seconds.
  path: Assets/Pegasus Studios/Elegant Interior Decor 3D Models Pack/Resources/Models/Pillar Lamp.fbx
  artifactKey: Guid(56da2523cbe89144faf300c71b8d0be0) Importer(2089858483,192608db42251d675da83286b1cce702)
Start importing Assets/Pegasus Studios/Elegant Interior Decor 3D Models Pack/Resources/Models/Pillar Lamp.fbx using Guid(56da2523cbe89144faf300c71b8d0be0) Importer(2089858483,192608db42251d675da83286b1cce702) (ScriptedImporter) -> (artifact id: 'a2c981cff14a3dfa32e92192ead46010') in 0.0440513 seconds
Number of updated asset objects reloaded before import = 0Number of asset objects unloaded after import = 8

========================================================================
Received Import Request.
  Time since last request: 0.000036 seconds.
  path: Assets/Объекты/6
  artifactKey: Guid(a2fc550b790bd6441a25cfd76eaebf85) Importer(2089858483,192608db42251d675da83286b1cce702)
Start importing Assets/Объекты/6 using Guid(a2fc550b790bd6441a25cfd76eaebf85) Importer(2089858483,192608db42251d675da83286b1cce702) (ScriptedImporter) -> (artifact id: '5b13b6796053d5a564b871bc9d18f2cb') in 0.015587 seconds
Number of updated asset objects reloaded before import = 0Number of asset objects unloaded after import = 1

========================================================================
Received Import Request.
  Time since last request: 0.000041 seconds.
  path: Assets/HDRPFurniturePack/Succulent_Planter/Models
  artifactKey: Guid(c8809184b8c3616409efbc7446de5765) Importer(2089858483,192608db42251d675da83286b1cce702)
Start importing Assets/HDRPFurniturePack/Succulent_Planter/Models using Guid(c8809184b8c3616409efbc7446de5765) Importer(2089858483,192608db42251d675da83286b1cce702) (ScriptedImporter) -> (artifact id: '7ca7e050c126e875cba2440182c95f86') in 0.0137174 seconds
Number of updated asset objects reloaded before import = 0Number of asset objects unloaded after import = 1

========================================================================
Received Import Request.
  Time since last request: 0.000031 seconds.
  path: Assets/ALP_Assets/Old Floor Linoleum FREE/Scene
  artifactKey: Guid(675014046d58ce648b60144cd41e7fe3) Importer(2089858483,192608db42251d675da83286b1cce702)
Start importing Assets/ALP_Assets/Old Floor Linoleum FREE/Scene using Guid(675014046d58ce648b60144cd41e7fe3) Importer(2089858483,192608db42251d675da83286b1cce702) (ScriptedImporter) -> (artifact id: '178b94eba8c5813fe89b9ed4ce99773b') in 0.0127552 seconds
Number of updated asset objects reloaded before import = 0Number of asset objects unloaded after import = 1

========================================================================
Received Import Request.
  Time since last request: 0.000021 seconds.
  path: Assets/SourceFiles/StarterAssets/ThirdPersonController/Character/Animations/Locomotion--Walk_N.anim.fbx
  artifactKey: Guid(fcaf24d1096ea10499fe1c5f440e0184) Importer(2089858483,192608db42251d675da83286b1cce702)
Start importing Assets/SourceFiles/StarterAssets/ThirdPersonController/Character/Animations/Locomotion--Walk_N.anim.fbx using Guid(fcaf24d1096ea10499fe1c5f440e0184) Importer(2089858483,192608db42251d675da83286b1cce702) (ScriptedImporter) -> (artifact id: '6ed928c4f81c467e7fcb8fc95deae50a') in 0.0354662 seconds
Number of updated asset objects reloaded before import = 0Number of asset objects unloaded after import = 144

========================================================================
Received Import Request.
  Time since last request: 0.000024 seconds.
  path: Assets/Часы/16/textures
  artifactKey: Guid(97212c27257bfbf4284d96d8431b3760) Importer(2089858483,192608db42251d675da83286b1cce702)
Start importing Assets/Часы/16/textures using Guid(97212c27257bfbf4284d96d8431b3760) Importer(2089858483,192608db42251d675da83286b1cce702) (ScriptedImporter) -> (artifact id: '038db533e1efa36f7c07af477a45231f') in 0.0142158 seconds
Number of updated asset objects reloaded before import = 0Number of asset objects unloaded after import = 1

========================================================================
Received Import Request.
  Time since last request: 0.000023 seconds.
  path: Assets/TextMesh Pro/Shaders/TMPro.cginc
  artifactKey: Guid(0bb20730786246a4e94ce3b53cd19eb4) Importer(2089858483,192608db42251d675da83286b1cce702)
Start importing Assets/TextMesh Pro/Shaders/TMPro.cginc using Guid(0bb20730786246a4e94ce3b53cd19eb4) Importer(2089858483,192608db42251d675da83286b1cce702) (ScriptedImporter) -> (artifact id: '6fa7721a06f28bb244d8d7fd9820803e') in 0.0305526 seconds
Number of updated asset objects reloaded before import = 0Number of asset objects unloaded after import = 1

========================================================================
Received Import Request.
  Time since last request: 0.000025 seconds.
  path: Assets/Brick Project Studio/Apartment Kit/_Prefabs/Props/Kitchen/CoffeeMaker_Apt_01.prefab
  artifactKey: Guid(d8826285f8d562b49804ef05be95243b) Importer(2089858483,192608db42251d675da83286b1cce702)
Start importing Assets/Brick Project Studio/Apartment Kit/_Prefabs/Props/Kitchen/CoffeeMaker_Apt_01.prefab using Guid(d8826285f8d562b49804ef05be95243b) Importer(2089858483,192608db42251d675da83286b1cce702) (ScriptedImporter) -> (artifact id: '488d6df8847f2d57a12da881f6e58b1e') in 0.0454788 seconds
Number of updated asset objects reloaded before import = 0Number of asset objects unloaded after import = 38

========================================================================
Received Import Request.
  Time since last request: 0.000030 seconds.
  path: Assets/HDRPFurniturePack/Plant_Potted_Monstera_Deliciosa/Models/Plant_Potted_Monstera_Deliciosa.fbx
  artifactKey: Guid(1d6d19ad378a52642b1a8dd73d214c44) Importer(2089858483,192608db42251d675da83286b1cce702)
Start importing Assets/HDRPFurniturePack/Plant_Potted_Monstera_Deliciosa/Models/Plant_Potted_Monstera_Deliciosa.fbx using Guid(1d6d19ad378a52642b1a8dd73d214c44) Importer(2089858483,192608db42251d675da83286b1cce702) (ScriptedImporter) -> (artifact id: 'fe9e89566aae549c5900fbdf943f53d7') in 0.0415946 seconds
Number of updated asset objects reloaded before import = 0Number of asset objects unloaded after import = 19

========================================================================
Received Import Request.
  Time since last request: 0.000029 seconds.
  path: Assets/Free Wood Door Pack/Mesh
  artifactKey: Guid(76cfbdc6be260a54bad4304d1f41683e) Importer(2089858483,192608db42251d675da83286b1cce702)
Start importing Assets/Free Wood Door Pack/Mesh using Guid(76cfbdc6be260a54bad4304d1f41683e) Importer(2089858483,192608db42251d675da83286b1cce702) (ScriptedImporter) -> (artifact id: '1ca700057105d75888b8f9448f2f47dd') in 0.0146981 seconds
Number of updated asset objects reloaded before import = 0Number of asset objects unloaded after import = 1

========================================================================
Received Import Request.
  Time since last request: 0.000027 seconds.
  path: Assets/50 Fabric Materials_VOL01/Materials/T_HS_fabric_50_AlbedoTransparency 17.mat
  artifactKey: Guid(c1c832fdd39c7694a91c85ce5b241932) Importer(2089858483,192608db42251d675da83286b1cce702)
Start importing Assets/50 Fabric Materials_VOL01/Materials/T_HS_fabric_50_AlbedoTransparency 17.mat using Guid(c1c832fdd39c7694a91c85ce5b241932) Importer(2089858483,192608db42251d675da83286b1cce702) (ScriptedImporter) -> (artifact id: '85a840ec02b47b6c553dbeacb573e586') in 0.0200139 seconds
Number of updated asset objects reloaded before import = 0Number of asset objects unloaded after import = 2

========================================================================
Received Import Request.
  Time since last request: 0.000025 seconds.
  path: Assets/Brick Project Studio/Apartment Kit/_Prefabs/Furniture/Kitchen/Appliances/Fridge_01.prefab
  artifactKey: Guid(4d666eca253959042a1d03311dde1d05) Importer(2089858483,192608db42251d675da83286b1cce702)
Start importing Assets/Brick Project Studio/Apartment Kit/_Prefabs/Furniture/Kitchen/Appliances/Fridge_01.prefab using Guid(4d666eca253959042a1d03311dde1d05) Importer(2089858483,192608db42251d675da83286b1cce702) (ScriptedImporter) -> (artifact id: '0d95633eb11312c79b8769af63d10368') in 0.0469794 seconds
Number of updated asset objects reloaded before import = 0Number of asset objects unloaded after import = 177

========================================================================
Received Import Request.
  Time since last request: 0.000030 seconds.
  path: Assets/HDRP_Oak_Tree/Textures/Leaf
  artifactKey: Guid(36b2697c8628afd46a691e9a7c08e2a7) Importer(2089858483,192608db42251d675da83286b1cce702)
Start importing Assets/HDRP_Oak_Tree/Textures/Leaf using Guid(36b2697c8628afd46a691e9a7c08e2a7) Importer(2089858483,192608db42251d675da83286b1cce702) (ScriptedImporter) -> (artifact id: 'd46c2ef756107d6f6352c47d5c43d19c') in 0.0146153 seconds
Number of updated asset objects reloaded before import = 0Number of asset objects unloaded after import = 1

========================================================================
Received Import Request.
  Time since last request: 0.000022 seconds.
  path: Assets/3Dfrk/Frames with pictures/Materials/Paint_09.mat
  artifactKey: Guid(85533fcb1288c7449a1aaa7db6477978) Importer(2089858483,192608db42251d675da83286b1cce702)
Start importing Assets/3Dfrk/Frames with pictures/Materials/Paint_09.mat using Guid(85533fcb1288c7449a1aaa7db6477978) Importer(2089858483,192608db42251d675da83286b1cce702) (ScriptedImporter) -> (artifact id: '6caffb7aaf27df67b967f7b69b17605a') in 0.0157708 seconds
Number of updated asset objects reloaded before import = 0Number of asset objects unloaded after import = 2

========================================================================
Received Import Request.
  Time since last request: 0.000043 seconds.
  path: Assets/JJ_InteriorDoorPack_V1/Textures/Knobs/Materials/intDoor_knob01_mat_doorKnob_MetallicSmoothness.mat
  artifactKey: Guid(90fe602344e7fc542b6bdc8a381b37c8) Importer(2089858483,192608db42251d675da83286b1cce702)
Start importing Assets/JJ_InteriorDoorPack_V1/Textures/Knobs/Materials/intDoor_knob01_mat_doorKnob_MetallicSmoothness.mat using Guid(90fe602344e7fc542b6bdc8a381b37c8) Importer(2089858483,192608db42251d675da83286b1cce702) (ScriptedImporter) -> (artifact id: '6fbca1e101b151891ba74f26ea9c3e3b') in 0.0187359 seconds
Number of updated asset objects reloaded before import = 0Number of asset objects unloaded after import = 2

========================================================================
Received Import Request.
  Time since last request: 0.000023 seconds.
  path: Assets/3Dfrk/Frames with pictures/Textures/Paint_09.png
  artifactKey: Guid(a4de1a110d3c38f4eb79cdfd3155ca4b) Importer(2089858483,192608db42251d675da83286b1cce702)
Start importing Assets/3Dfrk/Frames with pictures/Textures/Paint_09.png using Guid(a4de1a110d3c38f4eb79cdfd3155ca4b) Importer(2089858483,192608db42251d675da83286b1cce702) (ScriptedImporter) -> (artifact id: 'cc319ae5822fa36b3c43230936da737d') in 0.0384045 seconds
Number of updated asset objects reloaded before import = 0Number of asset objects unloaded after import = 1

========================================================================
Received Import Request.
  Time since last request: 0.000028 seconds.
  path: Assets/asset_store/key_lock/textures
  artifactKey: Guid(f617418bb6f8b8748a188baec8fbac71) Importer(2089858483,192608db42251d675da83286b1cce702)
Start importing Assets/asset_store/key_lock/textures using Guid(f617418bb6f8b8748a188baec8fbac71) Importer(2089858483,192608db42251d675da83286b1cce702) (ScriptedImporter) -> (artifact id: '2dd066ae383c2ecb4f8b30d11fb0236d') in 0.0147311 seconds
Number of updated asset objects reloaded before import = 0Number of asset objects unloaded after import = 1

========================================================================
Received Import Request.
  Time since last request: 0.000031 seconds.
  path: Assets/NextGen Furniture Pack/Models/sofa_1.FBX
  artifactKey: Guid(67f5c73ceabe2e24799381669a9c4798) Importer(2089858483,192608db42251d675da83286b1cce702)
Start importing Assets/NextGen Furniture Pack/Models/sofa_1.FBX using Guid(67f5c73ceabe2e24799381669a9c4798) Importer(2089858483,192608db42251d675da83286b1cce702) (ScriptedImporter) -> (artifact id: '90179733e1918d229cf8b22dd0ec1f95') in 0.0347893 seconds
Number of updated asset objects reloaded before import = 0Number of asset objects unloaded after import = 7

========================================================================
Received Import Request.
  Time since last request: 0.000029 seconds.
  path: Assets/nappin/OfficeEssentialsPack/Models/(Msh)TrashCan.fbx
  artifactKey: Guid(3030dcbea30937b45adc7cdf4dc82d1a) Importer(2089858483,192608db42251d675da83286b1cce702)
Start importing Assets/nappin/OfficeEssentialsPack/Models/(Msh)TrashCan.fbx using Guid(3030dcbea30937b45adc7cdf4dc82d1a) Importer(2089858483,192608db42251d675da83286b1cce702) (ScriptedImporter) -> (artifact id: '1777fdf096f2717f79feb5dc6ffa9d27') in 0.0319911 seconds
Number of updated asset objects reloaded before import = 0Number of asset objects unloaded after import = 21

========================================================================
Received Import Request.
  Time since last request: 0.000025 seconds.
  path: Assets/Часы/12/Materials
  artifactKey: Guid(f7a3478fe9c3ec546af9304ef7a5e054) Importer(2089858483,192608db42251d675da83286b1cce702)
Start importing Assets/Часы/12/Materials using Guid(f7a3478fe9c3ec546af9304ef7a5e054) Importer(2089858483,192608db42251d675da83286b1cce702) (ScriptedImporter) -> (artifact id: 'ed5d45bbf3626b1006ff2e6d73ee75f8') in 0.4877766 seconds
Number of updated asset objects reloaded before import = 0Number of asset objects unloaded after import = 1

========================================================================
Received Import Request.
  Time since last request: 0.000020 seconds.
  path: Assets/MC old wood free sample/scene
  artifactKey: Guid(87f90ce01acbb2b4bae9cb64ed0913cb) Importer(2089858483,192608db42251d675da83286b1cce702)
Start importing Assets/MC old wood free sample/scene using Guid(87f90ce01acbb2b4bae9cb64ed0913cb) Importer(2089858483,192608db42251d675da83286b1cce702) (ScriptedImporter) -> (artifact id: '855e46768fd30f545dbdd5b6bdc2b4a9') in 0.014955 seconds
Number of updated asset objects reloaded before import = 0Number of asset objects unloaded after import = 1

========================================================================
Received Import Request.
  Time since last request: 0.000037 seconds.
  path: Assets/HighQualityBricks&Walls/Shaders/texture-709723.shader
  artifactKey: Guid(3709c498428773b44b887bdcbe2aff70) Importer(2089858483,192608db42251d675da83286b1cce702)
Start importing Assets/HighQualityBricks&Walls/Shaders/texture-709723.shader using Guid(3709c498428773b44b887bdcbe2aff70) Importer(2089858483,192608db42251d675da83286b1cce702) (ScriptedImporter) -> (artifact id: '9723c4334b1c8e668a6602ccc43d8cd5') in 0.0184331 seconds
Number of updated asset objects reloaded before import = 0Number of asset objects unloaded after import = 1

========================================================================
Received Import Request.
  Time since last request: 0.000028 seconds.
  path: Assets/_Tea&coffe_service
  artifactKey: Guid(9783690d71f174a40887c21a24896155) Importer(2089858483,192608db42251d675da83286b1cce702)
Start importing Assets/_Tea&coffe_service using Guid(9783690d71f174a40887c21a24896155) Importer(2089858483,192608db42251d675da83286b1cce702) (ScriptedImporter) -> (artifact id: '4a64975bba968f6a23bfccae0e16c015') in 0.0124443 seconds
Number of updated asset objects reloaded before import = 0Number of asset objects unloaded after import = 1

========================================================================
Received Import Request.
  Time since last request: 0.000020 seconds.
  path: Assets/asset_store/key_lock/textures/lock/m_lock_01_ao.png
  artifactKey: Guid(9b0bc1f30a2b5bf43bb65c5a1b223f85) Importer(2089858483,192608db42251d675da83286b1cce702)
Start importing Assets/asset_store/key_lock/textures/lock/m_lock_01_ao.png using Guid(9b0bc1f30a2b5bf43bb65c5a1b223f85) Importer(2089858483,192608db42251d675da83286b1cce702) (ScriptedImporter) -> (artifact id: 'c8f9d9b45089e7beb2123f5093804155') in 0.0935741 seconds
Number of updated asset objects reloaded before import = 0Number of asset objects unloaded after import = 1

========================================================================
Received Import Request.
  Time since last request: 0.000022 seconds.
  path: Assets/DEMO/Standard Assets/Effects/ImageEffects
  artifactKey: Guid(1141ef90a96f12b42b4815934b7ed35e) Importer(2089858483,192608db42251d675da83286b1cce702)
Start importing Assets/DEMO/Standard Assets/Effects/ImageEffects using Guid(1141ef90a96f12b42b4815934b7ed35e) Importer(2089858483,192608db42251d675da83286b1cce702) (ScriptedImporter) -> (artifact id: '0421fe868d22f16ab12a3b813f66ac05') in 0.0131531 seconds
Number of updated asset objects reloaded before import = 0Number of asset objects unloaded after import = 1

========================================================================
Received Import Request.
  Time since last request: 0.000029 seconds.
  path: Assets/asset_store/key_lock/textures/key/m_key_01_n.png
  artifactKey: Guid(a9eae4b4ce60e4646b3b8c8705cd2b1a) Importer(2089858483,192608db42251d675da83286b1cce702)
Start importing Assets/asset_store/key_lock/textures/key/m_key_01_n.png using Guid(a9eae4b4ce60e4646b3b8c8705cd2b1a) Importer(2089858483,192608db42251d675da83286b1cce702) (ScriptedImporter) -> (artifact id: '505a3a967075c3424bb02b0dc3d1828d') in 0.037465 seconds
Number of updated asset objects reloaded before import = 0Number of asset objects unloaded after import = 1

========================================================================
Received Import Request.
  Time since last request: 0.000025 seconds.
  path: Assets/Пианино
  artifactKey: Guid(c4ccd31bd5d18a7488494dd549abaf29) Importer(2089858483,192608db42251d675da83286b1cce702)
Start importing Assets/Пианино using Guid(c4ccd31bd5d18a7488494dd549abaf29) Importer(2089858483,192608db42251d675da83286b1cce702) (ScriptedImporter) -> (artifact id: '58c20a52f08fa9d664e5aa3de0200f8b') in 0.0119201 seconds
Number of updated asset objects reloaded before import = 0Number of asset objects unloaded after import = 1

========================================================================
Received Import Request.
  Time since last request: 0.000020 seconds.
  path: Assets/nappin/OfficeEssentialsPack
  artifactKey: Guid(081cb27d7a855364488aba285c84a4f1) Importer(2089858483,192608db42251d675da83286b1cce702)
Start importing Assets/nappin/OfficeEssentialsPack using Guid(081cb27d7a855364488aba285c84a4f1) Importer(2089858483,192608db42251d675da83286b1cce702) (ScriptedImporter) -> (artifact id: '24451bddba6daa516789f32a3a2ad4d1') in 0.0200655 seconds
Number of updated asset objects reloaded before import = 0Number of asset objects unloaded after import = 1

========================================================================
Received Import Request.
  Time since last request: 0.000019 seconds.
  path: Assets/3Dfrk/Frames with pictures/Materials/Paint_07.mat
  artifactKey: Guid(2b781af74560ed24488538f71709f447) Importer(2089858483,192608db42251d675da83286b1cce702)
Start importing Assets/3Dfrk/Frames with pictures/Materials/Paint_07.mat using Guid(2b781af74560ed24488538f71709f447) Importer(2089858483,192608db42251d675da83286b1cce702) (ScriptedImporter) -> (artifact id: '837ce732aee20ff7ea13ab4dcecbd087') in 0.0294845 seconds
Number of updated asset objects reloaded before import = 0Number of asset objects unloaded after import = 2

========================================================================
Received Import Request.
  Time since last request: 0.000023 seconds.
  path: Assets/DEMO/Standard Assets/Effects/ImageEffects/Shaders/_Antialiasing
  artifactKey: Guid(47ccb0df550265d4181fe19b7c6ce444) Importer(2089858483,192608db42251d675da83286b1cce702)
Start importing Assets/DEMO/Standard Assets/Effects/ImageEffects/Shaders/_Antialiasing using Guid(47ccb0df550265d4181fe19b7c6ce444) Importer(2089858483,192608db42251d675da83286b1cce702) (ScriptedImporter) -> (artifact id: '3c00b8caa8c4de69f91d6e17b826551f') in 0.0131541 seconds
Number of updated asset objects reloaded before import = 0Number of asset objects unloaded after import = 1

========================================================================
Received Import Request.
  Time since last request: 0.000040 seconds.
  path: Assets/JJ_InteriorDoorPack_V1
  artifactKey: Guid(5d6a052a5bee04e4ab6f2931859d2d4f) Importer(2089858483,192608db42251d675da83286b1cce702)
Start importing Assets/JJ_InteriorDoorPack_V1 using Guid(5d6a052a5bee04e4ab6f2931859d2d4f) Importer(2089858483,192608db42251d675da83286b1cce702) (ScriptedImporter) -> (artifact id: '03ee76d35e384b70227e37e12b7e98b8') in 0.0150647 seconds
Number of updated asset objects reloaded before import = 0Number of asset objects unloaded after import = 1

========================================================================
Received Import Request.
  Time since last request: 0.000020 seconds.
  path: Assets/nappin/OfficeEssentialsPack/Textures/(Txt)GradientRed.png
  artifactKey: Guid(8742bc042721bf344a9b8a7890e98c0f) Importer(2089858483,192608db42251d675da83286b1cce702)
Start importing Assets/nappin/OfficeEssentialsPack/Textures/(Txt)GradientRed.png using Guid(8742bc042721bf344a9b8a7890e98c0f) Importer(2089858483,192608db42251d675da83286b1cce702) (ScriptedImporter) -> (artifact id: 'f2e37aea0e303885f87f278b5473f54e') in 0.0826643 seconds
Number of updated asset objects reloaded before import = 0Number of asset objects unloaded after import = 1

========================================================================
Received Import Request.
  Time since last request: 0.000021 seconds.
  path: Assets/TextMesh Pro/Shaders/TMP_SDF-HDRP UNLIT.shadergraph
  artifactKey: Guid(661821900ccdfd9469f2738e89f1ea64) Importer(2089858483,192608db42251d675da83286b1cce702)
Start importing Assets/TextMesh Pro/Shaders/TMP_SDF-HDRP UNLIT.shadergraph using Guid(661821900ccdfd9469f2738e89f1ea64) Importer(2089858483,192608db42251d675da83286b1cce702) (ScriptedImporter) -> (artifact id: '4d070fa8db1edad8815596dd9733c506') in 0.027377 seconds
Number of updated asset objects reloaded before import = 0Number of asset objects unloaded after import = 3

========================================================================
Received Import Request.
  Time since last request: 0.000034 seconds.
  path: Assets/HDRP_Oak_Tree/Help
  artifactKey: Guid(c51c89af881c2b149ac9231bcd504854) Importer(2089858483,192608db42251d675da83286b1cce702)
Start importing Assets/HDRP_Oak_Tree/Help using Guid(c51c89af881c2b149ac9231bcd504854) Importer(2089858483,192608db42251d675da83286b1cce702) (ScriptedImporter) -> (artifact id: 'e72102370dcdc854c08f434c0bdacd3d') in 0.0152872 seconds
Number of updated asset objects reloaded before import = 0Number of asset objects unloaded after import = 1

========================================================================
Received Import Request.
  Time since last request: 0.000038 seconds.
  path: Assets/HDRP_Oak_Tree/Scenes
  artifactKey: Guid(bac772b99128af74fa26a1631555fa68) Importer(2089858483,192608db42251d675da83286b1cce702)
Start importing Assets/HDRP_Oak_Tree/Scenes using Guid(bac772b99128af74fa26a1631555fa68) Importer(2089858483,192608db42251d675da83286b1cce702) (ScriptedImporter) -> (artifact id: '7aea7865d4ea05a19a2de5fb0b10fd95') in 0.0143208 seconds
Number of updated asset objects reloaded before import = 0Number of asset objects unloaded after import = 1

========================================================================
Received Import Request.
  Time since last request: 0.000018 seconds.
  path: Assets/HDRP_Oak_Tree/Offer
  artifactKey: Guid(c1d5954d2a03b7648a405f258126a1d2) Importer(2089858483,192608db42251d675da83286b1cce702)
Start importing Assets/HDRP_Oak_Tree/Offer using Guid(c1d5954d2a03b7648a405f258126a1d2) Importer(2089858483,192608db42251d675da83286b1cce702) (ScriptedImporter) -> (artifact id: 'd930139db56644873055c470c701770c') in 0.012718 seconds
Number of updated asset objects reloaded before import = 0Number of asset objects unloaded after import = 1

========================================================================
Received Import Request.
  Time since last request: 0.000018 seconds.
  path: Assets/SourceFiles/StarterAssets/ThirdPersonController/Character/Animations/StarterAssetsThirdPerson.controller
  artifactKey: Guid(eff51f8a4bb9bfa41b78253718739b03) Importer(2089858483,192608db42251d675da83286b1cce702)
Start importing Assets/SourceFiles/StarterAssets/ThirdPersonController/Character/Animations/StarterAssetsThirdPerson.controller using Guid(eff51f8a4bb9bfa41b78253718739b03) Importer(2089858483,192608db42251d675da83286b1cce702) (ScriptedImporter) -> (artifact id: '08080e22d4497e4afa48dce1d12abf3a') in 0.0223125 seconds
Number of updated asset objects reloaded before import = 0Number of asset objects unloaded after import = 21

========================================================================
Received Import Request.
  Time since last request: 0.000020 seconds.
  path: Assets/SpaceZeta_StreetLamps/Showcase.unity
  artifactKey: Guid(57d90881236260948925fa24b2e47845) Importer(2089858483,192608db42251d675da83286b1cce702)
Start importing Assets/SpaceZeta_StreetLamps/Showcase.unity using Guid(57d90881236260948925fa24b2e47845) Importer(2089858483,192608db42251d675da83286b1cce702) (ScriptedImporter) -> (artifact id: '2bf556ed4db35b6f5966726d15e12a22') in 0.0322546 seconds
Number of updated asset objects reloaded before import = 0Number of asset objects unloaded after import = 1

========================================================================
Received Import Request.
  Time since last request: 0.000031 seconds.
  path: Assets/Brick Project Studio/Apartment Kit/_Prefabs/Props/Kitchen/Bowl_Apt_01_Stacked.prefab
  artifactKey: Guid(fc4c2ea228894a74dba2020634435650) Importer(2089858483,192608db42251d675da83286b1cce702)
Start importing Assets/Brick Project Studio/Apartment Kit/_Prefabs/Props/Kitchen/Bowl_Apt_01_Stacked.prefab using Guid(fc4c2ea228894a74dba2020634435650) Importer(2089858483,192608db42251d675da83286b1cce702) (ScriptedImporter) -> (artifact id: '00fcea8f03bcc3f6c8bcbb4ca921a664') in 0.0560813 seconds
Number of updated asset objects reloaded before import = 0Number of asset objects unloaded after import = 8

========================================================================
Received Import Request.
  Time since last request: 0.000051 seconds.
  path: Assets/3Dfrk/Frames with pictures/Textures/Paint_10.png
  artifactKey: Guid(958d396f30fc419488b0f5b85315a8ed) Importer(2089858483,192608db42251d675da83286b1cce702)
Start importing Assets/3Dfrk/Frames with pictures/Textures/Paint_10.png using Guid(958d396f30fc419488b0f5b85315a8ed) Importer(2089858483,192608db42251d675da83286b1cce702) (ScriptedImporter) -> (artifact id: 'dd5e84c8aa0ca187a14e82a6d22734e1') in 0.0322989 seconds
Number of updated asset objects reloaded before import = 0Number of asset objects unloaded after import = 1

========================================================================
Received Import Request.
  Time since last request: 0.000020 seconds.
  path: Assets/asset_store
  artifactKey: Guid(cdeedb3c15bfe92468c6ebbb1a5ecfc0) Importer(2089858483,192608db42251d675da83286b1cce702)
Start importing Assets/asset_store using Guid(cdeedb3c15bfe92468c6ebbb1a5ecfc0) Importer(2089858483,192608db42251d675da83286b1cce702) (ScriptedImporter) -> (artifact id: '05d788a6572f9fb3c5acf5cc054e4a3c') in 0.0133034 seconds
Number of updated asset objects reloaded before import = 0Number of asset objects unloaded after import = 1

========================================================================
Received Import Request.
  Time since last request: 0.000020 seconds.
  path: Assets/TextMesh Pro/Shaders/TMP_SDF-Surface.shader
  artifactKey: Guid(9f95c97282485ae4d8c329717e4468ef) Importer(2089858483,192608db42251d675da83286b1cce702)
Start importing Assets/TextMesh Pro/Shaders/TMP_SDF-Surface.shader using Guid(9f95c97282485ae4d8c329717e4468ef) Importer(2089858483,192608db42251d675da83286b1cce702) (ScriptedImporter) -> (artifact id: '3df2bed99f74b387340d88659b1411dd') in 0.0182861 seconds
Number of updated asset objects reloaded before import = 0Number of asset objects unloaded after import = 1

========================================================================
Received Import Request.
  Time since last request: 0.000060 seconds.
  path: Assets/Brick Project Studio/Apartment Kit/_Prefabs/Props/Lighting/Lamp_Wall_Apt_01.prefab
  artifactKey: Guid(610c5e2ff0011d04d86cc0dd2c633967) Importer(2089858483,192608db42251d675da83286b1cce702)
Start importing Assets/Brick Project Studio/Apartment Kit/_Prefabs/Props/Lighting/Lamp_Wall_Apt_01.prefab using Guid(610c5e2ff0011d04d86cc0dd2c633967) Importer(2089858483,192608db42251d675da83286b1cce702) (ScriptedImporter) -> (artifact id: '49cd9b089e2b3c7aeb9dd2e5dc032f82') in 0.0557836 seconds
Number of updated asset objects reloaded before import = 0Number of asset objects unloaded after import = 10

========================================================================
Received Import Request.
  Time since last request: 0.000023 seconds.
  path: Assets/Phoenix3D/P3D_Wallpaper_Carpet_and_CurtainFabric_Materials_Pack/Models/Kitchen_Decoration.fbx
  artifactKey: Guid(6fde929529c6b7342977b6c7456b1970) Importer(2089858483,192608db42251d675da83286b1cce702)
Start importing Assets/Phoenix3D/P3D_Wallpaper_Carpet_and_CurtainFabric_Materials_Pack/Models/Kitchen_Decoration.fbx using Guid(6fde929529c6b7342977b6c7456b1970) Importer(2089858483,192608db42251d675da83286b1cce702) (ScriptedImporter) -> (artifact id: 'c59ebfb7277c1b95d0f68859739a04b4') in 0.1375442 seconds
Number of updated asset objects reloaded before import = 0Number of asset objects unloaded after import = 96

========================================================================
Received Import Request.
  Time since last request: 0.000051 seconds.
  path: Assets/JJ_InteriorDoorPack_V1/Textures/Knobs
  artifactKey: Guid(b0c875fef687e644fbab2f3c146267b4) Importer(2089858483,192608db42251d675da83286b1cce702)
Start importing Assets/JJ_InteriorDoorPack_V1/Textures/Knobs using Guid(b0c875fef687e644fbab2f3c146267b4) Importer(2089858483,192608db42251d675da83286b1cce702) (ScriptedImporter) -> (artifact id: '54a45dffe1e07e01ef65626530f8debb') in 0.0200146 seconds
Number of updated asset objects reloaded before import = 0Number of asset objects unloaded after import = 1

========================================================================
Received Import Request.
  Time since last request: 0.000036 seconds.
  path: Assets/JJ_InteriorDoorPack_V1/Scenes/jj_InteriorDoorPack_v1_scene.unity
  artifactKey: Guid(795ba2a4c91ea9940aa9194ed2b0baae) Importer(2089858483,192608db42251d675da83286b1cce702)
Start importing Assets/JJ_InteriorDoorPack_V1/Scenes/jj_InteriorDoorPack_v1_scene.unity using Guid(795ba2a4c91ea9940aa9194ed2b0baae) Importer(2089858483,192608db42251d675da83286b1cce702) (ScriptedImporter) -> (artifact id: '416c43861cd4b431665ab76d05ce3682') in 0.0372132 seconds
Number of updated asset objects reloaded before import = 0Number of asset objects unloaded after import = 1

========================================================================
Received Import Request.
  Time since last request: 0.000021 seconds.
  path: Assets/HighQualityBricks&Walls/Scenes/Showcase Artistic
  artifactKey: Guid(6a6951059deebcb4ba80f9542dab14a8) Importer(2089858483,192608db42251d675da83286b1cce702)
Start importing Assets/HighQualityBricks&Walls/Scenes/Showcase Artistic using Guid(6a6951059deebcb4ba80f9542dab14a8) Importer(2089858483,192608db42251d675da83286b1cce702) (ScriptedImporter) -> (artifact id: 'f4cabb21d4b15cb72d6145d2283915a2') in 0.0199735 seconds
Number of updated asset objects reloaded before import = 0Number of asset objects unloaded after import = 1

========================================================================
Received Import Request.
  Time since last request: 0.000043 seconds.
  path: Assets/asset_store/key_lock/textures/lock
  artifactKey: Guid(96f23710236feec4b89312a547ce2ae0) Importer(2089858483,192608db42251d675da83286b1cce702)
Start importing Assets/asset_store/key_lock/textures/lock using Guid(96f23710236feec4b89312a547ce2ae0) Importer(2089858483,192608db42251d675da83286b1cce702) (ScriptedImporter) -> (artifact id: '48537876eb0d6d1ecb3643be40052918') in 0.0153879 seconds
Number of updated asset objects reloaded before import = 0Number of asset objects unloaded after import = 1

========================================================================
Received Import Request.
  Time since last request: 0.000051 seconds.
  path: Assets/HighQualityBricks&Walls/README.txt
  artifactKey: Guid(0ddc8e1d93a68d34a82a8f263fa79c6e) Importer(2089858483,192608db42251d675da83286b1cce702)
Start importing Assets/HighQualityBricks&Walls/README.txt using Guid(0ddc8e1d93a68d34a82a8f263fa79c6e) Importer(2089858483,192608db42251d675da83286b1cce702) (ScriptedImporter) -> (artifact id: 'f2eb146d7e64441e7ddfdbbe706eb2b3') in 0.0829671 seconds
Number of updated asset objects reloaded before import = 0Number of asset objects unloaded after import = 1

========================================================================
Received Import Request.
  Time since last request: 0.000033 seconds.
  path: Assets/Объекты/6/How to Convert (Obj Fbx...).txt
  artifactKey: Guid(454951238a6d7744e95f11b01717dcc3) Importer(2089858483,192608db42251d675da83286b1cce702)
Start importing Assets/Объекты/6/How to Convert (Obj Fbx...).txt using Guid(454951238a6d7744e95f11b01717dcc3) Importer(2089858483,192608db42251d675da83286b1cce702) (ScriptedImporter) -> (artifact id: '3f49c6548c71efbc53676c2c4859fb04') in 0.0150738 seconds
Number of updated asset objects reloaded before import = 0Number of asset objects unloaded after import = 1

========================================================================
Received Import Request.
  Time since last request: 0.000022 seconds.
  path: Assets/3Dfrk/Frames with pictures/Materials/Paint_08.mat
  artifactKey: Guid(b8bb404d66be195448575a8e274bc5a2) Importer(2089858483,192608db42251d675da83286b1cce702)
Start importing Assets/3Dfrk/Frames with pictures/Materials/Paint_08.mat using Guid(b8bb404d66be195448575a8e274bc5a2) Importer(2089858483,192608db42251d675da83286b1cce702) (ScriptedImporter) -> (artifact id: '1836dece914ae4e49fdca0a8da676009') in 0.0180569 seconds
Number of updated asset objects reloaded before import = 0Number of asset objects unloaded after import = 2

========================================================================
Received Import Request.
  Time since last request: 0.000025 seconds.
  path: Assets/_Tea&coffe_service/Model/tea_service.FBX
  artifactKey: Guid(fd174ce543e1a074085b4a3722e7ff8d) Importer(2089858483,192608db42251d675da83286b1cce702)
Start importing Assets/_Tea&coffe_service/Model/tea_service.FBX using Guid(fd174ce543e1a074085b4a3722e7ff8d) Importer(2089858483,192608db42251d675da83286b1cce702) (ScriptedImporter) -> (artifact id: '4dc28f63b1372eb10ed56b9854c7f3b9') in 0.0449221 seconds
Number of updated asset objects reloaded before import = 0Number of asset objects unloaded after import = 34

========================================================================
Received Import Request.
  Time since last request: 0.000031 seconds.
  path: Assets/asset_store/key_lock/scene/key_lock_demo.unity
  artifactKey: Guid(ef32a6f33f04a2746a64deeab40e3798) Importer(2089858483,192608db42251d675da83286b1cce702)
Start importing Assets/asset_store/key_lock/scene/key_lock_demo.unity using Guid(ef32a6f33f04a2746a64deeab40e3798) Importer(2089858483,192608db42251d675da83286b1cce702) (ScriptedImporter) -> (artifact id: '2ed29486119e94168b958bd1d39667f1') in 0.048825 seconds
Number of updated asset objects reloaded before import = 0Number of asset objects unloaded after import = 1

========================================================================
Received Import Request.
  Time since last request: 0.000026 seconds.
  path: Assets/HDRPFurniturePack/Rug_Woven_Wool_Natural
  artifactKey: Guid(82fa0839dabf9b649ab37a34107c4695) Importer(2089858483,192608db42251d675da83286b1cce702)
Start importing Assets/HDRPFurniturePack/Rug_Woven_Wool_Natural using Guid(82fa0839dabf9b649ab37a34107c4695) Importer(2089858483,192608db42251d675da83286b1cce702) (ScriptedImporter) -> (artifact id: '37e81d260f72b56c630d45afa50484cd') in 0.0148582 seconds
Number of updated asset objects reloaded before import = 0Number of asset objects unloaded after import = 1

========================================================================
Received Import Request.
  Time since last request: 0.000022 seconds.
  path: Assets/Часы/17
  artifactKey: Guid(1cace29c93d7d504f8dfdb4b2736612f) Importer(2089858483,192608db42251d675da83286b1cce702)
Start importing Assets/Часы/17 using Guid(1cace29c93d7d504f8dfdb4b2736612f) Importer(2089858483,192608db42251d675da83286b1cce702) (ScriptedImporter) -> (artifact id: '13d6a79c496b19e60b9d45399a7be165') in 0.0134758 seconds
Number of updated asset objects reloaded before import = 0Number of asset objects unloaded after import = 1

========================================================================
Received Import Request.
  Time since last request: 0.000025 seconds.
  path: Assets/asset_store/key_lock/textures/key/m_key_01_green_bc.png
  artifactKey: Guid(e4702a768a6941a448957439189af3c0) Importer(2089858483,192608db42251d675da83286b1cce702)
Start importing Assets/asset_store/key_lock/textures/key/m_key_01_green_bc.png using Guid(e4702a768a6941a448957439189af3c0) Importer(2089858483,192608db42251d675da83286b1cce702) (ScriptedImporter) -> (artifact id: 'cdce38879c3168154cd355b8c24d4393') in 0.0408815 seconds
Number of updated asset objects reloaded before import = 0Number of asset objects unloaded after import = 1

========================================================================
Received Import Request.
  Time since last request: 0.000023 seconds.
  path: Assets/DEMO/Standard Assets/Effects/ImageEffects/Shaders/_BloomAndFlares
  artifactKey: Guid(748902399f74026488fb06ec6c8d5405) Importer(2089858483,192608db42251d675da83286b1cce702)
Start importing Assets/DEMO/Standard Assets/Effects/ImageEffects/Shaders/_BloomAndFlares using Guid(748902399f74026488fb06ec6c8d5405) Importer(2089858483,192608db42251d675da83286b1cce702) (ScriptedImporter) -> (artifact id: 'e0964735718f2bd8369c7f91a5eb491f') in 0.0162377 seconds
Number of updated asset objects reloaded before import = 0Number of asset objects unloaded after import = 1

========================================================================
Received Import Request.
  Time since last request: 0.000030 seconds.
  path: Assets/TextMesh Pro/Sprites
  artifactKey: Guid(1490b1a176c2d2a42b6eeb9eb454aa90) Importer(2089858483,192608db42251d675da83286b1cce702)
Start importing Assets/TextMesh Pro/Sprites using Guid(1490b1a176c2d2a42b6eeb9eb454aa90) Importer(2089858483,192608db42251d675da83286b1cce702) (ScriptedImporter) -> (artifact id: 'decaea16a1b971fd79bedff79e2167de') in 0.0129486 seconds
Number of updated asset objects reloaded before import = 0Number of asset objects unloaded after import = 1

========================================================================
Received Import Request.
  Time since last request: 0.000019 seconds.
  path: Assets/Brick Project Studio/Apartment Kit/_Prefabs/Furniture/Bathroom
  artifactKey: Guid(70ae0cc38139b6e4a894789dff3745e9) Importer(2089858483,192608db42251d675da83286b1cce702)
Start importing Assets/Brick Project Studio/Apartment Kit/_Prefabs/Furniture/Bathroom using Guid(70ae0cc38139b6e4a894789dff3745e9) Importer(2089858483,192608db42251d675da83286b1cce702) (ScriptedImporter) -> (artifact id: '99da954d7a81fba6eb21e6250ec99c19') in 0.015669 seconds
Number of updated asset objects reloaded before import = 0Number of asset objects unloaded after import = 1

========================================================================
Received Import Request.
  Time since last request: 0.000028 seconds.
  path: Assets/Часы/8
  artifactKey: Guid(7e1d6d021f7cd4d4fb0265608474ba4a) Importer(2089858483,192608db42251d675da83286b1cce702)
Start importing Assets/Часы/8 using Guid(7e1d6d021f7cd4d4fb0265608474ba4a) Importer(2089858483,192608db42251d675da83286b1cce702) (ScriptedImporter) -> (artifact id: 'f377a089eb7e1ecca8434222f74079bc') in 0.0160086 seconds
Number of updated asset objects reloaded before import = 0Number of asset objects unloaded after import = 1

========================================================================
Received Import Request.
  Time since last request: 0.000021 seconds.
  path: Assets/JJ_InteriorDoorPack_V1/Materials/mat_door1.mat
  artifactKey: Guid(31ed38f30d2edea4c9b9e59438b6333b) Importer(2089858483,192608db42251d675da83286b1cce702)
Start importing Assets/JJ_InteriorDoorPack_V1/Materials/mat_door1.mat using Guid(31ed38f30d2edea4c9b9e59438b6333b) Importer(2089858483,192608db42251d675da83286b1cce702) (ScriptedImporter) -> (artifact id: 'af7171f9f103ee6d93e35e3b8e0096d8') in 0.0339179 seconds
Number of updated asset objects reloaded before import = 0Number of asset objects unloaded after import = 4

========================================================================
Received Import Request.
  Time since last request: 0.000040 seconds.
  path: Assets/HDRPFurniturePack/Decorative_Throw_Pillows/Models
  artifactKey: Guid(52f50a8ba3366f54ba9b99a00a47593f) Importer(2089858483,192608db42251d675da83286b1cce702)
Start importing Assets/HDRPFurniturePack/Decorative_Throw_Pillows/Models using Guid(52f50a8ba3366f54ba9b99a00a47593f) Importer(2089858483,192608db42251d675da83286b1cce702) (ScriptedImporter) -> (artifact id: 'd8e4cdfeaffb6e04928e1f33838392b6') in 0.0151809 seconds
Number of updated asset objects reloaded before import = 0Number of asset objects unloaded after import = 1

========================================================================
Received Import Request.
  Time since last request: 0.000030 seconds.
  path: Assets/SourceFiles/Textures/Repeating Tiles/SandTrodden_Normal.tif
  artifactKey: Guid(2b5471673f9fe494ab1b36ebdb14f88a) Importer(2089858483,192608db42251d675da83286b1cce702)
Start importing Assets/SourceFiles/Textures/Repeating Tiles/SandTrodden_Normal.tif using Guid(2b5471673f9fe494ab1b36ebdb14f88a) Importer(2089858483,192608db42251d675da83286b1cce702) (ScriptedImporter) -> (artifact id: '54d9f41b60c2d3e566b0d4527443ddf8') in 0.0647843 seconds
Number of updated asset objects reloaded before import = 0Number of asset objects unloaded after import = 1

========================================================================
Received Import Request.
  Time since last request: 0.000025 seconds.
  path: Assets/Brick Project Studio/Apartment Kit/_Prefabs/Props/Kitchen/Toaster_Apt_01.prefab
  artifactKey: Guid(be587d9c5389df44ea845866afa4d5d3) Importer(2089858483,192608db42251d675da83286b1cce702)
Start importing Assets/Brick Project Studio/Apartment Kit/_Prefabs/Props/Kitchen/Toaster_Apt_01.prefab using Guid(be587d9c5389df44ea845866afa4d5d3) Importer(2089858483,192608db42251d675da83286b1cce702) (ScriptedImporter) -> (artifact id: '244060fc7a855e3c9af75b617c7eb213') in 0.0450828 seconds
Number of updated asset objects reloaded before import = 0Number of asset objects unloaded after import = 24

========================================================================
Received Import Request.
  Time since last request: 0.000021 seconds.
  path: Assets/Scenes/SampleScene2.unity
  artifactKey: Guid(9962a8ac85c1d1e4d8bc5f7d8f30f66e) Importer(2089858483,192608db42251d675da83286b1cce702)
Start importing Assets/Scenes/SampleScene2.unity using Guid(9962a8ac85c1d1e4d8bc5f7d8f30f66e) Importer(2089858483,192608db42251d675da83286b1cce702) (ScriptedImporter) -> (artifact id: '49f1fec40d296ca05a33835bcfe84514') in 0.0397551 seconds
Number of updated asset objects reloaded before import = 0Number of asset objects unloaded after import = 1

========================================================================
Received Import Request.
  Time since last request: 0.000021 seconds.
  path: Assets/Tree_Packs/URP_Tree_Pack/Scripts/LB_CameraMove.cs
  artifactKey: Guid(96cec0ad715c2a042bd9921922d2ed22) Importer(2089858483,192608db42251d675da83286b1cce702)
Start importing Assets/Tree_Packs/URP_Tree_Pack/Scripts/LB_CameraMove.cs using Guid(96cec0ad715c2a042bd9921922d2ed22) Importer(2089858483,192608db42251d675da83286b1cce702) (ScriptedImporter) -> (artifact id: '02c375b72da04230021b59a8b5fd5b96') in 0.0142042 seconds
Number of updated asset objects reloaded before import = 0Number of asset objects unloaded after import = 0

========================================================================
Received Import Request.
  Time since last request: 0.000041 seconds.
  path: Assets/HDRP_Oak_Tree/Models/Oak
  artifactKey: Guid(981ad9933599ec74db02829c349244a1) Importer(2089858483,192608db42251d675da83286b1cce702)
Start importing Assets/HDRP_Oak_Tree/Models/Oak using Guid(981ad9933599ec74db02829c349244a1) Importer(2089858483,192608db42251d675da83286b1cce702) (ScriptedImporter) -> (artifact id: 'a127b38d3d8f39d7ec286fb848633f28') in 0.0153043 seconds
Number of updated asset objects reloaded before import = 0Number of asset objects unloaded after import = 1

========================================================================
Received Import Request.
  Time since last request: 0.000036 seconds.
  path: Assets/DEMO/Standard Assets/Effects/ImageEffects/Shaders/_Antialiasing/FXAAPreset3.shader
  artifactKey: Guid(78a39ff6aa8ee004f89d73e74df71dea) Importer(2089858483,192608db42251d675da83286b1cce702)
Start importing Assets/DEMO/Standard Assets/Effects/ImageEffects/Shaders/_Antialiasing/FXAAPreset3.shader using Guid(78a39ff6aa8ee004f89d73e74df71dea) Importer(2089858483,192608db42251d675da83286b1cce702) (ScriptedImporter) -> (artifact id: 'd4228033b2d76d2843003e2cc2c5fae2') in 0.0179965 seconds
Number of updated asset objects reloaded before import = 0Number of asset objects unloaded after import = 1

========================================================================
Received Import Request.
  Time since last request: 0.000028 seconds.
  path: Assets/SourceFiles/Fonts/Inter-Variable.ttf
  artifactKey: Guid(da7ce046f36a4d34e9c8b623abf3f78b) Importer(2089858483,192608db42251d675da83286b1cce702)
Start importing Assets/SourceFiles/Fonts/Inter-Variable.ttf using Guid(da7ce046f36a4d34e9c8b623abf3f78b) Importer(2089858483,192608db42251d675da83286b1cce702) (ScriptedImporter) -> (artifact id: '86b343a63f13b28b91f83487c264fa35') in 0.0342847 seconds
Number of updated asset objects reloaded before import = 0Number of asset objects unloaded after import = 3

========================================================================
Received Import Request.
  Time since last request: 0.000020 seconds.
  path: Assets/TextMesh Pro/Resources/Style Sheets/Default Style Sheet.asset
  artifactKey: Guid(b0244d48522993f45a77d8a683305a90) Importer(2089858483,192608db42251d675da83286b1cce702)
Start importing Assets/TextMesh Pro/Resources/Style Sheets/Default Style Sheet.asset using Guid(b0244d48522993f45a77d8a683305a90) Importer(2089858483,192608db42251d675da83286b1cce702) (ScriptedImporter) -> (artifact id: 'e08726bdc445e4ba9ea1431a9b297a6e') in 0.0168461 seconds
Number of updated asset objects reloaded before import = 0Number of asset objects unloaded after import = 1

========================================================================
Received Import Request.
  Time since last request: 0.000022 seconds.
  path: Assets/SourceFiles/StarterAssets/ThirdPersonController/Character/Animations/Jump--Jump.anim.fbx
  artifactKey: Guid(91e76ed013c66ba44b821984eb38d574) Importer(2089858483,192608db42251d675da83286b1cce702)
Start importing Assets/SourceFiles/StarterAssets/ThirdPersonController/Character/Animations/Jump--Jump.anim.fbx using Guid(91e76ed013c66ba44b821984eb38d574) Importer(2089858483,192608db42251d675da83286b1cce702) (ScriptedImporter) -> (artifact id: 'fc169136dd97612ef3383bf5416f2c84') in 0.04465 seconds
Number of updated asset objects reloaded before import = 0Number of asset objects unloaded after import = 145

========================================================================
Received Import Request.
  Time since last request: 0.000032 seconds.
  path: Assets/50 Fabric Materials_VOL01
  artifactKey: Guid(d9e9bce56c950f147bc913542722227c) Importer(2089858483,192608db42251d675da83286b1cce702)
Start importing Assets/50 Fabric Materials_VOL01 using Guid(d9e9bce56c950f147bc913542722227c) Importer(2089858483,192608db42251d675da83286b1cce702) (ScriptedImporter) -> (artifact id: '1e4b3b745480091fc2fd49780f722068') in 0.0140825 seconds
Number of updated asset objects reloaded before import = 0Number of asset objects unloaded after import = 1

========================================================================
Received Import Request.
  Time since last request: 0.000031 seconds.
  path: Assets/NextGen Furniture Pack/Models/table_2.FBX
  artifactKey: Guid(2525faa7edd05fb4ebbd21eb26a8de05) Importer(2089858483,192608db42251d675da83286b1cce702)
Start importing Assets/NextGen Furniture Pack/Models/table_2.FBX using Guid(2525faa7edd05fb4ebbd21eb26a8de05) Importer(2089858483,192608db42251d675da83286b1cce702) (ScriptedImporter) -> (artifact id: 'a1dcdf7beac03ab67cc310ca6bfb05f9') in 0.0368978 seconds
Number of updated asset objects reloaded before import = 0Number of asset objects unloaded after import = 7

========================================================================
Received Import Request.
  Time since last request: 0.000023 seconds.
  path: Assets/Pegasus Studios/Elegant Interior Decor 3D Models Pack/Resources/Models/Flower Pot.fbx
  artifactKey: Guid(0728868235ed2834a8524e69c71158ed) Importer(2089858483,192608db42251d675da83286b1cce702)
Start importing Assets/Pegasus Studios/Elegant Interior Decor 3D Models Pack/Resources/Models/Flower Pot.fbx using Guid(0728868235ed2834a8524e69c71158ed) Importer(2089858483,192608db42251d675da83286b1cce702) (ScriptedImporter) -> (artifact id: '6e67f4b99aa6fff4aa4f30ce78deaf84') in 0.074315 seconds
Number of updated asset objects reloaded before import = 0Number of asset objects unloaded after import = 7

========================================================================
Received Import Request.
  Time since last request: 0.000027 seconds.
  path: Assets/nappin/OfficeEssentialsPack/Textures/(Txt)GradientGreen.png
  artifactKey: Guid(449f7109b51a4aa4791e6c0400c23aea) Importer(2089858483,192608db42251d675da83286b1cce702)
Start importing Assets/nappin/OfficeEssentialsPack/Textures/(Txt)GradientGreen.png using Guid(449f7109b51a4aa4791e6c0400c23aea) Importer(2089858483,192608db42251d675da83286b1cce702) (ScriptedImporter) -> (artifact id: '9043b1ef9039f1331ec094ffa39bea4c') in 0.0571789 seconds
Number of updated asset objects reloaded before import = 0Number of asset objects unloaded after import = 1

========================================================================
Received Import Request.
  Time since last request: 0.000035 seconds.
  path: Assets/3Dfrk/Frames with pictures/Materials/Paint_11.mat
  artifactKey: Guid(e0e71114b386ce646bfeb22e6a24fc4d) Importer(2089858483,192608db42251d675da83286b1cce702)
Start importing Assets/3Dfrk/Frames with pictures/Materials/Paint_11.mat using Guid(e0e71114b386ce646bfeb22e6a24fc4d) Importer(2089858483,192608db42251d675da83286b1cce702) (ScriptedImporter) -> (artifact id: 'adf37a742794bbefa00dafb845a97d44') in 0.0180227 seconds
Number of updated asset objects reloaded before import = 0Number of asset objects unloaded after import = 2

========================================================================
Received Import Request.
  Time since last request: 0.000026 seconds.
  path: Assets/3Dfrk/Frames with pictures/Materials
  artifactKey: Guid(5d6a8b647d4d6cc479a128fb6ebdb7d5) Importer(2089858483,192608db42251d675da83286b1cce702)
Start importing Assets/3Dfrk/Frames with pictures/Materials using Guid(5d6a8b647d4d6cc479a128fb6ebdb7d5) Importer(2089858483,192608db42251d675da83286b1cce702) (ScriptedImporter) -> (artifact id: '3b352839957e0ba950963ab40dd7f19d') in 0.0575392 seconds
Number of updated asset objects reloaded before import = 0Number of asset objects unloaded after import = 1

========================================================================
Received Import Request.
  Time since last request: 0.000025 seconds.
  path: Assets/Часы/2/How to Convert (Obj Fbx...).txt
  artifactKey: Guid(c1141a7be714aad4395412270985d71c) Importer(2089858483,192608db42251d675da83286b1cce702)
Start importing Assets/Часы/2/How to Convert (Obj Fbx...).txt using Guid(c1141a7be714aad4395412270985d71c) Importer(2089858483,192608db42251d675da83286b1cce702) (ScriptedImporter) -> (artifact id: '8757c3ad4fa9a13adf6cd64dea16da90') in 0.0164679 seconds
Number of updated asset objects reloaded before import = 0Number of asset objects unloaded after import = 1

========================================================================
Received Import Request.
  Time since last request: 0.000022 seconds.
  path: Assets/SourceFiles/TimmyRobot/Models/TimmyRobot.fbx
  artifactKey: Guid(a37ac5446a292614b985a895ce423f7d) Importer(2089858483,192608db42251d675da83286b1cce702)
Start importing Assets/SourceFiles/TimmyRobot/Models/TimmyRobot.fbx using Guid(a37ac5446a292614b985a895ce423f7d) Importer(2089858483,192608db42251d675da83286b1cce702) (ScriptedImporter) -> (artifact id: '25576f5d5455aef87ddb1ee0c1a4e55b') in 0.0443005 seconds
Number of updated asset objects reloaded before import = 0Number of asset objects unloaded after import = 124

========================================================================
Received Import Request.
  Time since last request: 0.000055 seconds.
  path: Assets/Часы/11
  artifactKey: Guid(42b7bb9ec74aec74cba095f98bd4fced) Importer(2089858483,192608db42251d675da83286b1cce702)
Start importing Assets/Часы/11 using Guid(42b7bb9ec74aec74cba095f98bd4fced) Importer(2089858483,192608db42251d675da83286b1cce702) (ScriptedImporter) -> (artifact id: 'eb36e8aba982ced285c9f8ce47bf919c') in 0.0147917 seconds
Number of updated asset objects reloaded before import = 0Number of asset objects unloaded after import = 1

========================================================================
Received Import Request.
  Time since last request: 0.000019 seconds.
  path: Assets/HyperLuminal/SlidingTilePuzzle
  artifactKey: Guid(45d6ded844ec4fa4fbe475dff36ef96c) Importer(2089858483,192608db42251d675da83286b1cce702)
Start importing Assets/HyperLuminal/SlidingTilePuzzle using Guid(45d6ded844ec4fa4fbe475dff36ef96c) Importer(2089858483,192608db42251d675da83286b1cce702) (ScriptedImporter) -> (artifact id: 'c9090190e37b4b7a8f7a7cc86ef54fa2') in 0.0140167 seconds
Number of updated asset objects reloaded before import = 0Number of asset objects unloaded after import = 1

========================================================================
Received Import Request.
  Time since last request: 0.000027 seconds.
  path: Assets/HDRPFurniturePack/Decorative_Throw_Pillows/Models/Decorative_Throw_Pillow.fbx
  artifactKey: Guid(3d90e0183ae99644da78797da256a27a) Importer(2089858483,192608db42251d675da83286b1cce702)
Start importing Assets/HDRPFurniturePack/Decorative_Throw_Pillows/Models/Decorative_Throw_Pillow.fbx using Guid(3d90e0183ae99644da78797da256a27a) Importer(2089858483,192608db42251d675da83286b1cce702) (ScriptedImporter) -> (artifact id: '854f2fb61822c887b884658cfda02fe9') in 0.0385444 seconds
Number of updated asset objects reloaded before import = 0Number of asset objects unloaded after import = 7

========================================================================
Received Import Request.
  Time since last request: 0.000021 seconds.
  path: Assets/Часы/18
  artifactKey: Guid(c2c0bd61c021da14e8fc740082823ed8) Importer(2089858483,192608db42251d675da83286b1cce702)
Start importing Assets/Часы/18 using Guid(c2c0bd61c021da14e8fc740082823ed8) Importer(2089858483,192608db42251d675da83286b1cce702) (ScriptedImporter) -> (artifact id: 'f4302a441ffa5592796abc4cfedb9b71') in 0.0139019 seconds
Number of updated asset objects reloaded before import = 0Number of asset objects unloaded after import = 1

========================================================================
Received Import Request.
  Time since last request: 0.000021 seconds.
  path: Assets/nappin/OfficeEssentialsPack/Models/(Msh)Shelves2.fbx
  artifactKey: Guid(abf4d0acddd7a0747830859a76612aec) Importer(2089858483,192608db42251d675da83286b1cce702)
Start importing Assets/nappin/OfficeEssentialsPack/Models/(Msh)Shelves2.fbx using Guid(abf4d0acddd7a0747830859a76612aec) Importer(2089858483,192608db42251d675da83286b1cce702) (ScriptedImporter) -> (artifact id: '13a6756aa28c1a9a51ca44465eced6c2') in 0.0302129 seconds
Number of updated asset objects reloaded before import = 0Number of asset objects unloaded after import = 9

========================================================================
Received Import Request.
  Time since last request: 0.000031 seconds.
  path: Assets/Brick Project Studio/Apartment Kit/_Prefabs/Props/Kitchen/Bowl_Apt_01.prefab
  artifactKey: Guid(016f5edfd8e083241b0ce5d271ff9109) Importer(2089858483,192608db42251d675da83286b1cce702)
Start importing Assets/Brick Project Studio/Apartment Kit/_Prefabs/Props/Kitchen/Bowl_Apt_01.prefab using Guid(016f5edfd8e083241b0ce5d271ff9109) Importer(2089858483,192608db42251d675da83286b1cce702) (ScriptedImporter) -> (artifact id: '276b9c72edb22de6311f6691883477f3') in 0.256095 seconds
Number of updated asset objects reloaded before import = 0Number of asset objects unloaded after import = 8

========================================================================
Received Import Request.
  Time since last request: 0.000044 seconds.
  path: Assets/Pictures/Mesh/Materials
  artifactKey: Guid(7537e0765b45fdd4d94a6d0835097240) Importer(2089858483,192608db42251d675da83286b1cce702)
Start importing Assets/Pictures/Mesh/Materials using Guid(7537e0765b45fdd4d94a6d0835097240) Importer(2089858483,192608db42251d675da83286b1cce702) (ScriptedImporter) -> (artifact id: 'c622c0ae83b82711fcadce5232500640') in 0.0128152 seconds
Number of updated asset objects reloaded before import = 0Number of asset objects unloaded after import = 1

========================================================================
Received Import Request.
  Time since last request: 0.000030 seconds.
  path: Assets/NextGen Furniture Pack/Models/chair_4.FBX
  artifactKey: Guid(b2c9e5e711ed5f24aa2004fea9aa531c) Importer(2089858483,192608db42251d675da83286b1cce702)
Start importing Assets/NextGen Furniture Pack/Models/chair_4.FBX using Guid(b2c9e5e711ed5f24aa2004fea9aa531c) Importer(2089858483,192608db42251d675da83286b1cce702) (ScriptedImporter) -> (artifact id: '57a94ff47ad2cffe2cc0845b73a80cd9') in 0.0373843 seconds
Number of updated asset objects reloaded before import = 0Number of asset objects unloaded after import = 7

========================================================================
Received Import Request.
  Time since last request: 0.000022 seconds.
  path: Assets/Brick Project Studio/Apartment Kit/_Prefabs/Props/Wine Liquor Beer and Glassware - Sample/wine thin glass White Wine.prefab
  artifactKey: Guid(135995cb358784845bcf04ffc352a920) Importer(2089858483,192608db42251d675da83286b1cce702)
Start importing Assets/Brick Project Studio/Apartment Kit/_Prefabs/Props/Wine Liquor Beer and Glassware - Sample/wine thin glass White Wine.prefab using Guid(135995cb358784845bcf04ffc352a920) Importer(2089858483,192608db42251d675da83286b1cce702) (ScriptedImporter) -> (artifact id: '4e43f71f8e81a36f6fc9814eb6a64ae7') in 0.0427995 seconds
Number of updated asset objects reloaded before import = 0Number of asset objects unloaded after import = 11

========================================================================
Received Import Request.
  Time since last request: 0.000020 seconds.
  path: Assets/nappin/OfficeEssentialsPack/Models/(Msh)Drawer1.fbx
  artifactKey: Guid(32fea2afffd72174881388f5aec3bbea) Importer(2089858483,192608db42251d675da83286b1cce702)
Start importing Assets/nappin/OfficeEssentialsPack/Models/(Msh)Drawer1.fbx using Guid(32fea2afffd72174881388f5aec3bbea) Importer(2089858483,192608db42251d675da83286b1cce702) (ScriptedImporter) -> (artifact id: '063ec08ff0a3aa4c63c1f14e153209d7') in 0.0313097 seconds
Number of updated asset objects reloaded before import = 0Number of asset objects unloaded after import = 21

========================================================================
Received Import Request.
  Time since last request: 0.000024 seconds.
  path: Assets/Assets _ Expence/SourceFiles/Fonts/Inter-Variable.ttf
  artifactKey: Guid(034740b63e70fed4e91e05b1de237e1a) Importer(2089858483,192608db42251d675da83286b1cce702)
Start importing Assets/Assets _ Expence/SourceFiles/Fonts/Inter-Variable.ttf using Guid(034740b63e70fed4e91e05b1de237e1a) Importer(2089858483,192608db42251d675da83286b1cce702) (ScriptedImporter) -> (artifact id: 'cabd0e9666195151638c08614aec66dd') in 0.0259643 seconds
Number of updated asset objects reloaded before import = 0Number of asset objects unloaded after import = 3

========================================================================
Received Import Request.
  Time since last request: 0.000077 seconds.
  path: Assets/asset_store/key_lock/textures/key
  artifactKey: Guid(b6d0253d0af2e7b4995be63491f69439) Importer(2089858483,192608db42251d675da83286b1cce702)
Start importing Assets/asset_store/key_lock/textures/key using Guid(b6d0253d0af2e7b4995be63491f69439) Importer(2089858483,192608db42251d675da83286b1cce702) (ScriptedImporter) -> (artifact id: '057a061712b93df09e4fa88c97dfd1a3') in 0.0144267 seconds
Number of updated asset objects reloaded before import = 0Number of asset objects unloaded after import = 1

========================================================================
Received Import Request.
  Time since last request: 0.000021 seconds.
  path: Assets/HyperLuminal/SlidingTilePuzzle/Scenes/SlidingTilePuzzleSettings.lighting
  artifactKey: Guid(e5dd9ed704b1aad4da3c319f95da8990) Importer(2089858483,192608db42251d675da83286b1cce702)
Start importing Assets/HyperLuminal/SlidingTilePuzzle/Scenes/SlidingTilePuzzleSettings.lighting using Guid(e5dd9ed704b1aad4da3c319f95da8990) Importer(2089858483,192608db42251d675da83286b1cce702) (ScriptedImporter) -> (artifact id: '285c19817bbf685e3764bcf7519f3ee2') in 0.0346508 seconds
Number of updated asset objects reloaded before import = 0Number of asset objects unloaded after import = 1

========================================================================
Received Import Request.
  Time since last request: 0.000026 seconds.
  path: Assets/4K Tiled Ground Textures p2/Textures/concrete/concrete_10.png
  artifactKey: Guid(b3014f72ec4cf614b9acd483685c2b94) Importer(2089858483,192608db42251d675da83286b1cce702)
Start importing Assets/4K Tiled Ground Textures p2/Textures/concrete/concrete_10.png using Guid(b3014f72ec4cf614b9acd483685c2b94) Importer(2089858483,192608db42251d675da83286b1cce702) (ScriptedImporter) -> (artifact id: 'c317a786dbb27175afff45c1909b56b3') in 0.1157976 seconds
Number of updated asset objects reloaded before import = 0Number of asset objects unloaded after import = 3

========================================================================
Received Import Request.
  Time since last request: 0.000039 seconds.
  path: Assets/3Dfrk/Frames with pictures/Prefabs/Paint_06.prefab
  artifactKey: Guid(de3fcb6cc9195b54cbc97aa41ad3ac0b) Importer(2089858483,192608db42251d675da83286b1cce702)
Start importing Assets/3Dfrk/Frames with pictures/Prefabs/Paint_06.prefab using Guid(de3fcb6cc9195b54cbc97aa41ad3ac0b) Importer(2089858483,192608db42251d675da83286b1cce702) (ScriptedImporter) -> (artifact id: '4fc817dc1f027164cb08b8a12d6ffacc') in 1.366156 seconds
Number of updated asset objects reloaded before import = 0Number of asset objects unloaded after import = 9

========================================================================
Received Import Request.
  Time since last request: 0.000036 seconds.
  path: Assets/Assets _ Expence/nappin/OfficeEssentialsPack/Models/(Msh)CeilingLight1.fbx
  artifactKey: Guid(1316e83978a2c9444a787e7536903ca7) Importer(2089858483,192608db42251d675da83286b1cce702)
Start importing Assets/Assets _ Expence/nappin/OfficeEssentialsPack/Models/(Msh)CeilingLight1.fbx using Guid(1316e83978a2c9444a787e7536903ca7) Importer(2089858483,192608db42251d675da83286b1cce702) (ScriptedImporter) -> (artifact id: '759d79012295c9f57f901cc354359371') in 0.0347635 seconds
Number of updated asset objects reloaded before import = 0Number of asset objects unloaded after import = 9

========================================================================
Received Import Request.
  Time since last request: 0.000037 seconds.
  path: Assets/Assets _ Expence/SpaceZeta_StreetLamps/Base Meshes/StreetLamp2_ShortDouble.fbx
  artifactKey: Guid(23bcb10a7833b31438d43ce9cde4a2b8) Importer(2089858483,192608db42251d675da83286b1cce702)
Start importing Assets/Assets _ Expence/SpaceZeta_StreetLamps/Base Meshes/StreetLamp2_ShortDouble.fbx using Guid(23bcb10a7833b31438d43ce9cde4a2b8) Importer(2089858483,192608db42251d675da83286b1cce702) (ScriptedImporter) -> (artifact id: 'ec96bb0e6e9721099cc2af1ab277dc51') in 0.0453027 seconds
Number of updated asset objects reloaded before import = 0Number of asset objects unloaded after import = 8

========================================================================
Received Import Request.
  Time since last request: 0.000024 seconds.
  path: Assets/Assets _ Expence/3Dfrk/Frames with pictures/Prefabs/Paint_08.prefab
  artifactKey: Guid(b6c9b72cc4787e540932f0054fa67319) Importer(2089858483,192608db42251d675da83286b1cce702)
Start importing Assets/Assets _ Expence/3Dfrk/Frames with pictures/Prefabs/Paint_08.prefab using Guid(b6c9b72cc4787e540932f0054fa67319) Importer(2089858483,192608db42251d675da83286b1cce702) (ScriptedImporter) -> (artifact id: '8c5054942d65665e209fd3362f3a6f70') in 0.0254166 seconds
Number of updated asset objects reloaded before import = 0Number of asset objects unloaded after import = 9

========================================================================
Received Import Request.
  Time since last request: 0.000074 seconds.
  path: Assets/Assets _ Expence/nappin/OfficeEssentialsPack/Models/(Msh)Sofa1.fbx
  artifactKey: Guid(af89969e4b133be47a7d01164a5610eb) Importer(2089858483,192608db42251d675da83286b1cce702)
Start importing Assets/Assets _ Expence/nappin/OfficeEssentialsPack/Models/(Msh)Sofa1.fbx using Guid(af89969e4b133be47a7d01164a5610eb) Importer(2089858483,192608db42251d675da83286b1cce702) (ScriptedImporter) -> (artifact id: 'c99c6dce8624f276fe276cad615c96f7') in 0.034886 seconds
Number of updated asset objects reloaded before import = 0Number of asset objects unloaded after import = 9

========================================================================
Received Import Request.
  Time since last request: 0.000032 seconds.
  path: Assets/ALP_Assets
  artifactKey: Guid(715add10a0f680345a82c55d4ca96ea7) Importer(2089858483,192608db42251d675da83286b1cce702)
Start importing Assets/ALP_Assets using Guid(715add10a0f680345a82c55d4ca96ea7) Importer(2089858483,192608db42251d675da83286b1cce702) (ScriptedImporter) -> (artifact id: '73eeab86c2aa850746d8ff348d1fc819') in 0.0155136 seconds
Number of updated asset objects reloaded before import = 0Number of asset objects unloaded after import = 1

========================================================================
Received Import Request.
  Time since last request: 0.000027 seconds.
  path: Assets/Assets _ Expence/asset_store/key_lock/prefab/prf_lock_01.prefab
  artifactKey: Guid(91a46a5cdc726674ab4f2697c5b2c805) Importer(2089858483,192608db42251d675da83286b1cce702)
Start importing Assets/Assets _ Expence/asset_store/key_lock/prefab/prf_lock_01.prefab using Guid(91a46a5cdc726674ab4f2697c5b2c805) Importer(2089858483,192608db42251d675da83286b1cce702) (ScriptedImporter) -> (artifact id: '55af7063c4bed4cf1835fd4d8de64d0c') in 0.015291 seconds
Number of updated asset objects reloaded before import = 0Number of asset objects unloaded after import = 19

========================================================================
Received Import Request.
  Time since last request: 0.000021 seconds.
  path: Assets/Часы/23/textures/chasi_final_Default_OBJ.001_Roughness.png
  artifactKey: Guid(d043eb510c5a5f94c8f5197204975fe5) Importer(2089858483,192608db42251d675da83286b1cce702)
Start importing Assets/Часы/23/textures/chasi_final_Default_OBJ.001_Roughness.png using Guid(d043eb510c5a5f94c8f5197204975fe5) Importer(2089858483,192608db42251d675da83286b1cce702) (ScriptedImporter) -> (artifact id: 'dd6901ab11a25a4fb58792a74dd12589') in 0.064955 seconds
Number of updated asset objects reloaded before import = 0Number of asset objects unloaded after import = 1

========================================================================
Received Import Request.
  Time since last request: 0.000036 seconds.
  path: Assets/Assets _ Expence/Brick Project Studio/Apartment Kit/_Prefabs/Props/Lighting/Lamp_Floor_Apt_01.prefab
  artifactKey: Guid(f6ca7404a452630478d018783d88c0c6) Importer(2089858483,192608db42251d675da83286b1cce702)
Start importing Assets/Assets _ Expence/Brick Project Studio/Apartment Kit/_Prefabs/Props/Lighting/Lamp_Floor_Apt_01.prefab using Guid(f6ca7404a452630478d018783d88c0c6) Importer(2089858483,192608db42251d675da83286b1cce702) (ScriptedImporter) -> (artifact id: 'b7a74ede66efb144526e081180f782ae') in 0.0260057 seconds
Number of updated asset objects reloaded before import = 0Number of asset objects unloaded after import = 13

========================================================================
Received Import Request.
  Time since last request: 0.000062 seconds.
  path: Assets/Assets _ Expence/3Dfrk/Frames with pictures/Materials/Paint_07.mat
  artifactKey: Guid(16d2ba111daa1cf428f882d0a2afcb1f) Importer(2089858483,192608db42251d675da83286b1cce702)
Start importing Assets/Assets _ Expence/3Dfrk/Frames with pictures/Materials/Paint_07.mat using Guid(16d2ba111daa1cf428f882d0a2afcb1f) Importer(2089858483,192608db42251d675da83286b1cce702) (ScriptedImporter) -> (artifact id: '8dac0cda9a7aac3b84d0e439a0f1fae8') in 0.0148417 seconds
Number of updated asset objects reloaded before import = 0Number of asset objects unloaded after import = 2

========================================================================
Received Import Request.
  Time since last request: 0.000018 seconds.
  path: Assets/Assets _ Expence/HDRPFurniturePack/Taper_Candle_Holders/Models
  artifactKey: Guid(f789310954b50fa4a8cb7e741938e7cb) Importer(2089858483,192608db42251d675da83286b1cce702)
Start importing Assets/Assets _ Expence/HDRPFurniturePack/Taper_Candle_Holders/Models using Guid(f789310954b50fa4a8cb7e741938e7cb) Importer(2089858483,192608db42251d675da83286b1cce702) (ScriptedImporter) -> (artifact id: '98ec7f747444b6b1f033ebee2424d0b2') in 0.0138381 seconds
Number of updated asset objects reloaded before import = 0Number of asset objects unloaded after import = 1

========================================================================
Received Import Request.
  Time since last request: 0.000016 seconds.
  path: Assets/Assets _ Expence/asset_store/key_lock/scene/key_lock_demo.unity
  artifactKey: Guid(857131e35c778f04991128f5112b4453) Importer(2089858483,192608db42251d675da83286b1cce702)
Start importing Assets/Assets _ Expence/asset_store/key_lock/scene/key_lock_demo.unity using Guid(857131e35c778f04991128f5112b4453) Importer(2089858483,192608db42251d675da83286b1cce702) (ScriptedImporter) -> (artifact id: 'ec362f4f3bd76d5285d8f03851627e7b') in 0.0341314 seconds
Number of updated asset objects reloaded before import = 0Number of asset objects unloaded after import = 1

========================================================================
Received Import Request.
  Time since last request: 0.000026 seconds.
  path: Assets/Assets _ Expence/Забор/color_0.317647-0.317647-0.317647.jpg
  artifactKey: Guid(827e744a4c772314a9847ef99e76a70a) Importer(2089858483,192608db42251d675da83286b1cce702)
Start importing Assets/Assets _ Expence/Забор/color_0.317647-0.317647-0.317647.jpg using Guid(827e744a4c772314a9847ef99e76a70a) Importer(2089858483,192608db42251d675da83286b1cce702) (ScriptedImporter) -> (artifact id: 'cbba72fef5b6b5e80572d4c4ffcfdc30') in 0.0363547 seconds
Number of updated asset objects reloaded before import = 0Number of asset objects unloaded after import = 1

========================================================================
Received Import Request.
  Time since last request: 0.000019 seconds.
  path: Assets/HDRPFurniturePack/Artek/Stool 60 Artek/Models/Stool_60_Artek.fbx
  artifactKey: Guid(dc607baf0be9c9c4784d355799badbab) Importer(2089858483,192608db42251d675da83286b1cce702)
Start importing Assets/HDRPFurniturePack/Artek/Stool 60 Artek/Models/Stool_60_Artek.fbx using Guid(dc607baf0be9c9c4784d355799badbab) Importer(2089858483,192608db42251d675da83286b1cce702) (ScriptedImporter) -> (artifact id: 'd12eb984d71f02e4c5137086558b03b7') in 0.0353807 seconds
Number of updated asset objects reloaded before import = 0Number of asset objects unloaded after import = 7

========================================================================
Received Import Request.
  Time since last request: 0.000038 seconds.
  path: Assets/Assets _ Expence/ExtrudeMeshAlongBezierTool/Examples/Materials/Materials
  artifactKey: Guid(825fca554d80d4b4c912462ee3a248d9) Importer(2089858483,192608db42251d675da83286b1cce702)
Start importing Assets/Assets _ Expence/ExtrudeMeshAlongBezierTool/Examples/Materials/Materials using Guid(825fca554d80d4b4c912462ee3a248d9) Importer(2089858483,192608db42251d675da83286b1cce702) (ScriptedImporter) -> (artifact id: '10d2872edbb5cebbca395d0822693a77') in 0.0139349 seconds
Number of updated asset objects reloaded before import = 0Number of asset objects unloaded after import = 1

========================================================================
Received Import Request.
  Time since last request: 0.000021 seconds.
  path: Assets/Assets _ Expence/Дом/tdum01z.jpg
  artifactKey: Guid(c57bf4e2b3f934a44a67c8e64f6f5f0e) Importer(2089858483,192608db42251d675da83286b1cce702)
Start importing Assets/Assets _ Expence/Дом/tdum01z.jpg using Guid(c57bf4e2b3f934a44a67c8e64f6f5f0e) Importer(2089858483,192608db42251d675da83286b1cce702) (ScriptedImporter) -> (artifact id: '2400ee4a70714452b1281d1018e7ead8') in 0.0346666 seconds
Number of updated asset objects reloaded before import = 0Number of asset objects unloaded after import = 1

========================================================================
Received Import Request.
  Time since last request: 0.000022 seconds.
  path: Assets/Assets _ Expence/DEMO/Standard Assets/Effects/ImageEffects/Shaders/_DepthOfField/TiltShiftHdrLensBlur.shader
  artifactKey: Guid(290fd2f964578df4882f19e95c57306c) Importer(2089858483,192608db42251d675da83286b1cce702)
Start importing Assets/Assets _ Expence/DEMO/Standard Assets/Effects/ImageEffects/Shaders/_DepthOfField/TiltShiftHdrLensBlur.shader using Guid(290fd2f964578df4882f19e95c57306c) Importer(2089858483,192608db42251d675da83286b1cce702) (ScriptedImporter) -> (artifact id: 'b99add8ff1b7b65216816419dda2b5c0') in 0.0188181 seconds
Number of updated asset objects reloaded before import = 0Number of asset objects unloaded after import = 1

========================================================================
Received Import Request.
  Time since last request: 0.000019 seconds.
  path: Assets/Assets _ Expence/NextGen Furniture Pack/Models/chair_5.FBX
  artifactKey: Guid(1d2b875a88981da48b4017469876bd8c) Importer(2089858483,192608db42251d675da83286b1cce702)
Start importing Assets/Assets _ Expence/NextGen Furniture Pack/Models/chair_5.FBX using Guid(1d2b875a88981da48b4017469876bd8c) Importer(2089858483,192608db42251d675da83286b1cce702) (ScriptedImporter) -> (artifact id: 'b1bb0cc988e8a6290d56bf84b448c5e0') in 0.034506 seconds
Number of updated asset objects reloaded before import = 0Number of asset objects unloaded after import = 7

========================================================================
Received Import Request.
  Time since last request: 0.000022 seconds.
  path: Assets/Assets _ Expence/Часы/9/model.g3d
  artifactKey: Guid(b7426e1b5073a694982b571192383cad) Importer(2089858483,192608db42251d675da83286b1cce702)
Start importing Assets/Assets _ Expence/Часы/9/model.g3d using Guid(b7426e1b5073a694982b571192383cad) Importer(2089858483,192608db42251d675da83286b1cce702) (ScriptedImporter) -> (artifact id: '4fa73db4580f7bfb7b158c84e3883e68') in 0.0215244 seconds
Number of updated asset objects reloaded before import = 0Number of asset objects unloaded after import = 1

========================================================================
Received Import Request.
  Time since last request: 0.000028 seconds.
  path: Assets/Assets _ Expence/SpaceZeta_StreetLamps/Base Meshes/StreetLamp2_Tall.fbx
  artifactKey: Guid(bc19114fc588b584cb22bc59ebbc1c59) Importer(2089858483,192608db42251d675da83286b1cce702)
Start importing Assets/Assets _ Expence/SpaceZeta_StreetLamps/Base Meshes/StreetLamp2_Tall.fbx using Guid(bc19114fc588b584cb22bc59ebbc1c59) Importer(2089858483,192608db42251d675da83286b1cce702) (ScriptedImporter) -> (artifact id: 'ae3459eb27acbac0599b52cb4996d6b3') in 0.0399409 seconds
Number of updated asset objects reloaded before import = 0Number of asset objects unloaded after import = 7

========================================================================
Received Import Request.
  Time since last request: 0.000020 seconds.
  path: Assets/Часы/20/Materials/Clock_Tex.mat
  artifactKey: Guid(1a44c74616933624598e612f2b813306) Importer(2089858483,192608db42251d675da83286b1cce702)
Start importing Assets/Часы/20/Materials/Clock_Tex.mat using Guid(1a44c74616933624598e612f2b813306) Importer(2089858483,192608db42251d675da83286b1cce702) (ScriptedImporter) -> (artifact id: '509834e1dc53e38150d230bade096317') in 0.020267 seconds
Number of updated asset objects reloaded before import = 0Number of asset objects unloaded after import = 2

========================================================================
Received Import Request.
  Time since last request: 0.000027 seconds.
  path: Assets/Assets _ Expence/Brick Project Studio/Apartment Kit/_Prefabs/Furniture/Living Room
  artifactKey: Guid(d99eb6a581131714dbc12c91e1585f99) Importer(2089858483,192608db42251d675da83286b1cce702)
Start importing Assets/Assets _ Expence/Brick Project Studio/Apartment Kit/_Prefabs/Furniture/Living Room using Guid(d99eb6a581131714dbc12c91e1585f99) Importer(2089858483,192608db42251d675da83286b1cce702) (ScriptedImporter) -> (artifact id: 'f0840fb0e74a2436ff95d35d34dcf956') in 0.0142524 seconds
Number of updated asset objects reloaded before import = 0Number of asset objects unloaded after import = 1

========================================================================
Received Import Request.
  Time since last request: 0.000028 seconds.
  path: Assets/Assets _ Expence/HighQualityBricks&Walls/Shaders/wall-617961.shader
  artifactKey: Guid(d67da26e4dc6f634c9d9c9284c19c8c8) Importer(2089858483,192608db42251d675da83286b1cce702)
Start importing Assets/Assets _ Expence/HighQualityBricks&Walls/Shaders/wall-617961.shader using Guid(d67da26e4dc6f634c9d9c9284c19c8c8) Importer(2089858483,192608db42251d675da83286b1cce702) (ScriptedImporter) -> (artifact id: 'd774fa90e0aa5dac54fa74a6f6b69885') in 0.0172883 seconds
Number of updated asset objects reloaded before import = 0Number of asset objects unloaded after import = 1

========================================================================
Received Import Request.
  Time since last request: 0.000029 seconds.
  path: Assets/Assets _ Expence/asset_store/key_lock/prefab/prf_v_key_03.prefab
  artifactKey: Guid(71373861aaefb52439f6be538edf2293) Importer(2089858483,192608db42251d675da83286b1cce702)
Start importing Assets/Assets _ Expence/asset_store/key_lock/prefab/prf_v_key_03.prefab using Guid(71373861aaefb52439f6be538edf2293) Importer(2089858483,192608db42251d675da83286b1cce702) (ScriptedImporter) -> (artifact id: '3182ed0191f58bd02712f72111e55a9b') in 0.0186934 seconds
Number of updated asset objects reloaded before import = 0Number of asset objects unloaded after import = 17

========================================================================
Received Import Request.
  Time since last request: 0.000057 seconds.
  path: Assets/Assets _ Expence/Brick Project Studio/Apartment Kit/_Prefabs/Props/Kitchen/Bowl_Apt_01.prefab
  artifactKey: Guid(ac2f912fda6ff994791bf689409c34ee) Importer(2089858483,192608db42251d675da83286b1cce702)
Start importing Assets/Assets _ Expence/Brick Project Studio/Apartment Kit/_Prefabs/Props/Kitchen/Bowl_Apt_01.prefab using Guid(ac2f912fda6ff994791bf689409c34ee) Importer(2089858483,192608db42251d675da83286b1cce702) (ScriptedImporter) -> (artifact id: 'ad3464e942e9a9e5645e35e21e74e920') in 0.026239 seconds
Number of updated asset objects reloaded before import = 0Number of asset objects unloaded after import = 8

========================================================================
Received Import Request.
  Time since last request: 0.000022 seconds.
  path: Assets/Assets _ Expence/Brick Project Studio/Apartment Kit/_Prefabs/Furniture/Kitchen/Cabinets/Cabinet_Wall_DD_01.prefab
  artifactKey: Guid(185dbdce866cb074a80c98c6eeb71549) Importer(2089858483,192608db42251d675da83286b1cce702)
Start importing Assets/Assets _ Expence/Brick Project Studio/Apartment Kit/_Prefabs/Furniture/Kitchen/Cabinets/Cabinet_Wall_DD_01.prefab using Guid(185dbdce866cb074a80c98c6eeb71549) Importer(2089858483,192608db42251d675da83286b1cce702) (ScriptedImporter) -> (artifact id: '1656d27d24294db01d4511b98f195aa4') in 0.0259745 seconds
Number of updated asset objects reloaded before import = 0Number of asset objects unloaded after import = 29

========================================================================
Received Import Request.
  Time since last request: 0.000020 seconds.
  path: Assets/Brick Project Studio/Apartment Kit/Common
  artifactKey: Guid(7ceb9b3a2d0b09f458c038742f8cbd9e) Importer(2089858483,192608db42251d675da83286b1cce702)
Start importing Assets/Brick Project Studio/Apartment Kit/Common using Guid(7ceb9b3a2d0b09f458c038742f8cbd9e) Importer(2089858483,192608db42251d675da83286b1cce702) (ScriptedImporter) -> (artifact id: 'e97be0a20895c501d8418a7baac288fe') in 0.012812 seconds
Number of updated asset objects reloaded before import = 0Number of asset objects unloaded after import = 1

========================================================================
Received Import Request.
  Time since last request: 0.000022 seconds.
  path: Assets/Assets _ Expence/Phoenix3D
  artifactKey: Guid(ffab16561e7aeed44bbb2d83ae9fdd1d) Importer(2089858483,192608db42251d675da83286b1cce702)
Start importing Assets/Assets _ Expence/Phoenix3D using Guid(ffab16561e7aeed44bbb2d83ae9fdd1d) Importer(2089858483,192608db42251d675da83286b1cce702) (ScriptedImporter) -> (artifact id: '2dde2d8ac5cd1d764b81e5420185da6e') in 0.0141671 seconds
Number of updated asset objects reloaded before import = 0Number of asset objects unloaded after import = 1

========================================================================
Received Import Request.
  Time since last request: 0.000023 seconds.
  path: Assets/Assets _ Expence/3Dfrk/Frames with pictures/Prefabs/Paint_10.prefab
  artifactKey: Guid(c3a2045a29dd48041adeecd2c35292a4) Importer(2089858483,192608db42251d675da83286b1cce702)
Start importing Assets/Assets _ Expence/3Dfrk/Frames with pictures/Prefabs/Paint_10.prefab using Guid(c3a2045a29dd48041adeecd2c35292a4) Importer(2089858483,192608db42251d675da83286b1cce702) (ScriptedImporter) -> (artifact id: '666239264fa28f5cb60d2723f712eb6d') in 0.0246173 seconds
Number of updated asset objects reloaded before import = 0Number of asset objects unloaded after import = 9

========================================================================
Received Import Request.
  Time since last request: 0.000045 seconds.
  path: Assets/Assets _ Expence/50 Fabric Materials_VOL01/Materials/T_HS_fabric_50_AlbedoTransparency 18.mat
  artifactKey: Guid(1017f1f5162acba4698df486346bac5c) Importer(2089858483,192608db42251d675da83286b1cce702)
Start importing Assets/Assets _ Expence/50 Fabric Materials_VOL01/Materials/T_HS_fabric_50_AlbedoTransparency 18.mat using Guid(1017f1f5162acba4698df486346bac5c) Importer(2089858483,192608db42251d675da83286b1cce702) (ScriptedImporter) -> (artifact id: '8b8684a0d6ae57e0018e23a6064d4599') in 0.0222086 seconds
Number of updated asset objects reloaded before import = 0Number of asset objects unloaded after import = 2

========================================================================
Received Import Request.
  Time since last request: 0.000031 seconds.
  path: Assets/Assets _ Expence/nappin/OfficeEssentialsPack/Models/(Msh)BookPile4.fbx
  artifactKey: Guid(05a88f6465096a54290fd4068f3e0d03) Importer(2089858483,192608db42251d675da83286b1cce702)
Start importing Assets/Assets _ Expence/nappin/OfficeEssentialsPack/Models/(Msh)BookPile4.fbx using Guid(05a88f6465096a54290fd4068f3e0d03) Importer(2089858483,192608db42251d675da83286b1cce702) (ScriptedImporter) -> (artifact id: '5aea03b2c22220d21a7a79c053f2a547') in 0.0508653 seconds
Number of updated asset objects reloaded before import = 0Number of asset objects unloaded after import = 51

========================================================================
Received Import Request.
  Time since last request: 0.000026 seconds.
  path: Assets/Assets _ Expence/3Dfrk/Frames with pictures/Materials/Paint_09.mat
  artifactKey: Guid(a3e2005025024f846af44c224629fc16) Importer(2089858483,192608db42251d675da83286b1cce702)
Start importing Assets/Assets _ Expence/3Dfrk/Frames with pictures/Materials/Paint_09.mat using Guid(a3e2005025024f846af44c224629fc16) Importer(2089858483,192608db42251d675da83286b1cce702) (ScriptedImporter) -> (artifact id: '260e64669fbf6e1027ecaad96df3899d') in 0.0183179 seconds
Number of updated asset objects reloaded before import = 0Number of asset objects unloaded after import = 2

========================================================================
Received Import Request.
  Time since last request: 0.000023 seconds.
  path: Assets/Assets _ Expence/HDRPFurniturePack/Artek/Coffee_Table_90D_Artek/Models/Coffee_Table_90D_Artek.fbx
  artifactKey: Guid(111adc278c358c0488add463356dceb5) Importer(2089858483,192608db42251d675da83286b1cce702)
Start importing Assets/Assets _ Expence/HDRPFurniturePack/Artek/Coffee_Table_90D_Artek/Models/Coffee_Table_90D_Artek.fbx using Guid(111adc278c358c0488add463356dceb5) Importer(2089858483,192608db42251d675da83286b1cce702) (ScriptedImporter) -> (artifact id: '10afe8953291407832c9e269ac65d6bc') in 0.04181 seconds
Number of updated asset objects reloaded before import = 0Number of asset objects unloaded after import = 14

========================================================================
Received Import Request.
  Time since last request: 0.000038 seconds.
  path: Assets/Assets _ Expence/nappin/OfficeEssentialsPack/Textures/(Txt)GradientBlack.png
  artifactKey: Guid(a2d32338ba5ab744583abd831c95323b) Importer(2089858483,192608db42251d675da83286b1cce702)
Start importing Assets/Assets _ Expence/nappin/OfficeEssentialsPack/Textures/(Txt)GradientBlack.png using Guid(a2d32338ba5ab744583abd831c95323b) Importer(2089858483,192608db42251d675da83286b1cce702) (ScriptedImporter) -> (artifact id: '7999c50824c49d2c680b7f1548a790f7') in 0.0347502 seconds
Number of updated asset objects reloaded before import = 0Number of asset objects unloaded after import = 1

========================================================================
Received Import Request.
  Time since last request: 0.000021 seconds.
  path: Assets/Assets _ Expence/HDRPFurniturePack/Decorative_Throw_Pillows/Models/Decorative_Throw_Pillow.fbx
  artifactKey: Guid(c88067283dc583243aa7759a4d72a741) Importer(2089858483,192608db42251d675da83286b1cce702)
Start importing Assets/Assets _ Expence/HDRPFurniturePack/Decorative_Throw_Pillows/Models/Decorative_Throw_Pillow.fbx using Guid(c88067283dc583243aa7759a4d72a741) Importer(2089858483,192608db42251d675da83286b1cce702) (ScriptedImporter) -> (artifact id: 'a6cba407b48d999f63a0147d0ae140a6') in 0.0434266 seconds
Number of updated asset objects reloaded before import = 0Number of asset objects unloaded after import = 7

========================================================================
Received Import Request.
  Time since last request: 0.000028 seconds.
  path: Assets/Assets _ Expence/DEMO/Standard Assets/Effects/ImageEffects/Shaders/_Antialiasing/SSAA.shader
  artifactKey: Guid(d703cd871b66efc44b51de99f3028adf) Importer(2089858483,192608db42251d675da83286b1cce702)
Start importing Assets/Assets _ Expence/DEMO/Standard Assets/Effects/ImageEffects/Shaders/_Antialiasing/SSAA.shader using Guid(d703cd871b66efc44b51de99f3028adf) Importer(2089858483,192608db42251d675da83286b1cce702) (ScriptedImporter) -> (artifact id: 'b457b0fea5908097233188afbcae7bf8') in 0.0184387 seconds
Number of updated asset objects reloaded before import = 0Number of asset objects unloaded after import = 1

========================================================================
Received Import Request.
  Time since last request: 0.000029 seconds.
  path: Assets/Часы/25/source/antiquePhone_low_DefaultMaterial_Normal.png
  artifactKey: Guid(b31a1190ba0650d4caf93e6abbbda285) Importer(2089858483,192608db42251d675da83286b1cce702)
Start importing Assets/Часы/25/source/antiquePhone_low_DefaultMaterial_Normal.png using Guid(b31a1190ba0650d4caf93e6abbbda285) Importer(2089858483,192608db42251d675da83286b1cce702) (ScriptedImporter) -> (artifact id: '92e45edb54f43c9b79dacc39b21bfc8a') in 0.0705322 seconds
Number of updated asset objects reloaded before import = 0Number of asset objects unloaded after import = 1

========================================================================
Received Import Request.
  Time since last request: 0.000029 seconds.
  path: Assets/Assets _ Expence/nappin/OfficeEssentialsPack/Models/(Msh)OfficeChair.fbx
  artifactKey: Guid(b973b0324c1b2504d8b40e6b5d193181) Importer(2089858483,192608db42251d675da83286b1cce702)
Start importing Assets/Assets _ Expence/nappin/OfficeEssentialsPack/Models/(Msh)OfficeChair.fbx using Guid(b973b0324c1b2504d8b40e6b5d193181) Importer(2089858483,192608db42251d675da83286b1cce702) (ScriptedImporter) -> (artifact id: '311269a4aa3a91181a8455ca04ce2781') in 0.0341265 seconds
Number of updated asset objects reloaded before import = 0Number of asset objects unloaded after import = 9

========================================================================
Received Import Request.
  Time since last request: 0.000027 seconds.
  path: Assets/Assets _ Expence/NextGen Furniture Pack/Models/commode_1.FBX
  artifactKey: Guid(3e01e8a2a59523f42882812637cf383c) Importer(2089858483,192608db42251d675da83286b1cce702)
Start importing Assets/Assets _ Expence/NextGen Furniture Pack/Models/commode_1.FBX using Guid(3e01e8a2a59523f42882812637cf383c) Importer(2089858483,192608db42251d675da83286b1cce702) (ScriptedImporter) -> (artifact id: 'f25a062f1c65fdbb4dcb3166a034fd96') in 0.0383184 seconds
Number of updated asset objects reloaded before import = 0Number of asset objects unloaded after import = 7

========================================================================
Received Import Request.
  Time since last request: 0.000023 seconds.
  path: Assets/Часы/22
  artifactKey: Guid(b54654be08d0db94aa0d9721c4829300) Importer(2089858483,192608db42251d675da83286b1cce702)
Start importing Assets/Часы/22 using Guid(b54654be08d0db94aa0d9721c4829300) Importer(2089858483,192608db42251d675da83286b1cce702) (ScriptedImporter) -> (artifact id: 'fa258631dc75ba32e349857d97a6ef4f') in 0.0147212 seconds
Number of updated asset objects reloaded before import = 0Number of asset objects unloaded after import = 1

========================================================================
Received Import Request.
  Time since last request: 0.000024 seconds.
  path: Assets/Assets _ Expence/Brick Project Studio/Apartment Kit/_Prefabs/Props/Lighting/Lamp_Wall_Apt_01.prefab
  artifactKey: Guid(37ff1703972f86a4a992c59c198dfc0d) Importer(2089858483,192608db42251d675da83286b1cce702)
Start importing Assets/Assets _ Expence/Brick Project Studio/Apartment Kit/_Prefabs/Props/Lighting/Lamp_Wall_Apt_01.prefab using Guid(37ff1703972f86a4a992c59c198dfc0d) Importer(2089858483,192608db42251d675da83286b1cce702) (ScriptedImporter) -> (artifact id: 'f937dc9778f348b0b432a0d5565ad033') in 0.0236153 seconds
Number of updated asset objects reloaded before import = 0Number of asset objects unloaded after import = 10

========================================================================
Received Import Request.
  Time since last request: 0.000033 seconds.
  path: Assets/Assets _ Expence/Brick Project Studio/Apartment Kit/_Prefabs/Furniture/Kitchen/Cabinets/Cabinet_Wall_DD_03.prefab
  artifactKey: Guid(cdf0e39c2ff8d3843ad8d4892cb61dfc) Importer(2089858483,192608db42251d675da83286b1cce702)
Start importing Assets/Assets _ Expence/Brick Project Studio/Apartment Kit/_Prefabs/Furniture/Kitchen/Cabinets/Cabinet_Wall_DD_03.prefab using Guid(cdf0e39c2ff8d3843ad8d4892cb61dfc) Importer(2089858483,192608db42251d675da83286b1cce702) (ScriptedImporter) -> (artifact id: 'b515d72f6cb138d1a15e8cc4e558b88d') in 0.0266085 seconds
Number of updated asset objects reloaded before import = 0Number of asset objects unloaded after import = 23

========================================================================
Received Import Request.
  Time since last request: 0.000020 seconds.
  path: Assets/Assets _ Expence/SourceFiles/Textures/Repeating Tiles/Tile_Grass_normal.png
  artifactKey: Guid(90ee85288763ba54e964b7a8037614a6) Importer(2089858483,192608db42251d675da83286b1cce702)
Start importing Assets/Assets _ Expence/SourceFiles/Textures/Repeating Tiles/Tile_Grass_normal.png using Guid(90ee85288763ba54e964b7a8037614a6) Importer(2089858483,192608db42251d675da83286b1cce702) (ScriptedImporter) -> (artifact id: 'b80f8af2aba0945e249143418ff5d9ad') in 0.036346 seconds
Number of updated asset objects reloaded before import = 0Number of asset objects unloaded after import = 1

========================================================================
Received Import Request.
  Time since last request: 0.000028 seconds.
  path: Assets/Assets _ Expence/JJ_InteriorDoorPack_V1/Meshes/intDoor_metalFrame.fbx
  artifactKey: Guid(89d6333beacd4f742a54f7440e2e2d7f) Importer(2089858483,192608db42251d675da83286b1cce702)
Start importing Assets/Assets _ Expence/JJ_InteriorDoorPack_V1/Meshes/intDoor_metalFrame.fbx using Guid(89d6333beacd4f742a54f7440e2e2d7f) Importer(2089858483,192608db42251d675da83286b1cce702) (ScriptedImporter) -> (artifact id: '0ccc09ff725a2b935fe4b6ce7509fffb') in 0.0368457 seconds
Number of updated asset objects reloaded before import = 0Number of asset objects unloaded after import = 8

========================================================================
Received Import Request.
  Time since last request: 0.000037 seconds.
  path: Assets/Assets _ Expence/Mugs, Bowls and Plates/Models/bowl01.fbx
  artifactKey: Guid(a72f878e2bf1d0c48a7001356dba2622) Importer(2089858483,192608db42251d675da83286b1cce702)
Start importing Assets/Assets _ Expence/Mugs, Bowls and Plates/Models/bowl01.fbx using Guid(a72f878e2bf1d0c48a7001356dba2622) Importer(2089858483,192608db42251d675da83286b1cce702) (ScriptedImporter) -> (artifact id: 'b198e0504f1f790a0299a350f242129d') in 0.037978 seconds
Number of updated asset objects reloaded before import = 0Number of asset objects unloaded after import = 7

========================================================================
Received Import Request.
  Time since last request: 0.000032 seconds.
  path: Assets/Assets _ Expence/50 Fabric Materials_VOL01/Textures
  artifactKey: Guid(7cb4743580a4b834aa0453866ea038c8) Importer(2089858483,192608db42251d675da83286b1cce702)
Start importing Assets/Assets _ Expence/50 Fabric Materials_VOL01/Textures using Guid(7cb4743580a4b834aa0453866ea038c8) Importer(2089858483,192608db42251d675da83286b1cce702) (ScriptedImporter) -> (artifact id: 'ffeafaf9ac9de2e89f2513b268edc0d8') in 0.0159386 seconds
Number of updated asset objects reloaded before import = 0Number of asset objects unloaded after import = 1

========================================================================
Received Import Request.
  Time since last request: 0.000021 seconds.
  path: Assets/Assets _ Expence/4K Tiled Ground Textures p2/Scenes
  artifactKey: Guid(962eff46bc22bd04fb142fd4903ae633) Importer(2089858483,192608db42251d675da83286b1cce702)
Start importing Assets/Assets _ Expence/4K Tiled Ground Textures p2/Scenes using Guid(962eff46bc22bd04fb142fd4903ae633) Importer(2089858483,192608db42251d675da83286b1cce702) (ScriptedImporter) -> (artifact id: '4fbde896f6a435397f92d38fe09e509d') in 0.0141618 seconds
Number of updated asset objects reloaded before import = 0Number of asset objects unloaded after import = 1

========================================================================
Received Import Request.
  Time since last request: 0.000022 seconds.
  path: Assets/Assets _ Expence/Brick Project Studio/Apartment Kit/_Prefabs/Props/Kitchen/Plate_Apt_02_Stacked.prefab
  artifactKey: Guid(ffa4f49091d11cf4b88186581ee357c0) Importer(2089858483,192608db42251d675da83286b1cce702)
Start importing Assets/Assets _ Expence/Brick Project Studio/Apartment Kit/_Prefabs/Props/Kitchen/Plate_Apt_02_Stacked.prefab using Guid(ffa4f49091d11cf4b88186581ee357c0) Importer(2089858483,192608db42251d675da83286b1cce702) (ScriptedImporter) -> (artifact id: '140c5fdc51a8adbc94d30e9fca4db37e') in 0.0273758 seconds
Number of updated asset objects reloaded before import = 0Number of asset objects unloaded after import = 8

========================================================================
Received Import Request.
  Time since last request: 0.000028 seconds.
  path: Assets/Assets _ Expence/3Dfrk/Frames with pictures/Prefabs/Paint_07.prefab
  artifactKey: Guid(31ca2079a22e1f24a8ffe907373a25c2) Importer(2089858483,192608db42251d675da83286b1cce702)
Start importing Assets/Assets _ Expence/3Dfrk/Frames with pictures/Prefabs/Paint_07.prefab using Guid(31ca2079a22e1f24a8ffe907373a25c2) Importer(2089858483,192608db42251d675da83286b1cce702) (ScriptedImporter) -> (artifact id: 'a3a8f9d9a6931c5e5ba65061d90b2638') in 0.0317239 seconds
Number of updated asset objects reloaded before import = 0Number of asset objects unloaded after import = 9

========================================================================
Received Import Request.
  Time since last request: 0.000023 seconds.
  path: Assets/Assets _ Expence/SourceFiles/Textures/Skyboxes/SkySunSet.png
  artifactKey: Guid(eae6b007b7c04ce489aa1d7860eaeee8) Importer(2089858483,192608db42251d675da83286b1cce702)
Start importing Assets/Assets _ Expence/SourceFiles/Textures/Skyboxes/SkySunSet.png using Guid(eae6b007b7c04ce489aa1d7860eaeee8) Importer(2089858483,192608db42251d675da83286b1cce702) (ScriptedImporter) -> (artifact id: '9d3a424b2e697ad76a2b741c702ae811') in 0.0442174 seconds
Number of updated asset objects reloaded before import = 0Number of asset objects unloaded after import = 1

========================================================================
Received Import Request.
  Time since last request: 0.000029 seconds.
  path: Assets/Assets _ Expence/NextGen Furniture Pack/Models/chair_3.FBX
  artifactKey: Guid(c56f3cec0e3801448a4285a787313771) Importer(2089858483,192608db42251d675da83286b1cce702)
Start importing Assets/Assets _ Expence/NextGen Furniture Pack/Models/chair_3.FBX using Guid(c56f3cec0e3801448a4285a787313771) Importer(2089858483,192608db42251d675da83286b1cce702) (ScriptedImporter) -> (artifact id: '0cbbcecf20208d1011522bf93a861d7e') in 0.0387749 seconds
Number of updated asset objects reloaded before import = 0Number of asset objects unloaded after import = 7

========================================================================
Received Import Request.
  Time since last request: 0.000022 seconds.
  path: Assets/Assets _ Expence/DEMO
  artifactKey: Guid(f1c8b1d076ed7f0498f2d3140f3f3ed0) Importer(2089858483,192608db42251d675da83286b1cce702)
Start importing Assets/Assets _ Expence/DEMO using Guid(f1c8b1d076ed7f0498f2d3140f3f3ed0) Importer(2089858483,192608db42251d675da83286b1cce702) (ScriptedImporter) -> (artifact id: 'ce934704b328b34b3678dbdbdaea7ef8') in 0.0162607 seconds
Number of updated asset objects reloaded before import = 0Number of asset objects unloaded after import = 1

========================================================================
Received Import Request.
  Time since last request: 0.000025 seconds.
  path: Assets/Assets _ Expence/Pegasus Studios/Elegant Interior Decor 3D Models Pack/Resources/Textures/Door
  artifactKey: Guid(eeaab0e14b1bb7e48b634f5c98b5d99b) Importer(2089858483,192608db42251d675da83286b1cce702)
Start importing Assets/Assets _ Expence/Pegasus Studios/Elegant Interior Decor 3D Models Pack/Resources/Textures/Door using Guid(eeaab0e14b1bb7e48b634f5c98b5d99b) Importer(2089858483,192608db42251d675da83286b1cce702) (ScriptedImporter) -> (artifact id: 'ad5f52d784a9efb611a1f1a7ed4edfb2') in 0.0138865 seconds
Number of updated asset objects reloaded before import = 0Number of asset objects unloaded after import = 1

========================================================================
Received Import Request.
  Time since last request: 0.000027 seconds.
  path: Assets/Assets _ Expence/Часики/1/model.mtl
  artifactKey: Guid(6be9270caabafb14aa38a36ac0f0c382) Importer(2089858483,192608db42251d675da83286b1cce702)
Start importing Assets/Assets _ Expence/Часики/1/model.mtl using Guid(6be9270caabafb14aa38a36ac0f0c382) Importer(2089858483,192608db42251d675da83286b1cce702) (ScriptedImporter) -> (artifact id: '71790a86159b84d7a54242fef2ca97d9') in 0.0133996 seconds
Number of updated asset objects reloaded before import = 0Number of asset objects unloaded after import = 1

========================================================================
Received Import Request.
  Time since last request: 0.000022 seconds.
  path: Assets/Assets _ Expence/nappin/OfficeEssentialsPack/Models/(Msh)DocumentHolder.fbx
  artifactKey: Guid(7e790fcb614743b48bac2b9e13529723) Importer(2089858483,192608db42251d675da83286b1cce702)
Start importing Assets/Assets _ Expence/nappin/OfficeEssentialsPack/Models/(Msh)DocumentHolder.fbx using Guid(7e790fcb614743b48bac2b9e13529723) Importer(2089858483,192608db42251d675da83286b1cce702) (ScriptedImporter) -> (artifact id: '172858740865949eb7cc96fdae4b9293') in 0.029716 seconds
Number of updated asset objects reloaded before import = 0Number of asset objects unloaded after import = 9

========================================================================
Received Import Request.
  Time since last request: 0.000033 seconds.
  path: Assets/Assets _ Expence/Mugs, Bowls and Plates/Models/mug03.fbx
  artifactKey: Guid(7c6a8639d799fca4dbc112f26f5ea913) Importer(2089858483,192608db42251d675da83286b1cce702)
Start importing Assets/Assets _ Expence/Mugs, Bowls and Plates/Models/mug03.fbx using Guid(7c6a8639d799fca4dbc112f26f5ea913) Importer(2089858483,192608db42251d675da83286b1cce702) (ScriptedImporter) -> (artifact id: '2d95fe398ea4fbd4ad6d16f1af4b84a2') in 0.0348705 seconds
Number of updated asset objects reloaded before import = 0Number of asset objects unloaded after import = 7

========================================================================
Received Import Request.
  Time since last request: 0.000031 seconds.
  path: Assets/Assets _ Expence/3Dfrk/Frames with pictures/Textures/Paint_10.png
  artifactKey: Guid(e4c76130814e47d45b39caaa4caf64e2) Importer(2089858483,192608db42251d675da83286b1cce702)
Start importing Assets/Assets _ Expence/3Dfrk/Frames with pictures/Textures/Paint_10.png using Guid(e4c76130814e47d45b39caaa4caf64e2) Importer(2089858483,192608db42251d675da83286b1cce702) (ScriptedImporter) -> (artifact id: '523c081fbff64c83168028da86506a55') in 0.0371938 seconds
Number of updated asset objects reloaded before import = 0Number of asset objects unloaded after import = 1

========================================================================
Received Import Request.
  Time since last request: 0.000021 seconds.
  path: Assets/Assets _ Expence/Brick Project Studio/_BPS Basic Assets/Common/Models
  artifactKey: Guid(dca940f201227e448ac7a4368e3dc161) Importer(2089858483,192608db42251d675da83286b1cce702)
Start importing Assets/Assets _ Expence/Brick Project Studio/_BPS Basic Assets/Common/Models using Guid(dca940f201227e448ac7a4368e3dc161) Importer(2089858483,192608db42251d675da83286b1cce702) (ScriptedImporter) -> (artifact id: '2887512f2cd69b539e0988e8d047f71b') in 0.0146387 seconds
Number of updated asset objects reloaded before import = 0Number of asset objects unloaded after import = 1

========================================================================
Received Import Request.
  Time since last request: 0.000024 seconds.
  path: Assets/Assets _ Expence/Pegasus Studios/Elegant Interior Decor 3D Models Pack/Resources/Models/Pillar Lamp.fbx
  artifactKey: Guid(e2581c4fdc54a074faa06290b252e176) Importer(2089858483,192608db42251d675da83286b1cce702)
Start importing Assets/Assets _ Expence/Pegasus Studios/Elegant Interior Decor 3D Models Pack/Resources/Models/Pillar Lamp.fbx using Guid(e2581c4fdc54a074faa06290b252e176) Importer(2089858483,192608db42251d675da83286b1cce702) (ScriptedImporter) -> (artifact id: 'cfd0a568b735beef67b05adc151f5d33') in 0.0388161 seconds
Number of updated asset objects reloaded before import = 0Number of asset objects unloaded after import = 8

========================================================================
Received Import Request.
  Time since last request: 0.000039 seconds.
  path: Assets/Часы/25/source/antiquephone.mtl
  artifactKey: Guid(74fa398960e10964ea5dc10fb7d6bc46) Importer(2089858483,192608db42251d675da83286b1cce702)
Start importing Assets/Часы/25/source/antiquephone.mtl using Guid(74fa398960e10964ea5dc10fb7d6bc46) Importer(2089858483,192608db42251d675da83286b1cce702) (ScriptedImporter) -> (artifact id: '4abe7dcfa44ec1006c6ce715e27b06af') in 0.0150704 seconds
Number of updated asset objects reloaded before import = 0Number of asset objects unloaded after import = 1

========================================================================
Received Import Request.
  Time since last request: 0.000026 seconds.
  path: Assets/Assets _ Expence/SourceFiles/StarterAssets/ThirdPersonController/Character
  artifactKey: Guid(b3759a72a720ddd45b94f32678636eab) Importer(2089858483,192608db42251d675da83286b1cce702)
Start importing Assets/Assets _ Expence/SourceFiles/StarterAssets/ThirdPersonController/Character using Guid(b3759a72a720ddd45b94f32678636eab) Importer(2089858483,192608db42251d675da83286b1cce702) (ScriptedImporter) -> (artifact id: 'b43a7f90d17ec306abe7f796bef5bd43') in 0.014339 seconds
Number of updated asset objects reloaded before import = 0Number of asset objects unloaded after import = 1

========================================================================
Received Import Request.
  Time since last request: 0.000029 seconds.
  path: Assets/Assets _ Expence/HDRPFurniturePack/Curtain
  artifactKey: Guid(f8b50a5bcc9537943b5d0bb9b588ac7d) Importer(2089858483,192608db42251d675da83286b1cce702)
Start importing Assets/Assets _ Expence/HDRPFurniturePack/Curtain using Guid(f8b50a5bcc9537943b5d0bb9b588ac7d) Importer(2089858483,192608db42251d675da83286b1cce702) (ScriptedImporter) -> (artifact id: 'f7117af1df75897abfcdc0d249a98d72') in 0.0151679 seconds
Number of updated asset objects reloaded before import = 0Number of asset objects unloaded after import = 1

========================================================================
Received Import Request.
  Time since last request: 0.000029 seconds.
  path: Assets/Часы/24/textures/Globe_Metallic.png
  artifactKey: Guid(7b188eaeb20aedb479c9bfcaf509ff8e) Importer(2089858483,192608db42251d675da83286b1cce702)
Start importing Assets/Часы/24/textures/Globe_Metallic.png using Guid(7b188eaeb20aedb479c9bfcaf509ff8e) Importer(2089858483,192608db42251d675da83286b1cce702) (ScriptedImporter) -> (artifact id: '039936567e246f2fa24f9b4078aa7a3a') in 0.0801771 seconds
Number of updated asset objects reloaded before import = 0Number of asset objects unloaded after import = 1

========================================================================
Received Import Request.
  Time since last request: 0.000027 seconds.
  path: Assets/Assets _ Expence/NextGen Furniture Pack/Models/chair_6.FBX
  artifactKey: Guid(5d7d5d8582822a642b597f18d91e5e16) Importer(2089858483,192608db42251d675da83286b1cce702)
Start importing Assets/Assets _ Expence/NextGen Furniture Pack/Models/chair_6.FBX using Guid(5d7d5d8582822a642b597f18d91e5e16) Importer(2089858483,192608db42251d675da83286b1cce702) (ScriptedImporter) -> (artifact id: 'b74df4e1346c136a699dcb8de81230c6') in 0.0373016 seconds
Number of updated asset objects reloaded before import = 0Number of asset objects unloaded after import = 7

========================================================================
Received Import Request.
  Time since last request: 0.000041 seconds.
  path: Assets/Assets _ Expence/Brick Project Studio/Apartment Kit/Common/Models/Apt_Furniture_02.fbx
  artifactKey: Guid(87e69ebe8ddb01c4f9dd460c1ac59162) Importer(2089858483,192608db42251d675da83286b1cce702)
Start importing Assets/Assets _ Expence/Brick Project Studio/Apartment Kit/Common/Models/Apt_Furniture_02.fbx using Guid(87e69ebe8ddb01c4f9dd460c1ac59162) Importer(2089858483,192608db42251d675da83286b1cce702) (ScriptedImporter) -> (artifact id: 'e1eb4b2846c35ab5e4d2d710b3986228') in 0.1398775 seconds
Number of updated asset objects reloaded before import = 0Number of asset objects unloaded after import = 279

========================================================================
Received Import Request.
  Time since last request: 0.000023 seconds.
  path: Assets/Assets _ Expence/nappin/OfficeEssentialsPack/Textures/(Txt)GradientDarkgrey.png
  artifactKey: Guid(f1227b69f0b64404d8f7e90a3a5e894b) Importer(2089858483,192608db42251d675da83286b1cce702)
Start importing Assets/Assets _ Expence/nappin/OfficeEssentialsPack/Textures/(Txt)GradientDarkgrey.png using Guid(f1227b69f0b64404d8f7e90a3a5e894b) Importer(2089858483,192608db42251d675da83286b1cce702) (ScriptedImporter) -> (artifact id: '3690684d92e36afb900a6be6f5130f77') in 0.0342021 seconds
Number of updated asset objects reloaded before import = 0Number of asset objects unloaded after import = 1

========================================================================
Received Import Request.
  Time since last request: 0.000027 seconds.
  path: Assets/Assets _ Expence/Brick Project Studio/_BPS Basic Assets/Common/Scripts and Animations/Drawer/X Axis/closepush_01.anim
  artifactKey: Guid(e1d175e7182c452448186654668d8840) Importer(2089858483,192608db42251d675da83286b1cce702)
Start importing Assets/Assets _ Expence/Brick Project Studio/_BPS Basic Assets/Common/Scripts and Animations/Drawer/X Axis/closepush_01.anim using Guid(e1d175e7182c452448186654668d8840) Importer(2089858483,192608db42251d675da83286b1cce702) (ScriptedImporter) -> (artifact id: '1c5f91e9e755a1219b0bda191f728f25') in 0.018713 seconds
Number of updated asset objects reloaded before import = 0Number of asset objects unloaded after import = 1

========================================================================
Received Import Request.
  Time since last request: 0.000035 seconds.
  path: Assets/Assets _ Expence/TextMesh Pro/Sprites/EmojiOne.json
  artifactKey: Guid(e14fbf56b1bb8b546a85fcefb473304d) Importer(2089858483,192608db42251d675da83286b1cce702)
Start importing Assets/Assets _ Expence/TextMesh Pro/Sprites/EmojiOne.json using Guid(e14fbf56b1bb8b546a85fcefb473304d) Importer(2089858483,192608db42251d675da83286b1cce702) (ScriptedImporter) -> (artifact id: 'fb4c102bc8a1cb8a4332026f3a67b708') in 0.0159897 seconds
Number of updated asset objects reloaded before import = 0Number of asset objects unloaded after import = 1

========================================================================
Received Import Request.
  Time since last request: 0.000021 seconds.
  path: Assets/Assets _ Expence/nappin/OfficeEssentialsPack/Models/(Msh)Mug.fbx
  artifactKey: Guid(470cf717f42c3c74990b34c739045c07) Importer(2089858483,192608db42251d675da83286b1cce702)
Start importing Assets/Assets _ Expence/nappin/OfficeEssentialsPack/Models/(Msh)Mug.fbx using Guid(470cf717f42c3c74990b34c739045c07) Importer(2089858483,192608db42251d675da83286b1cce702) (ScriptedImporter) -> (artifact id: 'f3f1c8252e82f954a1a5cd5ad50bb82b') in 0.0379631 seconds
Number of updated asset objects reloaded before import = 0Number of asset objects unloaded after import = 16

========================================================================
Received Import Request.
  Time since last request: 0.000023 seconds.
  path: Assets/Забор/XTNFZLSRMZB4DAPUNN2X3AC0X.obj
  artifactKey: Guid(00bc58751f775af45ab9dea99d118772) Importer(2089858483,192608db42251d675da83286b1cce702)
Start importing Assets/Забор/XTNFZLSRMZB4DAPUNN2X3AC0X.obj using Guid(00bc58751f775af45ab9dea99d118772) Importer(2089858483,192608db42251d675da83286b1cce702) (ScriptedImporter) -> (artifact id: '16852ac3c1f35d5e918d3fa7a00f5086') in 0.0774686 seconds
Number of updated asset objects reloaded before import = 0Number of asset objects unloaded after import = 25

========================================================================
Received Import Request.
  Time since last request: 0.000019 seconds.
  path: Assets/Assets _ Expence/nappin/OfficeEssentialsPack/Models/(Msh)Shelves2.fbx
  artifactKey: Guid(b06606c3051715e4184c281588889fbf) Importer(2089858483,192608db42251d675da83286b1cce702)
Start importing Assets/Assets _ Expence/nappin/OfficeEssentialsPack/Models/(Msh)Shelves2.fbx using Guid(b06606c3051715e4184c281588889fbf) Importer(2089858483,192608db42251d675da83286b1cce702) (ScriptedImporter) -> (artifact id: 'bb0195b8f4c4efb1d47a8e53f162beaa') in 0.0304934 seconds
Number of updated asset objects reloaded before import = 0Number of asset objects unloaded after import = 9

========================================================================
Received Import Request.
  Time since last request: 0.000035 seconds.
  path: Assets/Assets _ Expence/HDRPFurniturePack/Rug_High_Pile_Grey/Models/Rug_High_Pile_Grey.fbx
  artifactKey: Guid(b2674c375f177204985e1f557e78f66c) Importer(2089858483,192608db42251d675da83286b1cce702)
Start importing Assets/Assets _ Expence/HDRPFurniturePack/Rug_High_Pile_Grey/Models/Rug_High_Pile_Grey.fbx using Guid(b2674c375f177204985e1f557e78f66c) Importer(2089858483,192608db42251d675da83286b1cce702) (ScriptedImporter) -> (artifact id: '9babdacf5cd1eb3b648047113c671bbf') in 0.034365 seconds
Number of updated asset objects reloaded before import = 0Number of asset objects unloaded after import = 7

========================================================================
Received Import Request.
  Time since last request: 0.000026 seconds.
  path: Assets/Assets _ Expence/HDRPFurniturePack
  artifactKey: Guid(b3d4614b195f7664089b80bf67e76b60) Importer(2089858483,192608db42251d675da83286b1cce702)
Start importing Assets/Assets _ Expence/HDRPFurniturePack using Guid(b3d4614b195f7664089b80bf67e76b60) Importer(2089858483,192608db42251d675da83286b1cce702) (ScriptedImporter) -> (artifact id: 'fa5107075a13c0e631b0e4a9349de014') in 0.0118407 seconds
Number of updated asset objects reloaded before import = 0Number of asset objects unloaded after import = 1

========================================================================
Received Import Request.
  Time since last request: 0.000021 seconds.
  path: Assets/Assets _ Expence/4K Tiled Ground Textures p2/Textures/concrete
  artifactKey: Guid(bb751f82d5ddb4b4ea9cec97d4a10ffa) Importer(2089858483,192608db42251d675da83286b1cce702)
Start importing Assets/Assets _ Expence/4K Tiled Ground Textures p2/Textures/concrete using Guid(bb751f82d5ddb4b4ea9cec97d4a10ffa) Importer(2089858483,192608db42251d675da83286b1cce702) (ScriptedImporter) -> (artifact id: '377200f06fb88d2a443773e1adb09beb') in 0.0116575 seconds
Number of updated asset objects reloaded before import = 0Number of asset objects unloaded after import = 1

========================================================================
Received Import Request.
  Time since last request: 0.000019 seconds.
  path: Assets/Assets _ Expence/SourceFiles/StarterAssets/ThirdPersonController/Character/Animations/Locomotion--Run_N_Land.anim.fbx
  artifactKey: Guid(b5eb690f8b3c6124583fc0e51dddbe2f) Importer(2089858483,192608db42251d675da83286b1cce702)
Start importing Assets/Assets _ Expence/SourceFiles/StarterAssets/ThirdPersonController/Character/Animations/Locomotion--Run_N_Land.anim.fbx using Guid(b5eb690f8b3c6124583fc0e51dddbe2f) Importer(2089858483,192608db42251d675da83286b1cce702) (ScriptedImporter) -> (artifact id: '674461168f21edc290147f24d6325f5a') in 0.0374638 seconds
Number of updated asset objects reloaded before import = 0Number of asset objects unloaded after import = 144

========================================================================
Received Import Request.
  Time since last request: 0.000022 seconds.
  path: Assets/Дом/default-grey.jpg
  artifactKey: Guid(189a1707001753d40a4f22c8e19622d3) Importer(2089858483,192608db42251d675da83286b1cce702)
Start importing Assets/Дом/default-grey.jpg using Guid(189a1707001753d40a4f22c8e19622d3) Importer(2089858483,192608db42251d675da83286b1cce702) (ScriptedImporter) -> (artifact id: 'f12cfd9bf3aee86c8692896b9db11d58') in 0.0416514 seconds
Number of updated asset objects reloaded before import = 0Number of asset objects unloaded after import = 1

========================================================================
Received Import Request.
  Time since last request: 0.000029 seconds.
  path: Assets/Assets _ Expence/nappin/OfficeEssentialsPack/Models/(Msh)BookPile2.fbx
  artifactKey: Guid(b5d7eef5080c82245975ba4894ada7a3) Importer(2089858483,192608db42251d675da83286b1cce702)
Start importing Assets/Assets _ Expence/nappin/OfficeEssentialsPack/Models/(Msh)BookPile2.fbx using Guid(b5d7eef5080c82245975ba4894ada7a3) Importer(2089858483,192608db42251d675da83286b1cce702) (ScriptedImporter) -> (artifact id: '4564dd404138e7bdd3fe4d6c2e8136ad') in 0.0382683 seconds
Number of updated asset objects reloaded before import = 0Number of asset objects unloaded after import = 51

========================================================================
Received Import Request.
  Time since last request: 0.000022 seconds.
  path: Assets/Часы/24/textures/Base_Normal_OpenGL.png
  artifactKey: Guid(8102a70e9eeb93246ae66e95c39ccab1) Importer(2089858483,192608db42251d675da83286b1cce702)
Start importing Assets/Часы/24/textures/Base_Normal_OpenGL.png using Guid(8102a70e9eeb93246ae66e95c39ccab1) Importer(2089858483,192608db42251d675da83286b1cce702) (ScriptedImporter) -> (artifact id: '240a1bef24d436fefdeb8bd812d93335') in 0.0728302 seconds
Number of updated asset objects reloaded before import = 0Number of asset objects unloaded after import = 1

========================================================================
Received Import Request.
  Time since last request: 0.000022 seconds.
  path: Assets/Стол/N_0b25811e7aa345bf8b6c431297c8db19_TEX_SFT_FancyCoffeeTable_Brace_normal.png
  artifactKey: Guid(887347d20f9e5114db8180c20354717f) Importer(2089858483,192608db42251d675da83286b1cce702)
Start importing Assets/Стол/N_0b25811e7aa345bf8b6c431297c8db19_TEX_SFT_FancyCoffeeTable_Brace_normal.png using Guid(887347d20f9e5114db8180c20354717f) Importer(2089858483,192608db42251d675da83286b1cce702) (ScriptedImporter) -> (artifact id: '9919b24d018845905c6bfad4fa06c6db') in 0.0361736 seconds
Number of updated asset objects reloaded before import = 0Number of asset objects unloaded after import = 1

========================================================================
Received Import Request.
  Time since last request: 0.000022 seconds.
  path: Assets/Assets _ Expence/Brick Project Studio/Apartment Kit/_Prefabs
  artifactKey: Guid(8392914b033865147b3f0fc8282b4669) Importer(2089858483,192608db42251d675da83286b1cce702)
Start importing Assets/Assets _ Expence/Brick Project Studio/Apartment Kit/_Prefabs using Guid(8392914b033865147b3f0fc8282b4669) Importer(2089858483,192608db42251d675da83286b1cce702) (ScriptedImporter) -> (artifact id: 'f1e095bd6066f09636a00f9415c877c0') in 0.0126024 seconds
Number of updated asset objects reloaded before import = 0Number of asset objects unloaded after import = 1

========================================================================
Received Import Request.
  Time since last request: 0.000033 seconds.
  path: Assets/Assets _ Expence/JJ_InteriorDoorPack_V1/Textures/T_intDoorWhite_MS.png
  artifactKey: Guid(f822fc2fa5f0e9b4981186c12ea1bec0) Importer(2089858483,192608db42251d675da83286b1cce702)
Start importing Assets/Assets _ Expence/JJ_InteriorDoorPack_V1/Textures/T_intDoorWhite_MS.png using Guid(f822fc2fa5f0e9b4981186c12ea1bec0) Importer(2089858483,192608db42251d675da83286b1cce702) (ScriptedImporter) -> (artifact id: '1e5f0baf66afaea5838a93c89ef03d8c') in 0.0322087 seconds
Number of updated asset objects reloaded before import = 0Number of asset objects unloaded after import = 1

========================================================================
Received Import Request.
  Time since last request: 0.000104 seconds.
  path: Assets/Assets _ Expence/nappin/OfficeEssentialsPack/Textures/(Txt)GradientDarkbrown.png
  artifactKey: Guid(6333804c31f79bb4eabb5f57ef74cc6f) Importer(2089858483,192608db42251d675da83286b1cce702)
Start importing Assets/Assets _ Expence/nappin/OfficeEssentialsPack/Textures/(Txt)GradientDarkbrown.png using Guid(6333804c31f79bb4eabb5f57ef74cc6f) Importer(2089858483,192608db42251d675da83286b1cce702) (ScriptedImporter) -> (artifact id: 'f67d5154cdaadf124766da583c4780ae') in 0.0370876 seconds
Number of updated asset objects reloaded before import = 0Number of asset objects unloaded after import = 1

========================================================================
Received Import Request.
  Time since last request: 0.000024 seconds.
  path: Assets/Стол/Materials/RGB_e085dcabfff6465ba2faf19015cdd262_TEX_SFT_FancyCoffeeTable_Main_albedo.mat
  artifactKey: Guid(338e8d879c0e65142a89559bab451959) Importer(2089858483,192608db42251d675da83286b1cce702)
Start importing Assets/Стол/Materials/RGB_e085dcabfff6465ba2faf19015cdd262_TEX_SFT_FancyCoffeeTable_Main_albedo.mat using Guid(338e8d879c0e65142a89559bab451959) Importer(2089858483,192608db42251d675da83286b1cce702) (ScriptedImporter) -> (artifact id: '6db7e75515705d123a40eeeeb240a528') in 0.0212595 seconds
Number of updated asset objects reloaded before import = 0Number of asset objects unloaded after import = 2

========================================================================
Received Import Request.
  Time since last request: 0.000021 seconds.
  path: Assets/Assets _ Expence/Brick Project Studio/Apartment Kit/_Prefabs/Props/Wine Liquor Beer and Glassware - Sample/wine thin glass.prefab
  artifactKey: Guid(3a5b40ef81b6dd84c89e1fd9706e9561) Importer(2089858483,192608db42251d675da83286b1cce702)
Start importing Assets/Assets _ Expence/Brick Project Studio/Apartment Kit/_Prefabs/Props/Wine Liquor Beer and Glassware - Sample/wine thin glass.prefab using Guid(3a5b40ef81b6dd84c89e1fd9706e9561) Importer(2089858483,192608db42251d675da83286b1cce702) (ScriptedImporter) -> (artifact id: '22c9b6633a531431c80f7b61cfa69510') in 0.0206936 seconds
Number of updated asset objects reloaded before import = 0Number of asset objects unloaded after import = 7

========================================================================
Received Import Request.
  Time since last request: 0.000021 seconds.
  path: Assets/3Dfrk/Frames with pictures/Materials/Paint_5.mat
  artifactKey: Guid(7bc8bf1896e77ed418649bd0b03075a5) Importer(2089858483,192608db42251d675da83286b1cce702)
Start importing Assets/3Dfrk/Frames with pictures/Materials/Paint_5.mat using Guid(7bc8bf1896e77ed418649bd0b03075a5) Importer(2089858483,192608db42251d675da83286b1cce702) (ScriptedImporter) -> (artifact id: '40ca3b2fc0e40b1f9587671592994f1a') in 0.0176068 seconds
Number of updated asset objects reloaded before import = 0Number of asset objects unloaded after import = 2

========================================================================
Received Import Request.
  Time since last request: 0.000030 seconds.
  path: Assets/DEMO/Standard Assets/Effects/ImageEffects/Shaders/_Antialiasing/FXAA2.shader
  artifactKey: Guid(0948109115bb93b448f0ccf80c0d90d4) Importer(2089858483,192608db42251d675da83286b1cce702)
Start importing Assets/DEMO/Standard Assets/Effects/ImageEffects/Shaders/_Antialiasing/FXAA2.shader using Guid(0948109115bb93b448f0ccf80c0d90d4) Importer(2089858483,192608db42251d675da83286b1cce702) (ScriptedImporter) -> (artifact id: 'bf3c75c5f990da312825e0dc080d2284') in 0.0120351 seconds
Number of updated asset objects reloaded before import = 0Number of asset objects unloaded after import = 1

========================================================================
Received Import Request.
  Time since last request: 0.000016 seconds.
  path: Assets/Phoenix3D/P3D_Wallpaper_Carpet_and_CurtainFabric_Materials_Pack/Models/Sample_House.fbx
  artifactKey: Guid(b0e9691f6d8b7914b993bfd76777fd94) Importer(2089858483,192608db42251d675da83286b1cce702)
Start importing Assets/Phoenix3D/P3D_Wallpaper_Carpet_and_CurtainFabric_Materials_Pack/Models/Sample_House.fbx using Guid(b0e9691f6d8b7914b993bfd76777fd94) Importer(2089858483,192608db42251d675da83286b1cce702) (ScriptedImporter) -> (artifact id: '775055cf8e91a1c07d3dfddda762a10f') in 0.2344005 seconds
Number of updated asset objects reloaded before import = 0Number of asset objects unloaded after import = 169

========================================================================
Received Import Request.
  Time since last request: 0.000024 seconds.
  path: Assets/HighQualityBricks&Walls/Shaders/wall-617961.shader
  artifactKey: Guid(8e89728ac37f56240bf2b2001c751b2d) Importer(2089858483,192608db42251d675da83286b1cce702)
Start importing Assets/HighQualityBricks&Walls/Shaders/wall-617961.shader using Guid(8e89728ac37f56240bf2b2001c751b2d) Importer(2089858483,192608db42251d675da83286b1cce702) (ScriptedImporter) -> (artifact id: '3c2f8c696eeb8cb70c5f9f6d478ec133') in 0.0155259 seconds
Number of updated asset objects reloaded before import = 0Number of asset objects unloaded after import = 1

========================================================================
Received Import Request.
  Time since last request: 0.000030 seconds.
  path: Assets/Часы/23/Materials/chasi_final_glass_Normal.mat
  artifactKey: Guid(0ae7dc9da618c1c4facad01d8dd31472) Importer(2089858483,192608db42251d675da83286b1cce702)
Start importing Assets/Часы/23/Materials/chasi_final_glass_Normal.mat using Guid(0ae7dc9da618c1c4facad01d8dd31472) Importer(2089858483,192608db42251d675da83286b1cce702) (ScriptedImporter) -> (artifact id: '211833cf0cd864698e89fd3c168f6597') in 0.0586374 seconds
Number of updated asset objects reloaded before import = 0Number of asset objects unloaded after import = 2

========================================================================
Received Import Request.
  Time since last request: 0.000020 seconds.
  path: Assets/Assets _ Expence/nappin/OfficeEssentialsPack/Textures/(Txt)GradientDarkgreen.png
  artifactKey: Guid(bab76b6e6eb706e459b4b39a6e45e1e7) Importer(2089858483,192608db42251d675da83286b1cce702)
Start importing Assets/Assets _ Expence/nappin/OfficeEssentialsPack/Textures/(Txt)GradientDarkgreen.png using Guid(bab76b6e6eb706e459b4b39a6e45e1e7) Importer(2089858483,192608db42251d675da83286b1cce702) (ScriptedImporter) -> (artifact id: '1d1ae2a67b7b086650e2df5ed46a54dd') in 0.0389352 seconds
Number of updated asset objects reloaded before import = 0Number of asset objects unloaded after import = 1

========================================================================
Received Import Request.
  Time since last request: 0.000020 seconds.
  path: Assets/Assets _ Expence/Brick Project Studio/Apartment Kit/_Prefabs/Furniture/Wine Cabinet/BarCabinet_Apt_02.prefab
  artifactKey: Guid(c01313172639095419c2fc710db5e43b) Importer(2089858483,192608db42251d675da83286b1cce702)
Start importing Assets/Assets _ Expence/Brick Project Studio/Apartment Kit/_Prefabs/Furniture/Wine Cabinet/BarCabinet_Apt_02.prefab using Guid(c01313172639095419c2fc710db5e43b) Importer(2089858483,192608db42251d675da83286b1cce702) (ScriptedImporter) -> (artifact id: '773ca545fe406c464d4f476483e2f8a0') in 0.0156798 seconds
Number of updated asset objects reloaded before import = 0Number of asset objects unloaded after import = 120

========================================================================
Received Import Request.
  Time since last request: 0.000022 seconds.
  path: Assets/SpaceZeta_StreetLamps/Base Meshes
  artifactKey: Guid(a63736b93dbd5174399742c46a2cd393) Importer(2089858483,192608db42251d675da83286b1cce702)
Start importing Assets/SpaceZeta_StreetLamps/Base Meshes using Guid(a63736b93dbd5174399742c46a2cd393) Importer(2089858483,192608db42251d675da83286b1cce702) (ScriptedImporter) -> (artifact id: 'cddfcf5122b393b9b55d99d58b5d9cb5') in 0.0137012 seconds
Number of updated asset objects reloaded before import = 0Number of asset objects unloaded after import = 1

========================================================================
Received Import Request.
  Time since last request: 0.000030 seconds.
  path: Assets/Brick Project Studio/Apartment Kit/_Prefabs/Furniture/Bathroom/Toilet_Apt_01.prefab
  artifactKey: Guid(0aaee55f2ad058a4ea04a8a57602dcc2) Importer(2089858483,192608db42251d675da83286b1cce702)
Start importing Assets/Brick Project Studio/Apartment Kit/_Prefabs/Furniture/Bathroom/Toilet_Apt_01.prefab using Guid(0aaee55f2ad058a4ea04a8a57602dcc2) Importer(2089858483,192608db42251d675da83286b1cce702) (ScriptedImporter) -> (artifact id: '221a6f02a952163ea50f1a4056a801f4') in 0.0220295 seconds
Number of updated asset objects reloaded before import = 0Number of asset objects unloaded after import = 15

========================================================================
Received Import Request.
  Time since last request: 0.000019 seconds.
  path: Assets/Phoenix3D/P3D_Wallpaper_Carpet_and_CurtainFabric_Materials_Pack/Models/Materials/Kitchen_Decoration-Lamps.mat
  artifactKey: Guid(b1751a3965ca23546a7632cdf3b37d1c) Importer(2089858483,192608db42251d675da83286b1cce702)
Start importing Assets/Phoenix3D/P3D_Wallpaper_Carpet_and_CurtainFabric_Materials_Pack/Models/Materials/Kitchen_Decoration-Lamps.mat using Guid(b1751a3965ca23546a7632cdf3b37d1c) Importer(2089858483,192608db42251d675da83286b1cce702) (ScriptedImporter) -> (artifact id: 'bb155530f243d63973146eb2bab96d37') in 0.0174668 seconds
Number of updated asset objects reloaded before import = 0Number of asset objects unloaded after import = 1

========================================================================
Received Import Request.
  Time since last request: 0.000019 seconds.
  path: Assets/Pegasus Studios/Elegant Interior Decor 3D Models Pack/Resources/Models/Materials/Wine Bottle-Logo.mat
  artifactKey: Guid(74f727ba1b776de408dc278cd3908405) Importer(2089858483,192608db42251d675da83286b1cce702)
Start importing Assets/Pegasus Studios/Elegant Interior Decor 3D Models Pack/Resources/Models/Materials/Wine Bottle-Logo.mat using Guid(74f727ba1b776de408dc278cd3908405) Importer(2089858483,192608db42251d675da83286b1cce702) (ScriptedImporter) -> (artifact id: '71bdafb93280844df6c1b686c9fccf24') in 0.0152319 seconds
Number of updated asset objects reloaded before import = 0Number of asset objects unloaded after import = 1

========================================================================
Received Import Request.
  Time since last request: 0.000019 seconds.
  path: Assets/HDRPFurniturePack/Taper_Candle_Holders/Models/Taper_Candle_Holders.fbx
  artifactKey: Guid(2ddd04b89954b7b4dab1df87e033c937) Importer(2089858483,192608db42251d675da83286b1cce702)
Start importing Assets/HDRPFurniturePack/Taper_Candle_Holders/Models/Taper_Candle_Holders.fbx using Guid(2ddd04b89954b7b4dab1df87e033c937) Importer(2089858483,192608db42251d675da83286b1cce702) (ScriptedImporter) -> (artifact id: 'd6bc937b6a6d99ee37e8a582587b59bd') in 0.0320805 seconds
Number of updated asset objects reloaded before import = 0Number of asset objects unloaded after import = 14

========================================================================
Received Import Request.
  Time since last request: 0.000018 seconds.
  path: Assets/Free Wood Door Pack/Mesh/Knob_1.FBX
  artifactKey: Guid(0396c0e22ecec7240913a2d956c68017) Importer(2089858483,192608db42251d675da83286b1cce702)
Start importing Assets/Free Wood Door Pack/Mesh/Knob_1.FBX using Guid(0396c0e22ecec7240913a2d956c68017) Importer(2089858483,192608db42251d675da83286b1cce702) (ScriptedImporter) -> (artifact id: '9c1b3a4c424b5a88077df5dd90b8ce2c') in 0.029806 seconds
Number of updated asset objects reloaded before import = 0Number of asset objects unloaded after import = 7

========================================================================
Received Import Request.
  Time since last request: 0.000038 seconds.
  path: Assets/asset_store/key_lock/textures/lock/m_lock_01_n.png
  artifactKey: Guid(30bfdfe20b9a8354abb1f3684e9ee5d0) Importer(2089858483,192608db42251d675da83286b1cce702)
Start importing Assets/asset_store/key_lock/textures/lock/m_lock_01_n.png using Guid(30bfdfe20b9a8354abb1f3684e9ee5d0) Importer(2089858483,192608db42251d675da83286b1cce702) (ScriptedImporter) -> (artifact id: '909727ee1dad30df4b34d7ce43d4e112') in 0.034567 seconds
Number of updated asset objects reloaded before import = 0Number of asset objects unloaded after import = 1

========================================================================
Received Import Request.
  Time since last request: 0.000020 seconds.
  path: Assets/HDRPFurniturePack/Succulent_Planter/Models/Succulent_Planter_Ceramic.fbx
  artifactKey: Guid(f48fbdbded26ab141bef3c43c399e300) Importer(2089858483,192608db42251d675da83286b1cce702)
Start importing Assets/HDRPFurniturePack/Succulent_Planter/Models/Succulent_Planter_Ceramic.fbx using Guid(f48fbdbded26ab141bef3c43c399e300) Importer(2089858483,192608db42251d675da83286b1cce702) (ScriptedImporter) -> (artifact id: '4932392e498d1d8ddb6f3a2fa90833a8') in 0.0323964 seconds
Number of updated asset objects reloaded before import = 0Number of asset objects unloaded after import = 14

========================================================================
Received Import Request.
  Time since last request: 0.000019 seconds.
  path: Assets/Часы/9/Materials
  artifactKey: Guid(a4b3e47fe5711aa46832747ff1997ccb) Importer(2089858483,192608db42251d675da83286b1cce702)
Start importing Assets/Часы/9/Materials using Guid(a4b3e47fe5711aa46832747ff1997ccb) Importer(2089858483,192608db42251d675da83286b1cce702) (ScriptedImporter) -> (artifact id: 'f44a836d8edc785564996cd3fcf4b220') in 0.0131223 seconds
Number of updated asset objects reloaded before import = 0Number of asset objects unloaded after import = 1

========================================================================
Received Import Request.
  Time since last request: 0.000021 seconds.
  path: Assets/Brick Project Studio/_BPS Basic Assets/Common/Scripts and Animations/Drawer/X Axis
  artifactKey: Guid(5bf4deb962e69c749af4171a6c2bf738) Importer(2089858483,192608db42251d675da83286b1cce702)
Start importing Assets/Brick Project Studio/_BPS Basic Assets/Common/Scripts and Animations/Drawer/X Axis using Guid(5bf4deb962e69c749af4171a6c2bf738) Importer(2089858483,192608db42251d675da83286b1cce702) (ScriptedImporter) -> (artifact id: 'c4d40d0f1f940b332b15f070f44405f9') in 0.0116315 seconds
Number of updated asset objects reloaded before import = 0Number of asset objects unloaded after import = 1

========================================================================
Received Import Request.
  Time since last request: 0.000028 seconds.
  path: Assets/Часы/11/Materials
  artifactKey: Guid(e6303a9224261354bb31931911009512) Importer(2089858483,192608db42251d675da83286b1cce702)
Start importing Assets/Часы/11/Materials using Guid(e6303a9224261354bb31931911009512) Importer(2089858483,192608db42251d675da83286b1cce702) (ScriptedImporter) -> (artifact id: '0c3bfb215cc4b297f06e86840711c357') in 0.0134238 seconds
Number of updated asset objects reloaded before import = 0Number of asset objects unloaded after import = 1

========================================================================
Received Import Request.
  Time since last request: 0.000028 seconds.
  path: Assets/HighQualityBricks&Walls/Scenes
  artifactKey: Guid(71a899c066f9bee4988081ef3378c473) Importer(2089858483,192608db42251d675da83286b1cce702)
Start importing Assets/HighQualityBricks&Walls/Scenes using Guid(71a899c066f9bee4988081ef3378c473) Importer(2089858483,192608db42251d675da83286b1cce702) (ScriptedImporter) -> (artifact id: '9a7976030dbd271111688dfa7eade1d8') in 0.0108445 seconds
Number of updated asset objects reloaded before import = 0Number of asset objects unloaded after import = 1

========================================================================
Received Import Request.
  Time since last request: 0.000019 seconds.
  path: Assets/Забор/XTNFZLSRMZB4DAPUNN2X3AC0X.mtl
  artifactKey: Guid(fdb18e02ee1cacc458e3aa0a1ac309d2) Importer(2089858483,192608db42251d675da83286b1cce702)
Start importing Assets/Забор/XTNFZLSRMZB4DAPUNN2X3AC0X.mtl using Guid(fdb18e02ee1cacc458e3aa0a1ac309d2) Importer(2089858483,192608db42251d675da83286b1cce702) (ScriptedImporter) -> (artifact id: '826a39f4a1b9aa18a7ebe43c4c1e60d8') in 0.0146797 seconds
Number of updated asset objects reloaded before import = 0Number of asset objects unloaded after import = 1

========================================================================
Received Import Request.
  Time since last request: 0.000027 seconds.
  path: Assets/Brick Project Studio/Apartment Kit/_Prefabs/Props/Lighting/Lamp_Wall_Apt_02.prefab
  artifactKey: Guid(bea962e4fc1ff0d4cbbc4204eb2133eb) Importer(2089858483,192608db42251d675da83286b1cce702)
Start importing Assets/Brick Project Studio/Apartment Kit/_Prefabs/Props/Lighting/Lamp_Wall_Apt_02.prefab using Guid(bea962e4fc1ff0d4cbbc4204eb2133eb) Importer(2089858483,192608db42251d675da83286b1cce702) (ScriptedImporter) -> (artifact id: '45dc55a109ba1fc2e29b1b7fa1646849') in 0.0187398 seconds
Number of updated asset objects reloaded before import = 0Number of asset objects unloaded after import = 10

========================================================================
Received Import Request.
  Time since last request: 0.000019 seconds.
  path: Assets/Pegasus Studios/Elegant Interior Decor 3D Models Pack/Resources/Models/Materials/Painting-Red Gold.004.mat
  artifactKey: Guid(c9bba6032319a604b91ce8008c1062b0) Importer(2089858483,192608db42251d675da83286b1cce702)
Start importing Assets/Pegasus Studios/Elegant Interior Decor 3D Models Pack/Resources/Models/Materials/Painting-Red Gold.004.mat using Guid(c9bba6032319a604b91ce8008c1062b0) Importer(2089858483,192608db42251d675da83286b1cce702) (ScriptedImporter) -> (artifact id: 'e122526f7832557db4f8d082ee57ea05') in 0.0270032 seconds
Number of updated asset objects reloaded before import = 0Number of asset objects unloaded after import = 1

========================================================================
Received Import Request.
  Time since last request: 0.000022 seconds.
  path: Assets/Часы/0/R_a869a58fc61b48a697eea421b5374373_TEX_SFT_FancyCoffeeTable_Main_AO.png
  artifactKey: Guid(66a603c95144d2844ad3c6d7ec6e9930) Importer(2089858483,192608db42251d675da83286b1cce702)
Start importing Assets/Часы/0/R_a869a58fc61b48a697eea421b5374373_TEX_SFT_FancyCoffeeTable_Main_AO.png using Guid(66a603c95144d2844ad3c6d7ec6e9930) Importer(2089858483,192608db42251d675da83286b1cce702) (ScriptedImporter) -> (artifact id: '33759df1dfc9c58f318dc750d5fa63fe') in 0.0347575 seconds
Number of updated asset objects reloaded before import = 0Number of asset objects unloaded after import = 1

========================================================================
Received Import Request.
  Time since last request: 0.000029 seconds.
  path: Assets/Часы/12/Materials/RGB_e754eec722f140b1ae9ff397dea4e786_watchbraceletbox01_glass_Mat_Specular.mat
  artifactKey: Guid(91e351c07b37b924889503da38984d5e) Importer(2089858483,192608db42251d675da83286b1cce702)
Start importing Assets/Часы/12/Materials/RGB_e754eec722f140b1ae9ff397dea4e786_watchbraceletbox01_glass_Mat_Specular.mat using Guid(91e351c07b37b924889503da38984d5e) Importer(2089858483,192608db42251d675da83286b1cce702) (ScriptedImporter) -> (artifact id: 'c2d40228c4771b0860a66f068fa90a01') in 0.0394975 seconds
Number of updated asset objects reloaded before import = 0Number of asset objects unloaded after import = 2

========================================================================
Received Import Request.
  Time since last request: 0.000017 seconds.
  path: Assets/SourceFiles/Settings/Mobile_RPAsset.asset
  artifactKey: Guid(fbe2422ea510ccb458d89e617675c32e) Importer(2089858483,192608db42251d675da83286b1cce702)
Start importing Assets/SourceFiles/Settings/Mobile_RPAsset.asset using Guid(fbe2422ea510ccb458d89e617675c32e) Importer(2089858483,192608db42251d675da83286b1cce702) (ScriptedImporter) -> (artifact id: 'e82fdeb395ae7099d3604075944618a8') in 0.0411324 seconds
Number of updated asset objects reloaded before import = 0Number of asset objects unloaded after import = 2

========================================================================
Received Import Request.
  Time since last request: 0.000019 seconds.
  path: Assets/Tree_Packs/URP_Tree_Pack/Textures/Leaf/Materials/URP_2_Leaf 1.mat
  artifactKey: Guid(471ebf4d1bd3cc04882149873375d3f7) Importer(2089858483,192608db42251d675da83286b1cce702)
Start importing Assets/Tree_Packs/URP_Tree_Pack/Textures/Leaf/Materials/URP_2_Leaf 1.mat using Guid(471ebf4d1bd3cc04882149873375d3f7) Importer(2089858483,192608db42251d675da83286b1cce702) (ScriptedImporter) -> (artifact id: 'c43cf4bfdbdd03538a7d47d8df11483c') in 0.0185246 seconds
Number of updated asset objects reloaded before import = 0Number of asset objects unloaded after import = 2

========================================================================
Received Import Request.
  Time since last request: 0.000023 seconds.
  path: Assets/Пианино/default-grey.jpg
  artifactKey: Guid(7e0c63b8087880246ba0da8b2b78bb38) Importer(2089858483,192608db42251d675da83286b1cce702)
Start importing Assets/Пианино/default-grey.jpg using Guid(7e0c63b8087880246ba0da8b2b78bb38) Importer(2089858483,192608db42251d675da83286b1cce702) (ScriptedImporter) -> (artifact id: 'e0d66faf319fe628f5068c344c5ee7ce') in 0.0344823 seconds
Number of updated asset objects reloaded before import = 0Number of asset objects unloaded after import = 1

========================================================================
Received Import Request.
  Time since last request: 0.000031 seconds.
  path: Assets/Free Wood Door Pack/Readme.pdf
  artifactKey: Guid(78c2ab5489a72194fb28df6cc94b135f) Importer(2089858483,192608db42251d675da83286b1cce702)
Start importing Assets/Free Wood Door Pack/Readme.pdf using Guid(78c2ab5489a72194fb28df6cc94b135f) Importer(2089858483,192608db42251d675da83286b1cce702) (ScriptedImporter) -> (artifact id: '32d398d97a91a76e0c71f3f213e8d26b') in 0.0120864 seconds
Number of updated asset objects reloaded before import = 0Number of asset objects unloaded after import = 1

========================================================================
Received Import Request.
  Time since last request: 0.000025 seconds.
  path: Assets/Assets ; Expence/HDRPFurniturePack/Curtain/Models
  artifactKey: Guid(d0247ba58d1d9d640a3e925ff9dd5970) Importer(2089858483,192608db42251d675da83286b1cce702)
Start importing Assets/Assets ; Expence/HDRPFurniturePack/Curtain/Models using Guid(d0247ba58d1d9d640a3e925ff9dd5970) Importer(2089858483,192608db42251d675da83286b1cce702) (ScriptedImporter) -> (artifact id: '8319fcce1b53558dd37575233888d07b') in 0.0115581 seconds
Number of updated asset objects reloaded before import = 0Number of asset objects unloaded after import = 1

========================================================================
Received Import Request.
  Time since last request: 0.000016 seconds.
  path: Assets/GVOZDY/Cardboard Boxes with Tape/Materials/T_box2_brown_MetallicSmoothness.mat
  artifactKey: Guid(ab04c15665b97de4b90a3e947a7a627b) Importer(2089858483,192608db42251d675da83286b1cce702)
Start importing Assets/GVOZDY/Cardboard Boxes with Tape/Materials/T_box2_brown_MetallicSmoothness.mat using Guid(ab04c15665b97de4b90a3e947a7a627b) Importer(2089858483,192608db42251d675da83286b1cce702) (ScriptedImporter) -> (artifact id: '1d4445a7799c39b805d77438878a20eb') in 0.0199701 seconds
Number of updated asset objects reloaded before import = 0Number of asset objects unloaded after import = 2

========================================================================
Received Import Request.
  Time since last request: 0.000020 seconds.
  path: Assets/Scenes/ZNS3D/Vintage Living Room Game Pack/Demo/Demo_Scene
  artifactKey: Guid(8f369966f0e590a4586f8746fae13f91) Importer(2089858483,192608db42251d675da83286b1cce702)
Start importing Assets/Scenes/ZNS3D/Vintage Living Room Game Pack/Demo/Demo_Scene using Guid(8f369966f0e590a4586f8746fae13f91) Importer(2089858483,192608db42251d675da83286b1cce702) (ScriptedImporter) -> (artifact id: 'dcaa5fc8b4cf4f8e0b6ba012a5f25f56') in 0.0134335 seconds
Number of updated asset objects reloaded before import = 0Number of asset objects unloaded after import = 1

========================================================================
Received Import Request.
  Time since last request: 0.000039 seconds.
  path: Assets/NextGen Furniture Pack/Models/Materials/chair_4-No Name.mat
  artifactKey: Guid(080631c875a2cb24e94d785612e4059a) Importer(2089858483,192608db42251d675da83286b1cce702)
Start importing Assets/NextGen Furniture Pack/Models/Materials/chair_4-No Name.mat using Guid(080631c875a2cb24e94d785612e4059a) Importer(2089858483,192608db42251d675da83286b1cce702) (ScriptedImporter) -> (artifact id: 'e1255fe126057c8da878ff8f229123ac') in 0.0164015 seconds
Number of updated asset objects reloaded before import = 0Number of asset objects unloaded after import = 1

========================================================================
Received Import Request.
  Time since last request: 0.000032 seconds.
  path: Assets/GVOZDY/Cardboard Boxes with Tape/Textures/T_box2_grey_Normal.png
  artifactKey: Guid(504151ba63bcc3b458a2884ce3092146) Importer(2089858483,192608db42251d675da83286b1cce702)
Start importing Assets/GVOZDY/Cardboard Boxes with Tape/Textures/T_box2_grey_Normal.png using Guid(504151ba63bcc3b458a2884ce3092146) Importer(2089858483,192608db42251d675da83286b1cce702) (ScriptedImporter) -> (artifact id: '9f7dbe13c162aec7939e4680f7ea9113') in 0.0374419 seconds
Number of updated asset objects reloaded before import = 0Number of asset objects unloaded after import = 1

========================================================================
Received Import Request.
  Time since last request: 0.000019 seconds.
  path: Assets/Часы/0/thumbnail.jpg
  artifactKey: Guid(c36497dd37fcc4b479145b286ca382c7) Importer(2089858483,192608db42251d675da83286b1cce702)
Start importing Assets/Часы/0/thumbnail.jpg using Guid(c36497dd37fcc4b479145b286ca382c7) Importer(2089858483,192608db42251d675da83286b1cce702) (ScriptedImporter) -> (artifact id: '8174be9167aabe244ffdadcd314ff84e') in 0.0319357 seconds
Number of updated asset objects reloaded before import = 0Number of asset objects unloaded after import = 1

========================================================================
Received Import Request.
  Time since last request: 0.000019 seconds.
  path: Assets/HDRPFurniturePack/Plant_Potted_Monstera_Deliciosa/Models/Materials
  artifactKey: Guid(43bd6c0c2c00cac438e5fdf3c7947bc9) Importer(2089858483,192608db42251d675da83286b1cce702)
Start importing Assets/HDRPFurniturePack/Plant_Potted_Monstera_Deliciosa/Models/Materials using Guid(43bd6c0c2c00cac438e5fdf3c7947bc9) Importer(2089858483,192608db42251d675da83286b1cce702) (ScriptedImporter) -> (artifact id: '5cdbbef7be51287f1ad93c58b05146fb') in 0.0131417 seconds
Number of updated asset objects reloaded before import = 0Number of asset objects unloaded after import = 1

========================================================================
Received Import Request.
  Time since last request: 0.000020 seconds.
  path: Assets/MC old wood free sample/scene/SampleScene2/LightingData.asset
  artifactKey: Guid(ae5d553bc182ac44ab8b1477f6554b15) Importer(2089858483,192608db42251d675da83286b1cce702)
Start importing Assets/MC old wood free sample/scene/SampleScene2/LightingData.asset using Guid(ae5d553bc182ac44ab8b1477f6554b15) Importer(2089858483,192608db42251d675da83286b1cce702) (ScriptedImporter) -> (artifact id: '2ce744d241df146043b38d32aadd2a7e') in 0.0782908 seconds
Number of updated asset objects reloaded before import = 0Number of asset objects unloaded after import = 2

========================================================================
Received Import Request.
  Time since last request: 0.000021 seconds.
  path: Assets/_Tea&coffe_service/Scene/scene/ReflectionProbe-0.exr
  artifactKey: Guid(8e33293125428644a8e3fc82869624d0) Importer(2089858483,192608db42251d675da83286b1cce702)
Start importing Assets/_Tea&coffe_service/Scene/scene/ReflectionProbe-0.exr using Guid(8e33293125428644a8e3fc82869624d0) Importer(2089858483,192608db42251d675da83286b1cce702) (ScriptedImporter) -> (artifact id: '138192b760af699c2c9882f958bb0efd') in 0.1027773 seconds
Number of updated asset objects reloaded before import = 0Number of asset objects unloaded after import = 1

========================================================================
Received Import Request.
  Time since last request: 0.000066 seconds.
  path: Assets/Assets _ Expence/TextMesh Pro/Shaders/TMPro_Properties.cginc
  artifactKey: Guid(d2d5c02734f485343a9d3c9c451627e6) Importer(2089858483,192608db42251d675da83286b1cce702)
Start importing Assets/Assets _ Expence/TextMesh Pro/Shaders/TMPro_Properties.cginc using Guid(d2d5c02734f485343a9d3c9c451627e6) Importer(2089858483,192608db42251d675da83286b1cce702) (ScriptedImporter) -> (artifact id: '746439734939a1bd93644af942414be4') in 0.0135051 seconds
Number of updated asset objects reloaded before import = 0Number of asset objects unloaded after import = 1

========================================================================
Received Import Request.
  Time since last request: 0.000019 seconds.
  path: Assets/Assets _ Expence/HDRPFurniturePack/Plant_Potted_Monstera_Deliciosa/Models/Plant_Potted_Monstera_Deliciosa.fbx
  artifactKey: Guid(ca793802142f815418cbc335548f59d4) Importer(2089858483,192608db42251d675da83286b1cce702)
Start importing Assets/Assets _ Expence/HDRPFurniturePack/Plant_Potted_Monstera_Deliciosa/Models/Plant_Potted_Monstera_Deliciosa.fbx using Guid(ca793802142f815418cbc335548f59d4) Importer(2089858483,192608db42251d675da83286b1cce702) (ScriptedImporter) -> (artifact id: '71fe54cad5225165e1f6dbdc098e1e8b') in 0.0409371 seconds
Number of updated asset objects reloaded before import = 0Number of asset objects unloaded after import = 19

========================================================================
Received Import Request.
  Time since last request: 0.000047 seconds.
  path: Assets/Assets _ Expence/HyperLuminal/SlidingTilePuzzle/Prefabs/SlidingTile_4by4.prefab
  artifactKey: Guid(0b4d22fd11ab1fd4eae7832a25155edb) Importer(2089858483,192608db42251d675da83286b1cce702)
Start importing Assets/Assets _ Expence/HyperLuminal/SlidingTilePuzzle/Prefabs/SlidingTile_4by4.prefab using Guid(0b4d22fd11ab1fd4eae7832a25155edb) Importer(2089858483,192608db42251d675da83286b1cce702) (ScriptedImporter) -> (artifact id: 'f35bb2fc3c4fe6a8dcab06216583224a') in 0.0184144 seconds
Number of updated asset objects reloaded before import = 0Number of asset objects unloaded after import = 5

========================================================================
Received Import Request.
  Time since last request: 0.000024 seconds.
  path: Assets/Assets _ Expence/SourceFiles/StarterAssets/ThirdPersonController/Character/Animations/Locomotion--Walk_N.anim.fbx
  artifactKey: Guid(550dbdc9b3da20e4ba04d35b6cd0f94b) Importer(2089858483,192608db42251d675da83286b1cce702)
Start importing Assets/Assets _ Expence/SourceFiles/StarterAssets/ThirdPersonController/Character/Animations/Locomotion--Walk_N.anim.fbx using Guid(550dbdc9b3da20e4ba04d35b6cd0f94b) Importer(2089858483,192608db42251d675da83286b1cce702) (ScriptedImporter) -> (artifact id: '499278d18834efa50fffa3288e910030') in 0.0497918 seconds
Number of updated asset objects reloaded before import = 0Number of asset objects unloaded after import = 144

========================================================================
Received Import Request.
  Time since last request: 0.000046 seconds.
  path: Assets/Стол
  artifactKey: Guid(113892ee4942c4b42af4404740de3ed3) Importer(2089858483,192608db42251d675da83286b1cce702)
Start importing Assets/Стол using Guid(113892ee4942c4b42af4404740de3ed3) Importer(2089858483,192608db42251d675da83286b1cce702) (ScriptedImporter) -> (artifact id: '7dcdf4f37de47ebefa08930120e14134') in 0.0129996 seconds
Number of updated asset objects reloaded before import = 0Number of asset objects unloaded after import = 1

========================================================================
Received Import Request.
  Time since last request: 0.000022 seconds.
  path: Assets/Assets _ Expence/NextGen Furniture Pack/Models/sofa_1.FBX
  artifactKey: Guid(ca93a1bcf7f803544aeac30b52ccf5fa) Importer(2089858483,192608db42251d675da83286b1cce702)
Start importing Assets/Assets _ Expence/NextGen Furniture Pack/Models/sofa_1.FBX using Guid(ca93a1bcf7f803544aeac30b52ccf5fa) Importer(2089858483,192608db42251d675da83286b1cce702) (ScriptedImporter) -> (artifact id: '29f6f751957122ae92b7fe7f4364f876') in 0.0363758 seconds
Number of updated asset objects reloaded before import = 0Number of asset objects unloaded after import = 7

========================================================================
Received Import Request.
  Time since last request: 0.000025 seconds.
  path: Assets/Assets _ Expence/NextGen Furniture Pack/Models/chair_1.FBX
  artifactKey: Guid(98e7f91bec552284dbc7373c2a6c9fb4) Importer(2089858483,192608db42251d675da83286b1cce702)
Start importing Assets/Assets _ Expence/NextGen Furniture Pack/Models/chair_1.FBX using Guid(98e7f91bec552284dbc7373c2a6c9fb4) Importer(2089858483,192608db42251d675da83286b1cce702) (ScriptedImporter) -> (artifact id: '891ce48fe121475e5f78b89c5829e529') in 0.0362997 seconds
Number of updated asset objects reloaded before import = 0Number of asset objects unloaded after import = 7

========================================================================
Received Import Request.
  Time since last request: 0.000028 seconds.
  path: Assets/Часы/23/textures/chasi_final_Default_OBJ.001_BaseColor.png
  artifactKey: Guid(66abd892e57b13a43a263a5e791eafef) Importer(2089858483,192608db42251d675da83286b1cce702)
Start importing Assets/Часы/23/textures/chasi_final_Default_OBJ.001_BaseColor.png using Guid(66abd892e57b13a43a263a5e791eafef) Importer(2089858483,192608db42251d675da83286b1cce702) (ScriptedImporter) -> (artifact id: '97bbdc95f0e7ff8d061815bb1e7b4e1f') in 0.0347404 seconds
Number of updated asset objects reloaded before import = 0Number of asset objects unloaded after import = 1

========================================================================
Received Import Request.
  Time since last request: 0.000036 seconds.
  path: Assets/Часы/25/textures/antiquePhone_low_DefaultMaterial_Emissive.png
  artifactKey: Guid(147eebbdae3c1fc41a10d9faec57757e) Importer(2089858483,192608db42251d675da83286b1cce702)
Start importing Assets/Часы/25/textures/antiquePhone_low_DefaultMaterial_Emissive.png using Guid(147eebbdae3c1fc41a10d9faec57757e) Importer(2089858483,192608db42251d675da83286b1cce702) (ScriptedImporter) -> (artifact id: 'ffc93f9501697c2b6d4589f6a88a0d62') in 0.0395313 seconds
Number of updated asset objects reloaded before import = 0Number of asset objects unloaded after import = 1

========================================================================
Received Import Request.
  Time since last request: 0.000030 seconds.
  path: Assets/Assets _ Expence/Free Wood Door Pack/Mesh/Wood_Door.FBX
  artifactKey: Guid(e0a0ea47743a4424c998ee0a063f6c82) Importer(2089858483,192608db42251d675da83286b1cce702)
Start importing Assets/Assets _ Expence/Free Wood Door Pack/Mesh/Wood_Door.FBX using Guid(e0a0ea47743a4424c998ee0a063f6c82) Importer(2089858483,192608db42251d675da83286b1cce702) (ScriptedImporter) -> (artifact id: '9c6193ea243b65230334c1dfa72eb437') in 0.0312822 seconds
Number of updated asset objects reloaded before import = 0Number of asset objects unloaded after import = 14

========================================================================
Received Import Request.
  Time since last request: 0.000023 seconds.
  path: Assets/Assets _ Expence/SourceFiles/TimmyRobot/Models
  artifactKey: Guid(f575ed4f8bcd2174ebf0f72ef08767ca) Importer(2089858483,192608db42251d675da83286b1cce702)
Start importing Assets/Assets _ Expence/SourceFiles/TimmyRobot/Models using Guid(f575ed4f8bcd2174ebf0f72ef08767ca) Importer(2089858483,192608db42251d675da83286b1cce702) (ScriptedImporter) -> (artifact id: 'f8c7b061f632d79f6b658887e6fc512c') in 0.0137393 seconds
Number of updated asset objects reloaded before import = 0Number of asset objects unloaded after import = 1

========================================================================
Received Import Request.
  Time since last request: 0.000026 seconds.
  path: Assets/Assets _ Expence/TextMesh Pro(1)
  artifactKey: Guid(713bd88bc17c68248974b22e2ddf81e2) Importer(2089858483,192608db42251d675da83286b1cce702)
Start importing Assets/Assets _ Expence/TextMesh Pro(1) using Guid(713bd88bc17c68248974b22e2ddf81e2) Importer(2089858483,192608db42251d675da83286b1cce702) (ScriptedImporter) -> (artifact id: '831ce1d537a182e33998086648b21e26') in 0.0146677 seconds
Number of updated asset objects reloaded before import = 0Number of asset objects unloaded after import = 1

========================================================================
Received Import Request.
  Time since last request: 0.000033 seconds.
  path: Assets/Assets _ Expence/SourceFiles/Textures/Repeating Tiles/SandTroddenRed_Albedo.tif
  artifactKey: Guid(15dbfd454700e134bbbe3d72b7306988) Importer(2089858483,192608db42251d675da83286b1cce702)
Start importing Assets/Assets _ Expence/SourceFiles/Textures/Repeating Tiles/SandTroddenRed_Albedo.tif using Guid(15dbfd454700e134bbbe3d72b7306988) Importer(2089858483,192608db42251d675da83286b1cce702) (ScriptedImporter) -> (artifact id: '8e689c55c8df210b64f9a36066020e22') in 0.0350565 seconds
Number of updated asset objects reloaded before import = 0Number of asset objects unloaded after import = 1

========================================================================
Received Import Request.
  Time since last request: 0.000027 seconds.
  path: Assets/Assets _ Expence/HighQualityBricks&Walls/Scenes/Showcase Artistic.unity
  artifactKey: Guid(303fb54fb44fc51428809de3bc58c7ce) Importer(2089858483,192608db42251d675da83286b1cce702)
Start importing Assets/Assets _ Expence/HighQualityBricks&Walls/Scenes/Showcase Artistic.unity using Guid(303fb54fb44fc51428809de3bc58c7ce) Importer(2089858483,192608db42251d675da83286b1cce702) (ScriptedImporter) -> (artifact id: '244269f565621500bd9c3e084df0d5aa') in 0.0293498 seconds
Number of updated asset objects reloaded before import = 0Number of asset objects unloaded after import = 1

========================================================================
Received Import Request.
  Time since last request: 0.000034 seconds.
  path: Assets/Assets _ Expence/Pegasus Studios/Elegant Interior Decor 3D Models Pack/Resources/Models/Wine Bottle.fbx
  artifactKey: Guid(032c360d6b3b8ce4cbff7f64928eeb6d) Importer(2089858483,192608db42251d675da83286b1cce702)
Start importing Assets/Assets _ Expence/Pegasus Studios/Elegant Interior Decor 3D Models Pack/Resources/Models/Wine Bottle.fbx using Guid(032c360d6b3b8ce4cbff7f64928eeb6d) Importer(2089858483,192608db42251d675da83286b1cce702) (ScriptedImporter) -> (artifact id: '297b3f70abd3e14462da8b4412148e46') in 0.0405589 seconds
Number of updated asset objects reloaded before import = 0Number of asset objects unloaded after import = 7

========================================================================
Received Import Request.
  Time since last request: 0.000022 seconds.
  path: Assets/Assets _ Expence/Mugs, Bowls and Plates/Models/bowl02.fbx
  artifactKey: Guid(7a365be8c890f04429b97542b5278677) Importer(2089858483,192608db42251d675da83286b1cce702)
Start importing Assets/Assets _ Expence/Mugs, Bowls and Plates/Models/bowl02.fbx using Guid(7a365be8c890f04429b97542b5278677) Importer(2089858483,192608db42251d675da83286b1cce702) (ScriptedImporter) -> (artifact id: 'bafa23c29abd8389d017c28ad42fbb11') in 0.034245 seconds
Number of updated asset objects reloaded before import = 0Number of asset objects unloaded after import = 7

========================================================================
Received Import Request.
  Time since last request: 0.000046 seconds.
  path: Assets/Часы/23/source/chasi final.obj
  artifactKey: Guid(11c92c3510e3be943a6de51c64726656) Importer(2089858483,192608db42251d675da83286b1cce702)
Start importing Assets/Часы/23/source/chasi final.obj using Guid(11c92c3510e3be943a6de51c64726656) Importer(2089858483,192608db42251d675da83286b1cce702) (ScriptedImporter) -> (artifact id: 'c9783dbfdb2b5a34c9ce6f50844e2424') in 0.0370055 seconds
Number of updated asset objects reloaded before import = 0Number of asset objects unloaded after import = 10

========================================================================
Received Import Request.
  Time since last request: 0.000022 seconds.
  path: Assets/Assets _ Expence/nappin/OfficeEssentialsPack/Models/(Msh)Shelves3.fbx
  artifactKey: Guid(37499d43b1aa89c40a7d08a4eb08992c) Importer(2089858483,192608db42251d675da83286b1cce702)
Start importing Assets/Assets _ Expence/nappin/OfficeEssentialsPack/Models/(Msh)Shelves3.fbx using Guid(37499d43b1aa89c40a7d08a4eb08992c) Importer(2089858483,192608db42251d675da83286b1cce702) (ScriptedImporter) -> (artifact id: '0c4aa00b25289247825ac8d152de6588') in 0.0367752 seconds
Number of updated asset objects reloaded before import = 0Number of asset objects unloaded after import = 9

========================================================================
Received Import Request.
  Time since last request: 0.000023 seconds.
  path: Assets/Assets _ Expence/NextGen Furniture Pack/Models/table_1.FBX
  artifactKey: Guid(e0f10cddd6a2cc848b4e6485c367a547) Importer(2089858483,192608db42251d675da83286b1cce702)
Start importing Assets/Assets _ Expence/NextGen Furniture Pack/Models/table_1.FBX using Guid(e0f10cddd6a2cc848b4e6485c367a547) Importer(2089858483,192608db42251d675da83286b1cce702) (ScriptedImporter) -> (artifact id: 'fb2ce9efc5577e42c8ff8ef39a09223a') in 0.0370645 seconds
Number of updated asset objects reloaded before import = 0Number of asset objects unloaded after import = 7

========================================================================
Received Import Request.
  Time since last request: 0.000023 seconds.
  path: Assets/Assets _ Expence/HDRPFurniturePack/Coffee_Table_Books
  artifactKey: Guid(f9c5c6c272355b840b180a50acbf3909) Importer(2089858483,192608db42251d675da83286b1cce702)
Start importing Assets/Assets _ Expence/HDRPFurniturePack/Coffee_Table_Books using Guid(f9c5c6c272355b840b180a50acbf3909) Importer(2089858483,192608db42251d675da83286b1cce702) (ScriptedImporter) -> (artifact id: '1548f826b8861d0e29d6651f35480895') in 0.0138083 seconds
Number of updated asset objects reloaded before import = 0Number of asset objects unloaded after import = 1

========================================================================
Received Import Request.
  Time since last request: 0.000035 seconds.
  path: Assets/Забор/Convert.exe
  artifactKey: Guid(47497ad072ab67e46804533d15c87edc) Importer(2089858483,192608db42251d675da83286b1cce702)
Start importing Assets/Забор/Convert.exe using Guid(47497ad072ab67e46804533d15c87edc) Importer(2089858483,192608db42251d675da83286b1cce702) (ScriptedImporter) -> (artifact id: '0a416c51f3e12cd6401095d1946a76b0') in 0.018797 seconds
Number of updated asset objects reloaded before import = 0Number of asset objects unloaded after import = 1

========================================================================
Received Import Request.
  Time since last request: 0.000036 seconds.
  path: Assets/Assets _ Expence/Phoenix3D/P3D_Wallpaper_Carpet_and_CurtainFabric_Materials_Pack/Models/Sample_House.fbx
  artifactKey: Guid(e483718f963bf674faaf7889274464d1) Importer(2089858483,192608db42251d675da83286b1cce702)
Start importing Assets/Assets _ Expence/Phoenix3D/P3D_Wallpaper_Carpet_and_CurtainFabric_Materials_Pack/Models/Sample_House.fbx using Guid(e483718f963bf674faaf7889274464d1) Importer(2089858483,192608db42251d675da83286b1cce702) (ScriptedImporter) -> (artifact id: '0412b9f4c468d1e587b183f6281a88d8') in 0.2463676 seconds
Number of updated asset objects reloaded before import = 0Number of asset objects unloaded after import = 169

========================================================================
Received Import Request.
  Time since last request: 0.103197 seconds.
  path: Assets/NextGen Furniture Pack/Models/Materials/sofa_2-01 - Default.mat
  artifactKey: Guid(5f8536b35e05372458a6da5d1e3c1ee2) Importer(2089858483,192608db42251d675da83286b1cce702)
Start importing Assets/NextGen Furniture Pack/Models/Materials/sofa_2-01 - Default.mat using Guid(5f8536b35e05372458a6da5d1e3c1ee2) Importer(2089858483,192608db42251d675da83286b1cce702) (ScriptedImporter) -> (artifact id: 'aaa145acdd8f4fa3a6d1972b99c18e4c') in 0.0237608 seconds
Number of updated asset objects reloaded before import = 0Number of asset objects unloaded after import = 1

========================================================================
Received Import Request.
  Time since last request: 0.000020 seconds.
  path: Assets/Assets _ Expence/4K Tiled Ground Textures p2/Scenes/Demo.unity
  artifactKey: Guid(7596f5daee412644fb4f17bb57a6204f) Importer(2089858483,192608db42251d675da83286b1cce702)
Start importing Assets/Assets _ Expence/4K Tiled Ground Textures p2/Scenes/Demo.unity using Guid(7596f5daee412644fb4f17bb57a6204f) Importer(2089858483,192608db42251d675da83286b1cce702) (ScriptedImporter) -> (artifact id: 'e0c888f6526319f0a487fc33fcc8037e') in 0.0243105 seconds
Number of updated asset objects reloaded before import = 0Number of asset objects unloaded after import = 1

========================================================================
Received Import Request.
  Time since last request: 0.000030 seconds.
  path: Assets/Assets _ Expence/DEMO/Standard Assets/Effects/ImageEffects/Shaders/_BloomAndFlares
  artifactKey: Guid(207634461deebd6458cc08912dda1b37) Importer(2089858483,192608db42251d675da83286b1cce702)
Start importing Assets/Assets _ Expence/DEMO/Standard Assets/Effects/ImageEffects/Shaders/_BloomAndFlares using Guid(207634461deebd6458cc08912dda1b37) Importer(2089858483,192608db42251d675da83286b1cce702) (ScriptedImporter) -> (artifact id: 'e1f8fc6e2b06431a1a2907d4b21c2e37') in 0.015303 seconds
Number of updated asset objects reloaded before import = 0Number of asset objects unloaded after import = 1

========================================================================
Received Import Request.
  Time since last request: 0.000029 seconds.
  path: Assets/Assets _ Expence/HighQualityBricks&Walls/Shaders/patch-924648.shader
  artifactKey: Guid(2eb158e02c41a6d41a7fe26cc147abca) Importer(2089858483,192608db42251d675da83286b1cce702)
Start importing Assets/Assets _ Expence/HighQualityBricks&Walls/Shaders/patch-924648.shader using Guid(2eb158e02c41a6d41a7fe26cc147abca) Importer(2089858483,192608db42251d675da83286b1cce702) (ScriptedImporter) -> (artifact id: '2867a8e931755e5610ae0f68515885b5') in 0.0204544 seconds
Number of updated asset objects reloaded before import = 0Number of asset objects unloaded after import = 1

========================================================================
Received Import Request.
  Time since last request: 0.000025 seconds.
  path: Assets/Assets _ Expence/Free Wood Door Pack
  artifactKey: Guid(9e481c2381d97a14eb6cf363c95f8951) Importer(2089858483,192608db42251d675da83286b1cce702)
Start importing Assets/Assets _ Expence/Free Wood Door Pack using Guid(9e481c2381d97a14eb6cf363c95f8951) Importer(2089858483,192608db42251d675da83286b1cce702) (ScriptedImporter) -> (artifact id: '2979e3fb61d63759bf2956a5e90131be') in 0.0156089 seconds
Number of updated asset objects reloaded before import = 0Number of asset objects unloaded after import = 1

========================================================================
Received Import Request.
  Time since last request: 0.000027 seconds.
  path: Assets/Assets _ Expence/JJ_InteriorDoorPack_V1/Scenes
  artifactKey: Guid(d2520663e65df384284221a4ccaf4736) Importer(2089858483,192608db42251d675da83286b1cce702)
Start importing Assets/Assets _ Expence/JJ_InteriorDoorPack_V1/Scenes using Guid(d2520663e65df384284221a4ccaf4736) Importer(2089858483,192608db42251d675da83286b1cce702) (ScriptedImporter) -> (artifact id: '1af6b5bc2022ccdde6971dc694975951') in 0.0130869 seconds
Number of updated asset objects reloaded before import = 0Number of asset objects unloaded after import = 1

========================================================================
Received Import Request.
  Time since last request: 0.000032 seconds.
  path: Assets/Assets _ Expence/JJ_InteriorDoorPack_V1/Textures/Knobs/intDoor_knob01_mat_doorKnob_AlbedoTransparency.png
  artifactKey: Guid(9c2982889c173964eb4013dce28b5752) Importer(2089858483,192608db42251d675da83286b1cce702)
Start importing Assets/Assets _ Expence/JJ_InteriorDoorPack_V1/Textures/Knobs/intDoor_knob01_mat_doorKnob_AlbedoTransparency.png using Guid(9c2982889c173964eb4013dce28b5752) Importer(2089858483,192608db42251d675da83286b1cce702) (ScriptedImporter) -> (artifact id: '02087d2ac250674d1ca2fe9627c12f6f') in 0.038662 seconds
Number of updated asset objects reloaded before import = 0Number of asset objects unloaded after import = 1

========================================================================
Received Import Request.
  Time since last request: 0.000022 seconds.
  path: Assets/Стол/R_f9992412053f45759ca1ffadc5baf8bb_TEX_SFT_FancyCoffeeTable_Main_metallic.png
  artifactKey: Guid(5a6e9bcb9af4e7e49a6e0f5c554d44da) Importer(2089858483,192608db42251d675da83286b1cce702)
Start importing Assets/Стол/R_f9992412053f45759ca1ffadc5baf8bb_TEX_SFT_FancyCoffeeTable_Main_metallic.png using Guid(5a6e9bcb9af4e7e49a6e0f5c554d44da) Importer(2089858483,192608db42251d675da83286b1cce702) (ScriptedImporter) -> (artifact id: 'ad1e42d1c0be5d5391edb2af62586f81') in 0.0363339 seconds
Number of updated asset objects reloaded before import = 0Number of asset objects unloaded after import = 1

========================================================================
Received Import Request.
  Time since last request: 0.000032 seconds.
  path: Assets/Часы/24/Materials/Base_Base_color.mat
  artifactKey: Guid(b388e1a181a6f82428f2421fc6fa3fe9) Importer(2089858483,192608db42251d675da83286b1cce702)
Start importing Assets/Часы/24/Materials/Base_Base_color.mat using Guid(b388e1a181a6f82428f2421fc6fa3fe9) Importer(2089858483,192608db42251d675da83286b1cce702) (ScriptedImporter) -> (artifact id: '5d92088e513a73aa812bbe677627c3d6') in 0.0195651 seconds
Number of updated asset objects reloaded before import = 0Number of asset objects unloaded after import = 2

========================================================================
Received Import Request.
  Time since last request: 0.000020 seconds.
  path: Assets/Assets _ Expence/3Dfrk/Frames with pictures/Materials/Paint_10.mat
  artifactKey: Guid(af55e777d1b53fc458b07eb2a885a0a2) Importer(2089858483,192608db42251d675da83286b1cce702)
Start importing Assets/Assets _ Expence/3Dfrk/Frames with pictures/Materials/Paint_10.mat using Guid(af55e777d1b53fc458b07eb2a885a0a2) Importer(2089858483,192608db42251d675da83286b1cce702) (ScriptedImporter) -> (artifact id: 'd48fd0b6cca136e562d9151524734e52') in 0.0166542 seconds
Number of updated asset objects reloaded before import = 0Number of asset objects unloaded after import = 2

========================================================================
Received Import Request.
  Time since last request: 0.000021 seconds.
  path: Assets/Assets _ Expence/DEMO/Standard Assets/Effects/ImageEffects/Shaders/_Antialiasing
  artifactKey: Guid(ba78cb72f78d2404e8b9f1311198b676) Importer(2089858483,192608db42251d675da83286b1cce702)
Start importing Assets/Assets _ Expence/DEMO/Standard Assets/Effects/ImageEffects/Shaders/_Antialiasing using Guid(ba78cb72f78d2404e8b9f1311198b676) Importer(2089858483,192608db42251d675da83286b1cce702) (ScriptedImporter) -> (artifact id: 'ddefa9cd2f4a48958f4d6652beded443') in 0.0153793 seconds
Number of updated asset objects reloaded before import = 0Number of asset objects unloaded after import = 1

========================================================================
Received Import Request.
  Time since last request: 0.000020 seconds.
  path: Assets/Assets _ Expence/Pegasus Studios/Elegant Interior Decor 3D Models Pack/Resources/Models/Painting.fbx
  artifactKey: Guid(9898ff65fb292ac4fa4c3d4caa0903f5) Importer(2089858483,192608db42251d675da83286b1cce702)
Start importing Assets/Assets _ Expence/Pegasus Studios/Elegant Interior Decor 3D Models Pack/Resources/Models/Painting.fbx using Guid(9898ff65fb292ac4fa4c3d4caa0903f5) Importer(2089858483,192608db42251d675da83286b1cce702) (ScriptedImporter) -> (artifact id: 'b8fd0a50aa602b372cb9caa7f7515c1b') in 0.0378278 seconds
Number of updated asset objects reloaded before import = 0Number of asset objects unloaded after import = 8

========================================================================
Received Import Request.
  Time since last request: 0.000023 seconds.
  path: Assets/Часы/23/Materials/chasi_final_Default_OBJ.001_BaseColor.mat
  artifactKey: Guid(4b87fc4fd0a1a3d4e8931188c3c7126c) Importer(2089858483,192608db42251d675da83286b1cce702)
Start importing Assets/Часы/23/Materials/chasi_final_Default_OBJ.001_BaseColor.mat using Guid(4b87fc4fd0a1a3d4e8931188c3c7126c) Importer(2089858483,192608db42251d675da83286b1cce702) (ScriptedImporter) -> (artifact id: 'ff4fbe92e3b9cf905baf65217255c9b9') in 0.022555 seconds
Number of updated asset objects reloaded before import = 0Number of asset objects unloaded after import = 2

========================================================================
Received Import Request.
  Time since last request: 0.000034 seconds.
  path: Assets/Assets _ Expence/Brick Project Studio/Apartment Kit/_Prefabs/Furniture/Kitchen/Cabinets/Cabinet_Wall_DD_02.prefab
  artifactKey: Guid(13f42dcba88ed864ba773d633a40f014) Importer(2089858483,192608db42251d675da83286b1cce702)
Start importing Assets/Assets _ Expence/Brick Project Studio/Apartment Kit/_Prefabs/Furniture/Kitchen/Cabinets/Cabinet_Wall_DD_02.prefab using Guid(13f42dcba88ed864ba773d633a40f014) Importer(2089858483,192608db42251d675da83286b1cce702) (ScriptedImporter) -> (artifact id: '20f991d622cbdc5bd2ef4a9fd602dce3') in 0.0259866 seconds
Number of updated asset objects reloaded before import = 0Number of asset objects unloaded after import = 29

========================================================================
Received Import Request.
  Time since last request: 0.000036 seconds.
  path: Assets/Assets _ Expence/HyperLuminal/SlidingTilePuzzle/Prefabs/SlidingTile_5by5.prefab
  artifactKey: Guid(0810379848a0c454cb0735887040a649) Importer(2089858483,192608db42251d675da83286b1cce702)
Start importing Assets/Assets _ Expence/HyperLuminal/SlidingTilePuzzle/Prefabs/SlidingTile_5by5.prefab using Guid(0810379848a0c454cb0735887040a649) Importer(2089858483,192608db42251d675da83286b1cce702) (ScriptedImporter) -> (artifact id: '40862cb77d4be8248124587657734ddc') in 0.019564 seconds
Number of updated asset objects reloaded before import = 0Number of asset objects unloaded after import = 5

========================================================================
Received Import Request.
  Time since last request: 0.000021 seconds.
  path: Assets/Assets _ Expence/3Dfrk
  artifactKey: Guid(61b6835ad154c99418d4045fbb01372b) Importer(2089858483,192608db42251d675da83286b1cce702)
Start importing Assets/Assets _ Expence/3Dfrk using Guid(61b6835ad154c99418d4045fbb01372b) Importer(2089858483,192608db42251d675da83286b1cce702) (ScriptedImporter) -> (artifact id: 'c0d9f2e0b864ee5d80e15bd57346cd67') in 0.0150118 seconds
Number of updated asset objects reloaded before import = 0Number of asset objects unloaded after import = 1

========================================================================
Received Import Request.
  Time since last request: 0.000026 seconds.
  path: Assets/Assets _ Expence/DEMO/Standard Assets/Effects/ImageEffects/Shaders/_Antialiasing/FXAA2.shader
  artifactKey: Guid(850295f080d96d8428adfe013dc12286) Importer(2089858483,192608db42251d675da83286b1cce702)
Start importing Assets/Assets _ Expence/DEMO/Standard Assets/Effects/ImageEffects/Shaders/_Antialiasing/FXAA2.shader using Guid(850295f080d96d8428adfe013dc12286) Importer(2089858483,192608db42251d675da83286b1cce702) (ScriptedImporter) -> (artifact id: 'ca4ee058a496c99fef20b0663e5ba5ee') in 0.0163219 seconds
Number of updated asset objects reloaded before import = 0Number of asset objects unloaded after import = 1

========================================================================
Received Import Request.
  Time since last request: 0.067438 seconds.
  path: Assets/Часы/12/N_1f2822aec9f24041bcf27d5c27aa1d60_watchbraceletbox01_metal_Mat_Normal.png
  artifactKey: Guid(6650fbedaaacd5949ae0e83cd70d8d07) Importer(2089858483,192608db42251d675da83286b1cce702)
Start importing Assets/Часы/12/N_1f2822aec9f24041bcf27d5c27aa1d60_watchbraceletbox01_metal_Mat_Normal.png using Guid(6650fbedaaacd5949ae0e83cd70d8d07) Importer(2089858483,192608db42251d675da83286b1cce702) (ScriptedImporter) -> (artifact id: '9bf5eb4216e75abea381dd86a73f7c88') in 0.1138217 seconds
Number of updated asset objects reloaded before import = 0Number of asset objects unloaded after import = 1

========================================================================
Received Import Request.
  Time since last request: 0.000028 seconds.
  path: Assets/Assets _ Expence/3Dfrk/Frames with pictures/Textures/Paint_04.png
  artifactKey: Guid(2cfaeb078189b754fb8e0bd2410071b8) Importer(2089858483,192608db42251d675da83286b1cce702)
Start importing Assets/Assets _ Expence/3Dfrk/Frames with pictures/Textures/Paint_04.png using Guid(2cfaeb078189b754fb8e0bd2410071b8) Importer(2089858483,192608db42251d675da83286b1cce702) (ScriptedImporter) -> (artifact id: '8017aa7a7b8b9938a1a01f5321fb8d3b') in 0.0327176 seconds
Number of updated asset objects reloaded before import = 0Number of asset objects unloaded after import = 1

========================================================================
Received Import Request.
  Time since last request: 0.000036 seconds.
  path: Assets/Assets _ Expence/nappin/OfficeEssentialsPack/Models/(Msh)PenHolder.fbx
  artifactKey: Guid(210d5ca331b86e44f97d9283d635eb61) Importer(2089858483,192608db42251d675da83286b1cce702)
Start importing Assets/Assets _ Expence/nappin/OfficeEssentialsPack/Models/(Msh)PenHolder.fbx using Guid(210d5ca331b86e44f97d9283d635eb61) Importer(2089858483,192608db42251d675da83286b1cce702) (ScriptedImporter) -> (artifact id: '0a794f1d058ecbf78f4c8950f04bfe14') in 0.0369811 seconds
Number of updated asset objects reloaded before import = 0Number of asset objects unloaded after import = 26

========================================================================
Received Import Request.
  Time since last request: 0.000020 seconds.
  path: Assets/Assets _ Expence/TextMesh Pro/Shaders/TMP_Bitmap-Mobile.shader
  artifactKey: Guid(27962ebd7df2cdb4aa7be563d4325ef9) Importer(2089858483,192608db42251d675da83286b1cce702)
Start importing Assets/Assets _ Expence/TextMesh Pro/Shaders/TMP_Bitmap-Mobile.shader using Guid(27962ebd7df2cdb4aa7be563d4325ef9) Importer(2089858483,192608db42251d675da83286b1cce702) (ScriptedImporter) -> (artifact id: '883d41031a1bf1c51d705815b3f8e9d3') in 0.0143699 seconds
Number of updated asset objects reloaded before import = 0Number of asset objects unloaded after import = 1

========================================================================
Received Import Request.
  Time since last request: 0.000021 seconds.
  path: Assets/Assets _ Expence/Phoenix3D/P3D_Wallpaper_Carpet_and_CurtainFabric_Materials_Pack/Scenes/P3D_Wallpaper_Carpet_and_CurtainFabric_Materials_Pack/Main Camera Profile.asset
  artifactKey: Guid(07ae577ed30a2c142ba155898c171fec) Importer(2089858483,192608db42251d675da83286b1cce702)
Start importing Assets/Assets _ Expence/Phoenix3D/P3D_Wallpaper_Carpet_and_CurtainFabric_Materials_Pack/Scenes/P3D_Wallpaper_Carpet_and_CurtainFabric_Materials_Pack/Main Camera Profile.asset using Guid(07ae577ed30a2c142ba155898c171fec) Importer(2089858483,192608db42251d675da83286b1cce702) (ScriptedImporter) -> (artifact id: 'fd73e7d1a30b422e2a6ebcef9c6e164c') in 0.0133129 seconds
Number of updated asset objects reloaded before import = 0Number of asset objects unloaded after import = 1

========================================================================
Received Import Request.
  Time since last request: 0.000020 seconds.
  path: Assets/Assets _ Expence/SpaceZeta_StreetLamps/Base Meshes/StreetLamp1_ShortDouble.fbx
  artifactKey: Guid(0d93d1ae69a17554da3686b9570a2e53) Importer(2089858483,192608db42251d675da83286b1cce702)
Start importing Assets/Assets _ Expence/SpaceZeta_StreetLamps/Base Meshes/StreetLamp1_ShortDouble.fbx using Guid(0d93d1ae69a17554da3686b9570a2e53) Importer(2089858483,192608db42251d675da83286b1cce702) (ScriptedImporter) -> (artifact id: '076af6bd1705c38ff13d3ded54522ab7') in 0.0406693 seconds
Number of updated asset objects reloaded before import = 0Number of asset objects unloaded after import = 8

========================================================================
Received Import Request.
  Time since last request: 0.000031 seconds.
  path: Assets/Assets _ Expence/asset_store/key_lock/textures/key/m_key_01_blue_bc.png
  artifactKey: Guid(c7158ba952c09e04fa4b477c24edb606) Importer(2089858483,192608db42251d675da83286b1cce702)
Start importing Assets/Assets _ Expence/asset_store/key_lock/textures/key/m_key_01_blue_bc.png using Guid(c7158ba952c09e04fa4b477c24edb606) Importer(2089858483,192608db42251d675da83286b1cce702) (ScriptedImporter) -> (artifact id: 'ad9ecb4f2c432876d39d9534b64985c2') in 0.0336743 seconds
Number of updated asset objects reloaded before import = 0Number of asset objects unloaded after import = 1

========================================================================
Received Import Request.
  Time since last request: 0.000038 seconds.
  path: Assets/Assets _ Expence/Phoenix3D/P3D_Wallpaper_Carpet_and_CurtainFabric_Materials_Pack/Scenes/P3D_Wallpaper_Carpet_and_CurtainFabric_Materials_Pack
  artifactKey: Guid(af524e18640e9fb4e99376f874775f1e) Importer(2089858483,192608db42251d675da83286b1cce702)
Start importing Assets/Assets _ Expence/Phoenix3D/P3D_Wallpaper_Carpet_and_CurtainFabric_Materials_Pack/Scenes/P3D_Wallpaper_Carpet_and_CurtainFabric_Materials_Pack using Guid(af524e18640e9fb4e99376f874775f1e) Importer(2089858483,192608db42251d675da83286b1cce702) (ScriptedImporter) -> (artifact id: '4e791020bca09629207348aba1b05afa') in 0.0152845 seconds
Number of updated asset objects reloaded before import = 0Number of asset objects unloaded after import = 1

========================================================================
Received Import Request.
  Time since last request: 0.000020 seconds.
  path: Assets/Assets _ Expence/nappin/OfficeEssentialsPack/Textures
  artifactKey: Guid(b257779d600bf6a42a99cc9c8b900b3e) Importer(2089858483,192608db42251d675da83286b1cce702)
Start importing Assets/Assets _ Expence/nappin/OfficeEssentialsPack/Textures using Guid(b257779d600bf6a42a99cc9c8b900b3e) Importer(2089858483,192608db42251d675da83286b1cce702) (ScriptedImporter) -> (artifact id: 'e3220c20c808eef4cab8375f2d9c5694') in 0.0141219 seconds
Number of updated asset objects reloaded before import = 0Number of asset objects unloaded after import = 1

========================================================================
Received Import Request.
  Time since last request: 0.000024 seconds.
  path: Assets/Assets _ Expence/4K Tiled Ground Textures p2
  artifactKey: Guid(c6a9e3c6f9fa3d94fb316914699cc8f7) Importer(2089858483,192608db42251d675da83286b1cce702)
Start importing Assets/Assets _ Expence/4K Tiled Ground Textures p2 using Guid(c6a9e3c6f9fa3d94fb316914699cc8f7) Importer(2089858483,192608db42251d675da83286b1cce702) (ScriptedImporter) -> (artifact id: '8a57f2066107b5558f602d915fc01737') in 0.0133517 seconds
Number of updated asset objects reloaded before import = 0Number of asset objects unloaded after import = 1

========================================================================
Received Import Request.
  Time since last request: 0.000020 seconds.
  path: Assets/Assets _ Expence/HDRPFurniturePack/Artek/Floor_Light_A810_Artek/Models
  artifactKey: Guid(028a845fb5627c346828d5e5fe2855c7) Importer(2089858483,192608db42251d675da83286b1cce702)
Start importing Assets/Assets _ Expence/HDRPFurniturePack/Artek/Floor_Light_A810_Artek/Models using Guid(028a845fb5627c346828d5e5fe2855c7) Importer(2089858483,192608db42251d675da83286b1cce702) (ScriptedImporter) -> (artifact id: '12a69100a2ce7d0f0ab164e0eaa9f173') in 0.0136037 seconds
Number of updated asset objects reloaded before import = 0Number of asset objects unloaded after import = 1

========================================================================
Received Import Request.
  Time since last request: 0.000030 seconds.
  path: Assets/Забор/XTNFZLSRMZB4DAPUNN2X3AC0X.jpg
  artifactKey: Guid(408007dda75ab094da70b3d6a8444b39) Importer(2089858483,192608db42251d675da83286b1cce702)
Start importing Assets/Забор/XTNFZLSRMZB4DAPUNN2X3AC0X.jpg using Guid(408007dda75ab094da70b3d6a8444b39) Importer(2089858483,192608db42251d675da83286b1cce702) (ScriptedImporter) -> (artifact id: '31cb139766264693bfd4b9cd215a2412') in 0.0510664 seconds
Number of updated asset objects reloaded before import = 0Number of asset objects unloaded after import = 1

========================================================================
Received Import Request.
  Time since last request: 0.000046 seconds.
  path: Assets/Assets _ Expence/asset_store/key_lock/material/m_key_blue_01.mat
  artifactKey: Guid(c5a5685d13560c4479e34aab9955343e) Importer(2089858483,192608db42251d675da83286b1cce702)
Start importing Assets/Assets _ Expence/asset_store/key_lock/material/m_key_blue_01.mat using Guid(c5a5685d13560c4479e34aab9955343e) Importer(2089858483,192608db42251d675da83286b1cce702) (ScriptedImporter) -> (artifact id: '11fdb1144413f62651f0cc6c76a83656') in 0.0250406 seconds
Number of updated asset objects reloaded before import = 0Number of asset objects unloaded after import = 5

========================================================================
Received Import Request.
  Time since last request: 0.000016 seconds.
  path: Assets/Assets _ Expence/TextMesh Pro/Shaders/TMP_SDF-URP Lit.shadergraph
  artifactKey: Guid(2b953a9d2cffdfd43a1ad150a0d57885) Importer(2089858483,192608db42251d675da83286b1cce702)
Start importing Assets/Assets _ Expence/TextMesh Pro/Shaders/TMP_SDF-URP Lit.shadergraph using Guid(2b953a9d2cffdfd43a1ad150a0d57885) Importer(2089858483,192608db42251d675da83286b1cce702) (ScriptedImporter) -> (artifact id: '01d406e76d3bbdeae655a3946cc3b6ed') in 0.2766713 seconds
Number of updated asset objects reloaded before import = 0Number of asset objects unloaded after import = 4

========================================================================
Received Import Request.
  Time since last request: 0.000035 seconds.
  path: Assets/Часы/14/How to Convert (Obj Fbx...).txt
  artifactKey: Guid(be20d8335b477cb4fafc47beac904f29) Importer(2089858483,192608db42251d675da83286b1cce702)
Start importing Assets/Часы/14/How to Convert (Obj Fbx...).txt using Guid(be20d8335b477cb4fafc47beac904f29) Importer(2089858483,192608db42251d675da83286b1cce702) (ScriptedImporter) -> (artifact id: '7e8ca2bd748f55e15b590a8727e2250f') in 0.015081 seconds
Number of updated asset objects reloaded before import = 0Number of asset objects unloaded after import = 1

========================================================================
Received Import Request.
  Time since last request: 0.000051 seconds.
  path: Assets/Assets _ Expence/asset_store/key_lock/textures/key/m_key_01_red_bc.png
  artifactKey: Guid(ed35d41a76b7aff4cb0b40467bdd9114) Importer(2089858483,192608db42251d675da83286b1cce702)
Start importing Assets/Assets _ Expence/asset_store/key_lock/textures/key/m_key_01_red_bc.png using Guid(ed35d41a76b7aff4cb0b40467bdd9114) Importer(2089858483,192608db42251d675da83286b1cce702) (ScriptedImporter) -> (artifact id: 'ced93a07dd96aff5087f82200988760f') in 0.0402119 seconds
Number of updated asset objects reloaded before import = 0Number of asset objects unloaded after import = 1

========================================================================
Received Import Request.
  Time since last request: 0.000018 seconds.
  path: Assets/Assets _ Expence/50 Fabric Materials_VOL01/Materials/T_HS_fabric_50_AlbedoTransparency 17.mat
  artifactKey: Guid(6236d68e5afcaf9408fc19b6501700ad) Importer(2089858483,192608db42251d675da83286b1cce702)
Start importing Assets/Assets _ Expence/50 Fabric Materials_VOL01/Materials/T_HS_fabric_50_AlbedoTransparency 17.mat using Guid(6236d68e5afcaf9408fc19b6501700ad) Importer(2089858483,192608db42251d675da83286b1cce702) (ScriptedImporter) -> (artifact id: '4fc5a420cac81a3925c38862e8903841') in 0.0229024 seconds
Number of updated asset objects reloaded before import = 0Number of asset objects unloaded after import = 2

========================================================================
Received Import Request.
  Time since last request: 0.000025 seconds.
  path: Assets/Assets _ Expence/Pegasus Studios/Elegant Interior Decor 3D Models Pack/Resources/Models
  artifactKey: Guid(29b6620c37186ba4c8d5a1111939f0f8) Importer(2089858483,192608db42251d675da83286b1cce702)
Start importing Assets/Assets _ Expence/Pegasus Studios/Elegant Interior Decor 3D Models Pack/Resources/Models using Guid(29b6620c37186ba4c8d5a1111939f0f8) Importer(2089858483,192608db42251d675da83286b1cce702) (ScriptedImporter) -> (artifact id: 'c4a0d3f86aaa526d7c6886173e42afbd') in 0.0146262 seconds
Number of updated asset objects reloaded before import = 0Number of asset objects unloaded after import = 1

========================================================================
Received Import Request.
  Time since last request: 0.000019 seconds.
  path: Assets/Assets _ Expence/NextGen Furniture Pack/Models/table_2.FBX
  artifactKey: Guid(838393ad58d7a0645a7147d523029b0c) Importer(2089858483,192608db42251d675da83286b1cce702)
Start importing Assets/Assets _ Expence/NextGen Furniture Pack/Models/table_2.FBX using Guid(838393ad58d7a0645a7147d523029b0c) Importer(2089858483,192608db42251d675da83286b1cce702) (ScriptedImporter) -> (artifact id: 'e19177a332acdd9dd55a11e65aae8d20') in 0.033609 seconds
Number of updated asset objects reloaded before import = 0Number of asset objects unloaded after import = 7

========================================================================
Received Import Request.
  Time since last request: 0.000035 seconds.
  path: Assets/Assets _ Expence/SourceFiles/StarterAssets/ThirdPersonController/Character/Animations/Locomotion--Run_N.anim.fbx
  artifactKey: Guid(25f2384a90d4fee4597ace20617f7073) Importer(2089858483,192608db42251d675da83286b1cce702)
Start importing Assets/Assets _ Expence/SourceFiles/StarterAssets/ThirdPersonController/Character/Animations/Locomotion--Run_N.anim.fbx using Guid(25f2384a90d4fee4597ace20617f7073) Importer(2089858483,192608db42251d675da83286b1cce702) (ScriptedImporter) -> (artifact id: 'd587d3f5cb236d28648a7df2d4c23d0f') in 0.0374879 seconds
Number of updated asset objects reloaded before import = 0Number of asset objects unloaded after import = 144

========================================================================
Received Import Request.
  Time since last request: 0.000038 seconds.
  path: Assets/Assets _ Expence/Часы/6/model.g3d
  artifactKey: Guid(41cdf89c304dd1c489d68297d518742f) Importer(2089858483,192608db42251d675da83286b1cce702)
Start importing Assets/Assets _ Expence/Часы/6/model.g3d using Guid(41cdf89c304dd1c489d68297d518742f) Importer(2089858483,192608db42251d675da83286b1cce702) (ScriptedImporter) -> (artifact id: 'ac8b2b22219f32bc178067cef8e2f6f5') in 0.0144515 seconds
Number of updated asset objects reloaded before import = 0Number of asset objects unloaded after import = 1

========================================================================
Received Import Request.
  Time since last request: 0.000031 seconds.
  path: Assets/Assets _ Expence/DEMO/Standard Assets/Effects/ImageEffects/Shaders/_Antialiasing/NFAA.shader
  artifactKey: Guid(ac686a48e2bf6fa4caa3fd6289310e0a) Importer(2089858483,192608db42251d675da83286b1cce702)
Start importing Assets/Assets _ Expence/DEMO/Standard Assets/Effects/ImageEffects/Shaders/_Antialiasing/NFAA.shader using Guid(ac686a48e2bf6fa4caa3fd6289310e0a) Importer(2089858483,192608db42251d675da83286b1cce702) (ScriptedImporter) -> (artifact id: 'feb1cd9fe8408829a063fcae76d8739f') in 0.0148501 seconds
Number of updated asset objects reloaded before import = 0Number of asset objects unloaded after import = 1

========================================================================
Received Import Request.
  Time since last request: 0.000022 seconds.
  path: Assets/Assets _ Expence/3Dfrk/Frames with pictures/Textures/Paint_07.png
  artifactKey: Guid(f796bc70769c1644da507e760f8fa787) Importer(2089858483,192608db42251d675da83286b1cce702)
Start importing Assets/Assets _ Expence/3Dfrk/Frames with pictures/Textures/Paint_07.png using Guid(f796bc70769c1644da507e760f8fa787) Importer(2089858483,192608db42251d675da83286b1cce702) (ScriptedImporter) -> (artifact id: '34ad3368d6b6b65617aea25f6823b6e6') in 0.0343728 seconds
Number of updated asset objects reloaded before import = 0Number of asset objects unloaded after import = 1

========================================================================
Received Import Request.
  Time since last request: 0.000029 seconds.
  path: Assets/Assets _ Expence/HDRPFurniturePack/Artek/Coffee_Table_907B_Artek/Models/Coffee_Table_907B_Artek.fbx
  artifactKey: Guid(c7fb28ae05281c04796b1117b1ac6a46) Importer(2089858483,192608db42251d675da83286b1cce702)
Start importing Assets/Assets _ Expence/HDRPFurniturePack/Artek/Coffee_Table_907B_Artek/Models/Coffee_Table_907B_Artek.fbx using Guid(c7fb28ae05281c04796b1117b1ac6a46) Importer(2089858483,192608db42251d675da83286b1cce702) (ScriptedImporter) -> (artifact id: 'ada72c3f82dc640d5259ac31d7670f10') in 0.0399666 seconds
Number of updated asset objects reloaded before import = 0Number of asset objects unloaded after import = 14

========================================================================
Received Import Request.
  Time since last request: 0.000031 seconds.
  path: Assets/Assets _ Expence/Free Wood Door Pack/Scene
  artifactKey: Guid(b01f74007a8bbaa4a8c95aff4a91e721) Importer(2089858483,192608db42251d675da83286b1cce702)
Start importing Assets/Assets _ Expence/Free Wood Door Pack/Scene using Guid(b01f74007a8bbaa4a8c95aff4a91e721) Importer(2089858483,192608db42251d675da83286b1cce702) (ScriptedImporter) -> (artifact id: '5ab92bd8879a5c5b386798bf8c04507c') in 0.0142874 seconds
Number of updated asset objects reloaded before import = 0Number of asset objects unloaded after import = 1

========================================================================
Received Import Request.
  Time since last request: 0.000036 seconds.
  path: Assets/Assets _ Expence/TextMesh Pro/Shaders/TMP_Bitmap-Custom-Atlas.shader
  artifactKey: Guid(8cdf47d19aa3dda4f9b6f8d125c4320b) Importer(2089858483,192608db42251d675da83286b1cce702)
Start importing Assets/Assets _ Expence/TextMesh Pro/Shaders/TMP_Bitmap-Custom-Atlas.shader using Guid(8cdf47d19aa3dda4f9b6f8d125c4320b) Importer(2089858483,192608db42251d675da83286b1cce702) (ScriptedImporter) -> (artifact id: '76e44b27cbe751a893c078841b880ca0') in 0.0280673 seconds
Number of updated asset objects reloaded before import = 0Number of asset objects unloaded after import = 1

========================================================================
Received Import Request.
  Time since last request: 0.000026 seconds.
  path: Assets/Assets _ Expence/Brick Project Studio/Apartment Kit/_Prefabs/Furniture/Bedroom/Dresser_Apt_01.prefab
  artifactKey: Guid(150abcab25ae07341abd96897226cece) Importer(2089858483,192608db42251d675da83286b1cce702)
Start importing Assets/Assets _ Expence/Brick Project Studio/Apartment Kit/_Prefabs/Furniture/Bedroom/Dresser_Apt_01.prefab using Guid(150abcab25ae07341abd96897226cece) Importer(2089858483,192608db42251d675da83286b1cce702) (ScriptedImporter) -> (artifact id: '5465e98c7b543b699e7678b6070c8b32') in 0.0313291 seconds
Number of updated asset objects reloaded before import = 0Number of asset objects unloaded after import = 101

========================================================================
Received Import Request.
  Time since last request: 0.000020 seconds.
  path: Assets/Assets _ Expence/Дом/temp.dat
  artifactKey: Guid(69407cb53bc11d747a6f0a4f7e3c8aa5) Importer(2089858483,192608db42251d675da83286b1cce702)
Start importing Assets/Assets _ Expence/Дом/temp.dat using Guid(69407cb53bc11d747a6f0a4f7e3c8aa5) Importer(2089858483,192608db42251d675da83286b1cce702) (ScriptedImporter) -> (artifact id: '472e0924e491427d57214303acb03f47') in 0.0154416 seconds
Number of updated asset objects reloaded before import = 0Number of asset objects unloaded after import = 1

========================================================================
Received Import Request.
  Time since last request: 0.000022 seconds.
  path: Assets/Assets _ Expence/asset_store/key_lock/prefab/prf_key_01.prefab
  artifactKey: Guid(7995c330aa341a7418a950f225b7909c) Importer(2089858483,192608db42251d675da83286b1cce702)
Start importing Assets/Assets _ Expence/asset_store/key_lock/prefab/prf_key_01.prefab using Guid(7995c330aa341a7418a950f225b7909c) Importer(2089858483,192608db42251d675da83286b1cce702) (ScriptedImporter) -> (artifact id: '52a74e5c0108fa6de4b1dd33f6eead13') in 0.0185928 seconds
Number of updated asset objects reloaded before import = 0Number of asset objects unloaded after import = 9

========================================================================
Received Import Request.
  Time since last request: 0.000045 seconds.
  path: Assets/Assets _ Expence/asset_store/key_lock/textures/key/m_key_01_n.png
  artifactKey: Guid(450d74660a168f2489f62e255d94fd2e) Importer(2089858483,192608db42251d675da83286b1cce702)
Start importing Assets/Assets _ Expence/asset_store/key_lock/textures/key/m_key_01_n.png using Guid(450d74660a168f2489f62e255d94fd2e) Importer(2089858483,192608db42251d675da83286b1cce702) (ScriptedImporter) -> (artifact id: 'cbe64718f76ce18ce51520b5680a5c55') in 0.0349431 seconds
Number of updated asset objects reloaded before import = 0Number of asset objects unloaded after import = 1

========================================================================
Received Import Request.
  Time since last request: 0.000022 seconds.
  path: Assets/Assets _ Expence/DEMO/Standard Assets/Effects/ImageEffects/Shaders/_Antialiasing/FXAA3Console.shader
  artifactKey: Guid(24d50a2cfa6de824eb579cde42988b47) Importer(2089858483,192608db42251d675da83286b1cce702)
Start importing Assets/Assets _ Expence/DEMO/Standard Assets/Effects/ImageEffects/Shaders/_Antialiasing/FXAA3Console.shader using Guid(24d50a2cfa6de824eb579cde42988b47) Importer(2089858483,192608db42251d675da83286b1cce702) (ScriptedImporter) -> (artifact id: 'b2042016c9d7af1597f0b03724a8c8ea') in 0.0160534 seconds
Number of updated asset objects reloaded before import = 0Number of asset objects unloaded after import = 1

========================================================================
Received Import Request.
  Time since last request: 0.000020 seconds.
  path: Assets/Assets _ Expence/nappin/OfficeEssentialsPack/Models/(Msh)PCCase.fbx
  artifactKey: Guid(b4697e11fde024043ac36b19f0ca969e) Importer(2089858483,192608db42251d675da83286b1cce702)
Start importing Assets/Assets _ Expence/nappin/OfficeEssentialsPack/Models/(Msh)PCCase.fbx using Guid(b4697e11fde024043ac36b19f0ca969e) Importer(2089858483,192608db42251d675da83286b1cce702) (ScriptedImporter) -> (artifact id: '0939a287e8600d1d49344b470d48ca3e') in 0.031127 seconds
Number of updated asset objects reloaded before import = 0Number of asset objects unloaded after import = 9

========================================================================
Received Import Request.
  Time since last request: 0.000024 seconds.
  path: Assets/Assets _ Expence/nappin/OfficeEssentialsPack/Textures/(Txt)GradientBeige.png
  artifactKey: Guid(198d19bb2c48249418ad484fc37b15a8) Importer(2089858483,192608db42251d675da83286b1cce702)
Start importing Assets/Assets _ Expence/nappin/OfficeEssentialsPack/Textures/(Txt)GradientBeige.png using Guid(198d19bb2c48249418ad484fc37b15a8) Importer(2089858483,192608db42251d675da83286b1cce702) (ScriptedImporter) -> (artifact id: '74bb281441451b293e0f827fc8cab767') in 0.0341617 seconds
Number of updated asset objects reloaded before import = 0Number of asset objects unloaded after import = 1

========================================================================
Received Import Request.
  Time since last request: 0.000033 seconds.
  path: Assets/Assets _ Expence/HyperLuminal/SlidingTilePuzzle/Scripts/ST_PuzzleDisplay.cs
  artifactKey: Guid(41c66ea5ff2d9ff48b553bf50f955cc6) Importer(2089858483,192608db42251d675da83286b1cce702)
Start importing Assets/Assets _ Expence/HyperLuminal/SlidingTilePuzzle/Scripts/ST_PuzzleDisplay.cs using Guid(41c66ea5ff2d9ff48b553bf50f955cc6) Importer(2089858483,192608db42251d675da83286b1cce702) (ScriptedImporter) -> (artifact id: '7a240d7235d8cc2a22a8fd0a184cd5ce') in 0.017799 seconds
Number of updated asset objects reloaded before import = 0Number of asset objects unloaded after import = 0

========================================================================
Received Import Request.
  Time since last request: 0.000020 seconds.
  path: Assets/Assets _ Expence/ExtrudeMeshAlongBezierTool/Examples/ExampleScene.unity
  artifactKey: Guid(0142adcca7b4f9f40a484b1b4b81ccf7) Importer(2089858483,192608db42251d675da83286b1cce702)
Start importing Assets/Assets _ Expence/ExtrudeMeshAlongBezierTool/Examples/ExampleScene.unity using Guid(0142adcca7b4f9f40a484b1b4b81ccf7) Importer(2089858483,192608db42251d675da83286b1cce702) (ScriptedImporter) -> (artifact id: 'a03995bf532c0c0614f8e323586fdde3') in 0.1349101 seconds
Number of updated asset objects reloaded before import = 0Number of asset objects unloaded after import = 1

========================================================================
Received Import Request.
  Time since last request: 0.000034 seconds.
  path: Assets/Assets _ Expence/Pegasus Studios/Elegant Interior Decor 3D Models Pack/Resources/Models/Old Wall Sconce.fbx
  artifactKey: Guid(18b81851aec12624ebf7d40b676a9fa0) Importer(2089858483,192608db42251d675da83286b1cce702)
Start importing Assets/Assets _ Expence/Pegasus Studios/Elegant Interior Decor 3D Models Pack/Resources/Models/Old Wall Sconce.fbx using Guid(18b81851aec12624ebf7d40b676a9fa0) Importer(2089858483,192608db42251d675da83286b1cce702) (ScriptedImporter) -> (artifact id: '545d15a8b3c0859216cafcc7f653bf7e') in 0.0386111 seconds
Number of updated asset objects reloaded before import = 0Number of asset objects unloaded after import = 8

========================================================================
Received Import Request.
  Time since last request: 0.000036 seconds.
  path: Assets/Assets _ Expence/nappin/OfficeEssentialsPack/Models/(Msh)CeilingFan.fbx
  artifactKey: Guid(0cc1f7795c4a4e241b30ba5ea6cca5c8) Importer(2089858483,192608db42251d675da83286b1cce702)
Start importing Assets/Assets _ Expence/nappin/OfficeEssentialsPack/Models/(Msh)CeilingFan.fbx using Guid(0cc1f7795c4a4e241b30ba5ea6cca5c8) Importer(2089858483,192608db42251d675da83286b1cce702) (ScriptedImporter) -> (artifact id: '2a38d45964d0cc9f610e27965984cc40') in 0.0321134 seconds
Number of updated asset objects reloaded before import = 0Number of asset objects unloaded after import = 16

========================================================================
Received Import Request.
  Time since last request: 0.000021 seconds.
  path: Assets/Assets _ Expence/SourceFiles/Textures/Repeating Tiles/SandWavey_Albedo.tif
  artifactKey: Guid(35ac8205d13c2f74494ab2ee236ac979) Importer(2089858483,192608db42251d675da83286b1cce702)
Start importing Assets/Assets _ Expence/SourceFiles/Textures/Repeating Tiles/SandWavey_Albedo.tif using Guid(35ac8205d13c2f74494ab2ee236ac979) Importer(2089858483,192608db42251d675da83286b1cce702) (ScriptedImporter) -> (artifact id: '8f5c1fe3d136ce742fad0cf606a1a781') in 0.0328242 seconds
Number of updated asset objects reloaded before import = 0Number of asset objects unloaded after import = 1

========================================================================
Received Import Request.
  Time since last request: 0.000018 seconds.
  path: Assets/Assets _ Expence/Brick Project Studio/Apartment Kit/_Prefabs/Furniture/Kitchen/Cabinets/Cabinet_Base_Sink_01.prefab
  artifactKey: Guid(5e13e794b1128ab469a1380978bd035f) Importer(2089858483,192608db42251d675da83286b1cce702)
Start importing Assets/Assets _ Expence/Brick Project Studio/Apartment Kit/_Prefabs/Furniture/Kitchen/Cabinets/Cabinet_Base_Sink_01.prefab using Guid(5e13e794b1128ab469a1380978bd035f) Importer(2089858483,192608db42251d675da83286b1cce702) (ScriptedImporter) -> (artifact id: '1aaacbd11cfeffb4b346f89facb3270d') in 0.0247482 seconds
Number of updated asset objects reloaded before import = 0Number of asset objects unloaded after import = 55

========================================================================
Received Import Request.
  Time since last request: 0.000024 seconds.
  path: Assets/Assets _ Expence/HighQualityBricks&Walls/Shaders/brick-957827.shader
  artifactKey: Guid(0ec6c7484ffce1d4cbd64ea19672733f) Importer(2089858483,192608db42251d675da83286b1cce702)
Start importing Assets/Assets _ Expence/HighQualityBricks&Walls/Shaders/brick-957827.shader using Guid(0ec6c7484ffce1d4cbd64ea19672733f) Importer(2089858483,192608db42251d675da83286b1cce702) (ScriptedImporter) -> (artifact id: '5ebbba88c7bf359cc7e1b754ce842a8a') in 0.014043 seconds
Number of updated asset objects reloaded before import = 0Number of asset objects unloaded after import = 1

========================================================================
Received Import Request.
  Time since last request: 0.000031 seconds.
  path: Assets/Assets _ Expence/Brick Project Studio/Apartment Kit/_Prefabs/Props/Lighting/Lamp_Ceiling_Apt_03.prefab
  artifactKey: Guid(3bff799a3eb845448951290be0cac84c) Importer(2089858483,192608db42251d675da83286b1cce702)
Start importing Assets/Assets _ Expence/Brick Project Studio/Apartment Kit/_Prefabs/Props/Lighting/Lamp_Ceiling_Apt_03.prefab using Guid(3bff799a3eb845448951290be0cac84c) Importer(2089858483,192608db42251d675da83286b1cce702) (ScriptedImporter) -> (artifact id: 'a0951236d0c918e918c01ce431cfd5dd') in 0.0276167 seconds
Number of updated asset objects reloaded before import = 0Number of asset objects unloaded after import = 13

========================================================================
Received Import Request.
  Time since last request: 0.000027 seconds.
  path: Assets/Assets _ Expence/SourceFiles/Models/Box_350x250x200_Mesh.fbx
  artifactKey: Guid(e3b311db0d43f9b4e9c74c2583480e86) Importer(2089858483,192608db42251d675da83286b1cce702)
Start importing Assets/Assets _ Expence/SourceFiles/Models/Box_350x250x200_Mesh.fbx using Guid(e3b311db0d43f9b4e9c74c2583480e86) Importer(2089858483,192608db42251d675da83286b1cce702) (ScriptedImporter) -> (artifact id: '275177f77c1cde862a444c9baf0f6f1f') in 0.0434854 seconds
Number of updated asset objects reloaded before import = 0Number of asset objects unloaded after import = 8

========================================================================
Received Import Request.
  Time since last request: 0.000037 seconds.
  path: Assets/Assets _ Expence/asset_store/key_lock/textures/lock
  artifactKey: Guid(aeb9a4decc2e8bd4c811bda8e7a3b39c) Importer(2089858483,192608db42251d675da83286b1cce702)
Start importing Assets/Assets _ Expence/asset_store/key_lock/textures/lock using Guid(aeb9a4decc2e8bd4c811bda8e7a3b39c) Importer(2089858483,192608db42251d675da83286b1cce702) (ScriptedImporter) -> (artifact id: '1b6575723f1342ab9c2da3200290d4e3') in 0.0143022 seconds
Number of updated asset objects reloaded before import = 0Number of asset objects unloaded after import = 1

========================================================================
Received Import Request.
  Time since last request: 0.000022 seconds.
  path: Assets/Часы/25/Materials
  artifactKey: Guid(8d7c9cc2ad2e988449d18d10f0e1f630) Importer(2089858483,192608db42251d675da83286b1cce702)
Start importing Assets/Часы/25/Materials using Guid(8d7c9cc2ad2e988449d18d10f0e1f630) Importer(2089858483,192608db42251d675da83286b1cce702) (ScriptedImporter) -> (artifact id: '404aff7b4a7538b7ee50283449dec7ee') in 0.0142845 seconds
Number of updated asset objects reloaded before import = 0Number of asset objects unloaded after import = 1

========================================================================
Received Import Request.
  Time since last request: 0.000040 seconds.
  path: Assets/Assets _ Expence/Pegasus Studios/Elegant Interior Decor 3D Models Pack/Resources/Models/Door.fbx
  artifactKey: Guid(a685fe780df6ef74b96ee6306e450bbe) Importer(2089858483,192608db42251d675da83286b1cce702)
Start importing Assets/Assets _ Expence/Pegasus Studios/Elegant Interior Decor 3D Models Pack/Resources/Models/Door.fbx using Guid(a685fe780df6ef74b96ee6306e450bbe) Importer(2089858483,192608db42251d675da83286b1cce702) (ScriptedImporter) -> (artifact id: '828f848654bd2da7bed36cb893029f18') in 0.0435513 seconds
Number of updated asset objects reloaded before import = 0Number of asset objects unloaded after import = 12

========================================================================
Received Import Request.
  Time since last request: 0.000025 seconds.
  path: Assets/Assets _ Expence/DEMO/Standard Assets/Effects/ImageEffects/Shaders/_Antialiasing/DLAA.shader
  artifactKey: Guid(48cb2d7654f4fb246aa0b84106d2e014) Importer(2089858483,192608db42251d675da83286b1cce702)
Start importing Assets/Assets _ Expence/DEMO/Standard Assets/Effects/ImageEffects/Shaders/_Antialiasing/DLAA.shader using Guid(48cb2d7654f4fb246aa0b84106d2e014) Importer(2089858483,192608db42251d675da83286b1cce702) (ScriptedImporter) -> (artifact id: '7ab4a3d68cab4de7baf19723f7a2d082') in 0.0183897 seconds
Number of updated asset objects reloaded before import = 0Number of asset objects unloaded after import = 1

========================================================================
Received Import Request.
  Time since last request: 0.000022 seconds.
  path: Assets/Assets _ Expence/Brick Project Studio/Apartment Kit/_Prefabs/Props/Wine Liquor Beer and Glassware - Sample/wine thin glass Red Wine.prefab
  artifactKey: Guid(980b56af03f746e4b97ade7854066d9e) Importer(2089858483,192608db42251d675da83286b1cce702)
Start importing Assets/Assets _ Expence/Brick Project Studio/Apartment Kit/_Prefabs/Props/Wine Liquor Beer and Glassware - Sample/wine thin glass Red Wine.prefab using Guid(980b56af03f746e4b97ade7854066d9e) Importer(2089858483,192608db42251d675da83286b1cce702) (ScriptedImporter) -> (artifact id: 'cc56f41e72f8c68ee3acf88f3399b5b6') in 0.0268311 seconds
Number of updated asset objects reloaded before import = 0Number of asset objects unloaded after import = 11

========================================================================
Received Import Request.
  Time since last request: 0.000025 seconds.
  path: Assets/Assets _ Expence/asset_store/key_lock/textures/lock/m_lock_01_m_s.png
  artifactKey: Guid(307c5a94077e66846a63df0a670a600a) Importer(2089858483,192608db42251d675da83286b1cce702)
Start importing Assets/Assets _ Expence/asset_store/key_lock/textures/lock/m_lock_01_m_s.png using Guid(307c5a94077e66846a63df0a670a600a) Importer(2089858483,192608db42251d675da83286b1cce702) (ScriptedImporter) -> (artifact id: '91379ac90dcf80361bdc62191eec5b89') in 0.0432126 seconds
Number of updated asset objects reloaded before import = 0Number of asset objects unloaded after import = 1

========================================================================
Received Import Request.
  Time since last request: 0.000036 seconds.
  path: Assets/Assets _ Expence/HDRPFurniturePack/Artek/Floor_Light_A810_Artek/Models/Floor_Light_A810_Artek.fbx
  artifactKey: Guid(3a873923f84c97f46820a96cf172c87e) Importer(2089858483,192608db42251d675da83286b1cce702)
Start importing Assets/Assets _ Expence/HDRPFurniturePack/Artek/Floor_Light_A810_Artek/Models/Floor_Light_A810_Artek.fbx using Guid(3a873923f84c97f46820a96cf172c87e) Importer(2089858483,192608db42251d675da83286b1cce702) (ScriptedImporter) -> (artifact id: 'bdf517b90af29064031a316b1f7890df') in 0.0489631 seconds
Number of updated asset objects reloaded before import = 0Number of asset objects unloaded after import = 19

========================================================================
Received Import Request.
  Time since last request: 0.000027 seconds.
  path: Assets/Assets _ Expence/Pegasus Studios/Elegant Interior Decor 3D Models Pack/Resources/Models/Royal Table.fbx
  artifactKey: Guid(f3c03a95893887e40a2a841c73aeae7c) Importer(2089858483,192608db42251d675da83286b1cce702)
Start importing Assets/Assets _ Expence/Pegasus Studios/Elegant Interior Decor 3D Models Pack/Resources/Models/Royal Table.fbx using Guid(f3c03a95893887e40a2a841c73aeae7c) Importer(2089858483,192608db42251d675da83286b1cce702) (ScriptedImporter) -> (artifact id: 'b8574712cbb5350977abd9719fb7a1ba') in 0.0481498 seconds
Number of updated asset objects reloaded before import = 0Number of asset objects unloaded after import = 8

========================================================================
Received Import Request.
  Time since last request: 0.000028 seconds.
  path: Assets/Assets _ Expence/nappin/OfficeEssentialsPack/Models/(Msh)Stapler.fbx
  artifactKey: Guid(73d6ec7ae7cf65c4c840aae1576064fa) Importer(2089858483,192608db42251d675da83286b1cce702)
Start importing Assets/Assets _ Expence/nappin/OfficeEssentialsPack/Models/(Msh)Stapler.fbx using Guid(73d6ec7ae7cf65c4c840aae1576064fa) Importer(2089858483,192608db42251d675da83286b1cce702) (ScriptedImporter) -> (artifact id: 'c6c16d4a657924748db6393b588e5671') in 0.0287202 seconds
Number of updated asset objects reloaded before import = 0Number of asset objects unloaded after import = 9

========================================================================
Received Import Request.
  Time since last request: 0.000023 seconds.
  path: Assets/Assets _ Expence/ALP_Assets/Old Floor Linoleum FREE/Scene
  artifactKey: Guid(c4c4afe8a7f6b724685c0412b32f23d2) Importer(2089858483,192608db42251d675da83286b1cce702)
Start importing Assets/Assets _ Expence/ALP_Assets/Old Floor Linoleum FREE/Scene using Guid(c4c4afe8a7f6b724685c0412b32f23d2) Importer(2089858483,192608db42251d675da83286b1cce702) (ScriptedImporter) -> (artifact id: '4cf9a9ec5514a1e95aa595ea50a21307') in 0.2799466 seconds
Number of updated asset objects reloaded before import = 0Number of asset objects unloaded after import = 1

========================================================================
Received Import Request.
  Time since last request: 0.000030 seconds.
  path: Assets/Assets _ Expence/HDRPFurniturePack/Rug_High_Pile_Grey
  artifactKey: Guid(178ddb1af3b7b6f4e81ade917687c696) Importer(2089858483,192608db42251d675da83286b1cce702)
Start importing Assets/Assets _ Expence/HDRPFurniturePack/Rug_High_Pile_Grey using Guid(178ddb1af3b7b6f4e81ade917687c696) Importer(2089858483,192608db42251d675da83286b1cce702) (ScriptedImporter) -> (artifact id: 'ca2c00ff0d1bad8f6541edd6284c4068') in 0.0169766 seconds
Number of updated asset objects reloaded before import = 0Number of asset objects unloaded after import = 1

========================================================================
Received Import Request.
  Time since last request: 0.000019 seconds.
  path: Assets/Assets _ Expence/Brick Project Studio/Apartment Kit/Common
  artifactKey: Guid(6fe4dd6a02dd3f34c90fd9006c98ed15) Importer(2089858483,192608db42251d675da83286b1cce702)
Start importing Assets/Assets _ Expence/Brick Project Studio/Apartment Kit/Common using Guid(6fe4dd6a02dd3f34c90fd9006c98ed15) Importer(2089858483,192608db42251d675da83286b1cce702) (ScriptedImporter) -> (artifact id: 'd498436f9a3ee5cf3897534a208ab43c') in 0.0143251 seconds
Number of updated asset objects reloaded before import = 0Number of asset objects unloaded after import = 1

========================================================================
Received Import Request.
  Time since last request: 0.000034 seconds.
  path: Assets/Assets _ Expence/HDRPFurniturePack/Wall_Decoration_Art_Zebra/Models/Wall_Decoration_Art_Zebra.fbx
  artifactKey: Guid(0e93b48142fe7994c8b9dea46fac6217) Importer(2089858483,192608db42251d675da83286b1cce702)
Start importing Assets/Assets _ Expence/HDRPFurniturePack/Wall_Decoration_Art_Zebra/Models/Wall_Decoration_Art_Zebra.fbx using Guid(0e93b48142fe7994c8b9dea46fac6217) Importer(2089858483,192608db42251d675da83286b1cce702) (ScriptedImporter) -> (artifact id: 'a53aed5ea23b6a365b87755e5cf5196e') in 0.0411152 seconds
Number of updated asset objects reloaded before import = 0Number of asset objects unloaded after import = 7

========================================================================
Received Import Request.
  Time since last request: 0.000024 seconds.
  path: Assets/Assets _ Expence/50 Fabric Materials_VOL01/Materials/T_HS_fabric_50_AlbedoTransparency 16.mat
  artifactKey: Guid(e2b5617a722da5e4085cf814d9bff813) Importer(2089858483,192608db42251d675da83286b1cce702)
Start importing Assets/Assets _ Expence/50 Fabric Materials_VOL01/Materials/T_HS_fabric_50_AlbedoTransparency 16.mat using Guid(e2b5617a722da5e4085cf814d9bff813) Importer(2089858483,192608db42251d675da83286b1cce702) (ScriptedImporter) -> (artifact id: '9002adec137aa9be61af583ef39c7ac7') in 0.0230012 seconds
Number of updated asset objects reloaded before import = 0Number of asset objects unloaded after import = 2

========================================================================
Received Import Request.
  Time since last request: 0.000031 seconds.
  path: Assets/Assets _ Expence/Mugs, Bowls and Plates/Models/plate02.fbx
  artifactKey: Guid(a97370ba742ca1d43a98d578a67ee0b6) Importer(2089858483,192608db42251d675da83286b1cce702)
Start importing Assets/Assets _ Expence/Mugs, Bowls and Plates/Models/plate02.fbx using Guid(a97370ba742ca1d43a98d578a67ee0b6) Importer(2089858483,192608db42251d675da83286b1cce702) (ScriptedImporter) -> (artifact id: '7cbd0f0b8af31a73e8806f516e351fd4') in 0.0367587 seconds
Number of updated asset objects reloaded before import = 0Number of asset objects unloaded after import = 7

========================================================================
Received Import Request.
  Time since last request: 0.000038 seconds.
  path: Assets/Часы/25
  artifactKey: Guid(5aa22cf3e0f307242a1b532282da4286) Importer(2089858483,192608db42251d675da83286b1cce702)
Start importing Assets/Часы/25 using Guid(5aa22cf3e0f307242a1b532282da4286) Importer(2089858483,192608db42251d675da83286b1cce702) (ScriptedImporter) -> (artifact id: '17c6a866518cfe75500d81ea0166ebc1') in 0.0136233 seconds
Number of updated asset objects reloaded before import = 0Number of asset objects unloaded after import = 1

========================================================================
Received Import Request.
  Time since last request: 0.000019 seconds.
  path: Assets/Assets _ Expence/50 Fabric Materials_VOL01/Textures/T_HS_fabric_50_AlbedoTransparency.png
  artifactKey: Guid(108633651fc15234eb59887e13a6ddcf) Importer(2089858483,192608db42251d675da83286b1cce702)
Start importing Assets/Assets _ Expence/50 Fabric Materials_VOL01/Textures/T_HS_fabric_50_AlbedoTransparency.png using Guid(108633651fc15234eb59887e13a6ddcf) Importer(2089858483,192608db42251d675da83286b1cce702) (ScriptedImporter) -> (artifact id: 'c65cad53d24abbb09dfb9588fb8911eb') in 0.0336546 seconds
Number of updated asset objects reloaded before import = 0Number of asset objects unloaded after import = 1

========================================================================
Received Import Request.
  Time since last request: 0.000024 seconds.
  path: Assets/Assets _ Expence/SourceFiles/Settings/Postprocessing Profile.asset
  artifactKey: Guid(c81911decafed2f47abbe3aa9f148517) Importer(2089858483,192608db42251d675da83286b1cce702)
Start importing Assets/Assets _ Expence/SourceFiles/Settings/Postprocessing Profile.asset using Guid(c81911decafed2f47abbe3aa9f148517) Importer(2089858483,192608db42251d675da83286b1cce702) (ScriptedImporter) -> (artifact id: 'ee693ab1c4ce48b04e8be481f016eafa') in 0.0165397 seconds
Number of updated asset objects reloaded before import = 0Number of asset objects unloaded after import = 3

========================================================================
Received Import Request.
  Time since last request: 0.000020 seconds.
  path: Assets/Assets _ Expence/asset_store/key_lock/mesh
  artifactKey: Guid(3194d7ff07ee7f44eb5cf322cf49c1a1) Importer(2089858483,192608db42251d675da83286b1cce702)
Start importing Assets/Assets _ Expence/asset_store/key_lock/mesh using Guid(3194d7ff07ee7f44eb5cf322cf49c1a1) Importer(2089858483,192608db42251d675da83286b1cce702) (ScriptedImporter) -> (artifact id: '1db61e217c525eabc86bbd18546a2427') in 0.0127161 seconds
Number of updated asset objects reloaded before import = 0Number of asset objects unloaded after import = 1

========================================================================
Received Import Request.
  Time since last request: 0.000021 seconds.
  path: Assets/Assets _ Expence/Brick Project Studio/_BPS Basic Assets/_Prefabs
  artifactKey: Guid(1e633961e1d7c5f46a0e7cff632dc10b) Importer(2089858483,192608db42251d675da83286b1cce702)
Start importing Assets/Assets _ Expence/Brick Project Studio/_BPS Basic Assets/_Prefabs using Guid(1e633961e1d7c5f46a0e7cff632dc10b) Importer(2089858483,192608db42251d675da83286b1cce702) (ScriptedImporter) -> (artifact id: 'df46ba10858e83d8d16d0123bd441f6a') in 0.0144078 seconds
Number of updated asset objects reloaded before import = 0Number of asset objects unloaded after import = 1

========================================================================
Received Import Request.
  Time since last request: 0.000033 seconds.
  path: Assets/Часы/25/textures/antiquePhone_low_DefaultMaterial_BaseColor.png
  artifactKey: Guid(78a62596ac0cb024ca78ecab0b391de0) Importer(2089858483,192608db42251d675da83286b1cce702)
Start importing Assets/Часы/25/textures/antiquePhone_low_DefaultMaterial_BaseColor.png using Guid(78a62596ac0cb024ca78ecab0b391de0) Importer(2089858483,192608db42251d675da83286b1cce702) (ScriptedImporter) -> (artifact id: 'b5ef18cae2caaa4cec2fb0b9db04d180') in 0.0357027 seconds
Number of updated asset objects reloaded before import = 0Number of asset objects unloaded after import = 1

========================================================================
Received Import Request.
  Time since last request: 0.000019 seconds.
  path: Assets/Assets _ Expence/Brick Project Studio/Apartment Kit/_Prefabs/Props/Misc
  artifactKey: Guid(9a2d666032aa8614e9553b7bf313028b) Importer(2089858483,192608db42251d675da83286b1cce702)
Start importing Assets/Assets _ Expence/Brick Project Studio/Apartment Kit/_Prefabs/Props/Misc using Guid(9a2d666032aa8614e9553b7bf313028b) Importer(2089858483,192608db42251d675da83286b1cce702) (ScriptedImporter) -> (artifact id: 'c3b10a41832c1bc9eb1a1db92504bca1') in 0.0157609 seconds
Number of updated asset objects reloaded before import = 0Number of asset objects unloaded after import = 1

========================================================================
Received Import Request.
  Time since last request: 0.000024 seconds.
  path: Assets/Assets _ Expence/HighQualityBricks&Walls/Shaders/bricks-868344.shader
  artifactKey: Guid(ed54ebe743ba05143ac7bcb091e70abf) Importer(2089858483,192608db42251d675da83286b1cce702)
Start importing Assets/Assets _ Expence/HighQualityBricks&Walls/Shaders/bricks-868344.shader using Guid(ed54ebe743ba05143ac7bcb091e70abf) Importer(2089858483,192608db42251d675da83286b1cce702) (ScriptedImporter) -> (artifact id: 'bbadc1e4349473e52a7937dac3da622a') in 0.0146558 seconds
Number of updated asset objects reloaded before import = 0Number of asset objects unloaded after import = 1

========================================================================
Received Import Request.
  Time since last request: 0.000020 seconds.
  path: Assets/Assets _ Expence/TextMesh Pro/Shaders
  artifactKey: Guid(65077e390ece60d4ea9fcc7bc273bbf6) Importer(2089858483,192608db42251d675da83286b1cce702)
Start importing Assets/Assets _ Expence/TextMesh Pro/Shaders using Guid(65077e390ece60d4ea9fcc7bc273bbf6) Importer(2089858483,192608db42251d675da83286b1cce702) (ScriptedImporter) -> (artifact id: '467771c27a54cc1e7451517c843cf62f') in 0.0125929 seconds
Number of updated asset objects reloaded before import = 0Number of asset objects unloaded after import = 1

========================================================================
Received Import Request.
  Time since last request: 0.000022 seconds.
  path: Assets/Часы/20/source/Old Wall Clock XYZ School.fbx
  artifactKey: Guid(95f15575c014b89479f9f635c80d01d2) Importer(2089858483,192608db42251d675da83286b1cce702)
Start importing Assets/Часы/20/source/Old Wall Clock XYZ School.fbx using Guid(95f15575c014b89479f9f635c80d01d2) Importer(2089858483,192608db42251d675da83286b1cce702) (ScriptedImporter) -> (artifact id: 'f7cff19263e5d066e2c1634049937f4f') in 0.0962715 seconds
Number of updated asset objects reloaded before import = 0Number of asset objects unloaded after import = 58

========================================================================
Received Import Request.
  Time since last request: 0.000035 seconds.
  path: Assets/Assets _ Expence/ExtrudeMeshAlongBezierTool
  artifactKey: Guid(fdaac095e4580c240adf33799e0564a3) Importer(2089858483,192608db42251d675da83286b1cce702)
Start importing Assets/Assets _ Expence/ExtrudeMeshAlongBezierTool using Guid(fdaac095e4580c240adf33799e0564a3) Importer(2089858483,192608db42251d675da83286b1cce702) (ScriptedImporter) -> (artifact id: 'ab4bd1e7d37d334fb1e5bccb69655a55') in 0.0158973 seconds
Number of updated asset objects reloaded before import = 0Number of asset objects unloaded after import = 1

========================================================================
Received Import Request.
  Time since last request: 0.000023 seconds.
  path: Assets/Часы/23/Materials
  artifactKey: Guid(7f2cadcf5551a06419ff78bf2afd7363) Importer(2089858483,192608db42251d675da83286b1cce702)
Start importing Assets/Часы/23/Materials using Guid(7f2cadcf5551a06419ff78bf2afd7363) Importer(2089858483,192608db42251d675da83286b1cce702) (ScriptedImporter) -> (artifact id: '89c735cba5b8fb2953a3dd76f6ff9a56') in 0.013374 seconds
Number of updated asset objects reloaded before import = 0Number of asset objects unloaded after import = 1

========================================================================
Received Import Request.
  Time since last request: 0.000021 seconds.
  path: Assets/Assets _ Expence/Brick Project Studio/Apartment Kit/_Prefabs/Props/Lighting/Lamp_BR_01.prefab
  artifactKey: Guid(39aaf9463e25b034eb79a7ca2e10d077) Importer(2089858483,192608db42251d675da83286b1cce702)
Start importing Assets/Assets _ Expence/Brick Project Studio/Apartment Kit/_Prefabs/Props/Lighting/Lamp_BR_01.prefab using Guid(39aaf9463e25b034eb79a7ca2e10d077) Importer(2089858483,192608db42251d675da83286b1cce702) (ScriptedImporter) -> (artifact id: '1db5572c367b2980ea048a9d0c0863e2') in 0.0257112 seconds
Number of updated asset objects reloaded before import = 0Number of asset objects unloaded after import = 43

========================================================================
Received Import Request.
  Time since last request: 0.000027 seconds.
  path: Assets/Assets _ Expence/Дом/tdum02r.jpg
  artifactKey: Guid(abd8814b63e2bb4489bef20b72a0f962) Importer(2089858483,192608db42251d675da83286b1cce702)
Start importing Assets/Assets _ Expence/Дом/tdum02r.jpg using Guid(abd8814b63e2bb4489bef20b72a0f962) Importer(2089858483,192608db42251d675da83286b1cce702) (ScriptedImporter) -> (artifact id: '8b6a87ca3b7a19faf7aed8c65da6056f') in 0.0382934 seconds
Number of updated asset objects reloaded before import = 0Number of asset objects unloaded after import = 1

========================================================================
Received Import Request.
  Time since last request: 0.000024 seconds.
  path: Assets/Assets _ Expence/HDRPFurniturePack/Plant_Potted_Monstera_Deliciosa
  artifactKey: Guid(e0f66f05b6da847468d9f5388e6706d4) Importer(2089858483,192608db42251d675da83286b1cce702)
Start importing Assets/Assets _ Expence/HDRPFurniturePack/Plant_Potted_Monstera_Deliciosa using Guid(e0f66f05b6da847468d9f5388e6706d4) Importer(2089858483,192608db42251d675da83286b1cce702) (ScriptedImporter) -> (artifact id: '81e3dec27d87260159fe31edd9332d7a') in 0.012674 seconds
Number of updated asset objects reloaded before import = 0Number of asset objects unloaded after import = 1

========================================================================
Received Import Request.
  Time since last request: 0.000035 seconds.
  path: Assets/Assets _ Expence/TextMesh Pro/Shaders/TMP_SDF-Surface-Mobile.shader
  artifactKey: Guid(ecbb25d49b9515b48b25d984af429781) Importer(2089858483,192608db42251d675da83286b1cce702)
Start importing Assets/Assets _ Expence/TextMesh Pro/Shaders/TMP_SDF-Surface-Mobile.shader using Guid(ecbb25d49b9515b48b25d984af429781) Importer(2089858483,192608db42251d675da83286b1cce702) (ScriptedImporter) -> (artifact id: '9984aaeb817c86161ff798723edacc2a') in 0.0153479 seconds
Number of updated asset objects reloaded before import = 0Number of asset objects unloaded after import = 1

========================================================================
Received Import Request.
  Time since last request: 0.000019 seconds.
  path: Assets/Assets _ Expence/nappin/OfficeEssentialsPack/Models/(Msh)Fatboy.fbx
  artifactKey: Guid(6e21527893b7b234aae4006c03efc9cb) Importer(2089858483,192608db42251d675da83286b1cce702)
Start importing Assets/Assets _ Expence/nappin/OfficeEssentialsPack/Models/(Msh)Fatboy.fbx using Guid(6e21527893b7b234aae4006c03efc9cb) Importer(2089858483,192608db42251d675da83286b1cce702) (ScriptedImporter) -> (artifact id: '98ffed1d8dbc8d999ce200256fe9cdce') in 0.0262933 seconds
Number of updated asset objects reloaded before import = 0Number of asset objects unloaded after import = 9

========================================================================
Received Import Request.
  Time since last request: 0.000021 seconds.
  path: Assets/Часы/24/source/SM_Globe.obj
  artifactKey: Guid(222337aeacea829419efc3116418497e) Importer(2089858483,192608db42251d675da83286b1cce702)
Start importing Assets/Часы/24/source/SM_Globe.obj using Guid(222337aeacea829419efc3116418497e) Importer(2089858483,192608db42251d675da83286b1cce702) (ScriptedImporter) -> (artifact id: 'dd73dd7aaee7acafa77ee65a703db444') in 0.0439378 seconds
Number of updated asset objects reloaded before import = 0Number of asset objects unloaded after import = 16

========================================================================
Received Import Request.
  Time since last request: 0.000020 seconds.
  path: Assets/Assets _ Expence/Brick Project Studio/Apartment Kit/_Prefabs/Props/Wine Liquor Beer and Glassware - Sample/wine thin glass White Wine.prefab
  artifactKey: Guid(03961192c1d96aa498b526a566aca5fd) Importer(2089858483,192608db42251d675da83286b1cce702)
Start importing Assets/Assets _ Expence/Brick Project Studio/Apartment Kit/_Prefabs/Props/Wine Liquor Beer and Glassware - Sample/wine thin glass White Wine.prefab using Guid(03961192c1d96aa498b526a566aca5fd) Importer(2089858483,192608db42251d675da83286b1cce702) (ScriptedImporter) -> (artifact id: '6ff4b6844ab8c11b5f1ec70b75a3ae28') in 0.0216347 seconds
Number of updated asset objects reloaded before import = 0Number of asset objects unloaded after import = 11

========================================================================
Received Import Request.
  Time since last request: 0.000022 seconds.
  path: Assets/Assets _ Expence/Brick Project Studio/Apartment Kit/_Prefabs/Furniture/Kitchen/Appliances/Fridge_01.prefab
  artifactKey: Guid(78574c207e9b002469e12129ef0c174f) Importer(2089858483,192608db42251d675da83286b1cce702)
Start importing Assets/Assets _ Expence/Brick Project Studio/Apartment Kit/_Prefabs/Furniture/Kitchen/Appliances/Fridge_01.prefab using Guid(78574c207e9b002469e12129ef0c174f) Importer(2089858483,192608db42251d675da83286b1cce702) (ScriptedImporter) -> (artifact id: 'd90e577db10ae9f958acf234ebaf2f89') in 0.0278381 seconds
Number of updated asset objects reloaded before import = 0Number of asset objects unloaded after import = 177

========================================================================
Received Import Request.
  Time since last request: 0.000031 seconds.
  path: Assets/Assets _ Expence/ExtrudeMeshAlongBezierTool/Examples/Meshes/SpikedRoad.fbx
  artifactKey: Guid(83a99d68d115ed04e9e5c8da7a9a8a09) Importer(2089858483,192608db42251d675da83286b1cce702)
Start importing Assets/Assets _ Expence/ExtrudeMeshAlongBezierTool/Examples/Meshes/SpikedRoad.fbx using Guid(83a99d68d115ed04e9e5c8da7a9a8a09) Importer(2089858483,192608db42251d675da83286b1cce702) (ScriptedImporter) -> (artifact id: '70b4b0c86472ee446c2b03f42840e9ea') in 0.0401561 seconds
Number of updated asset objects reloaded before import = 0Number of asset objects unloaded after import = 8

========================================================================
Received Import Request.
  Time since last request: 0.000035 seconds.
  path: Assets/Assets _ Expence/Skyboxes/SkySunset.mat
  artifactKey: Guid(8a81a08fbf0ab924cb1fbbb1771e3307) Importer(2089858483,192608db42251d675da83286b1cce702)
Start importing Assets/Assets _ Expence/Skyboxes/SkySunset.mat using Guid(8a81a08fbf0ab924cb1fbbb1771e3307) Importer(2089858483,192608db42251d675da83286b1cce702) (ScriptedImporter) -> (artifact id: 'e236dc7e4859379a361f5521c8e890f5') in 0.0357146 seconds
Number of updated asset objects reloaded before import = 0Number of asset objects unloaded after import = 2

========================================================================
Received Import Request.
  Time since last request: 0.000030 seconds.
  path: Assets/Assets _ Expence/Phoenix3D/P3D_Wallpaper_Carpet_and_CurtainFabric_Materials_Pack
  artifactKey: Guid(0ae1a837df409f34e920c9ce539cc2bf) Importer(2089858483,192608db42251d675da83286b1cce702)
Start importing Assets/Assets _ Expence/Phoenix3D/P3D_Wallpaper_Carpet_and_CurtainFabric_Materials_Pack using Guid(0ae1a837df409f34e920c9ce539cc2bf) Importer(2089858483,192608db42251d675da83286b1cce702) (ScriptedImporter) -> (artifact id: 'a49f512ee3ee6c4d44dc11c9ad99e89e') in 0.0151343 seconds
Number of updated asset objects reloaded before import = 0Number of asset objects unloaded after import = 1

========================================================================
Received Import Request.
  Time since last request: 0.000036 seconds.
  path: Assets/Assets _ Expence/Часы/9
  artifactKey: Guid(959ea2045ce4f65468d126399ecff572) Importer(2089858483,192608db42251d675da83286b1cce702)
Start importing Assets/Assets _ Expence/Часы/9 using Guid(959ea2045ce4f65468d126399ecff572) Importer(2089858483,192608db42251d675da83286b1cce702) (ScriptedImporter) -> (artifact id: '73274558c29bb884fdfaaa979913b2b9') in 0.014852 seconds
Number of updated asset objects reloaded before import = 0Number of asset objects unloaded after import = 1

========================================================================
Received Import Request.
  Time since last request: 0.000037 seconds.
  path: Assets/Assets _ Expence/3Dfrk/Frames with pictures/Meshes
  artifactKey: Guid(0e6ad8783e89d7e4383b000bead723e3) Importer(2089858483,192608db42251d675da83286b1cce702)
Start importing Assets/Assets _ Expence/3Dfrk/Frames with pictures/Meshes using Guid(0e6ad8783e89d7e4383b000bead723e3) Importer(2089858483,192608db42251d675da83286b1cce702) (ScriptedImporter) -> (artifact id: 'd257b58d9693ec0c54b6a78db436b647') in 0.0123175 seconds
Number of updated asset objects reloaded before import = 0Number of asset objects unloaded after import = 1

========================================================================
Received Import Request.
  Time since last request: 0.000029 seconds.
  path: Assets/Assets _ Expence/asset_store/key_lock/material/m_key_green_01.mat
  artifactKey: Guid(3a1ab020d5bbded45bb751e47b64c5eb) Importer(2089858483,192608db42251d675da83286b1cce702)
Start importing Assets/Assets _ Expence/asset_store/key_lock/material/m_key_green_01.mat using Guid(3a1ab020d5bbded45bb751e47b64c5eb) Importer(2089858483,192608db42251d675da83286b1cce702) (ScriptedImporter) -> (artifact id: '86c0b7811e5efa11cb782bf6e7005e55') in 0.0264618 seconds
Number of updated asset objects reloaded before import = 0Number of asset objects unloaded after import = 5

========================================================================
Received Import Request.
  Time since last request: 0.000020 seconds.
  path: Assets/Дом/LPPLVW4GUP37SDTPKFJIHRGRE.jpg
  artifactKey: Guid(ccf06add42061574c91dba5f24c699f4) Importer(2089858483,192608db42251d675da83286b1cce702)
Start importing Assets/Дом/LPPLVW4GUP37SDTPKFJIHRGRE.jpg using Guid(ccf06add42061574c91dba5f24c699f4) Importer(2089858483,192608db42251d675da83286b1cce702) (ScriptedImporter) -> (artifact id: '356c77c0b3a624535187bd3c0a9a0094') in 0.4183795 seconds
Number of updated asset objects reloaded before import = 0Number of asset objects unloaded after import = 1

========================================================================
Received Import Request.
  Time since last request: 0.000022 seconds.
  path: Assets/Assets _ Expence/_Tea&coffe_service/Scene
  artifactKey: Guid(7029a4c24d4825345bf109818fdbc21f) Importer(2089858483,192608db42251d675da83286b1cce702)
Start importing Assets/Assets _ Expence/_Tea&coffe_service/Scene using Guid(7029a4c24d4825345bf109818fdbc21f) Importer(2089858483,192608db42251d675da83286b1cce702) (ScriptedImporter) -> (artifact id: '8975cf27884f81760e25982d56aeae26') in 0.0131409 seconds
Number of updated asset objects reloaded before import = 0Number of asset objects unloaded after import = 1

========================================================================
Received Import Request.
  Time since last request: 0.000031 seconds.
  path: Assets/Assets _ Expence/TextMesh Pro/Shaders/TMP_SDF-HDRP LIT.shadergraph
  artifactKey: Guid(584da2c7ad8ccc445aa4bc665540ec05) Importer(2089858483,192608db42251d675da83286b1cce702)
Start importing Assets/Assets _ Expence/TextMesh Pro/Shaders/TMP_SDF-HDRP LIT.shadergraph using Guid(584da2c7ad8ccc445aa4bc665540ec05) Importer(2089858483,192608db42251d675da83286b1cce702) (ScriptedImporter) -> (artifact id: 'e6448b100e78db910eb9a2474824ce41') in 0.0300649 seconds
Number of updated asset objects reloaded before import = 0Number of asset objects unloaded after import = 3

========================================================================
Received Import Request.
  Time since last request: 0.000016 seconds.
  path: Assets/Phoenix3D/P3D_Wallpaper_Carpet_and_CurtainFabric_Materials_Pack/Upgrade_Renderpipeline/Upgrade_URP.unitypackage.gz
  artifactKey: Guid(b98722f5f378bba4099c4e7854310812) Importer(2089858483,192608db42251d675da83286b1cce702)
Start importing Assets/Phoenix3D/P3D_Wallpaper_Carpet_and_CurtainFabric_Materials_Pack/Upgrade_Renderpipeline/Upgrade_URP.unitypackage.gz using Guid(b98722f5f378bba4099c4e7854310812) Importer(2089858483,192608db42251d675da83286b1cce702) (ScriptedImporter) -> (artifact id: '8037b305a8c4d599a2855d026de86ff9') in 0.0138337 seconds
Number of updated asset objects reloaded before import = 0Number of asset objects unloaded after import = 1

========================================================================
Received Import Request.
  Time since last request: 0.000019 seconds.
  path: Assets/Assets _ Expence/nappin/OfficeEssentialsPack/Models/(Msh)YogaBall.fbx
  artifactKey: Guid(f267a53e5f7869943b584fbd4c8f0d98) Importer(2089858483,192608db42251d675da83286b1cce702)
Start importing Assets/Assets _ Expence/nappin/OfficeEssentialsPack/Models/(Msh)YogaBall.fbx using Guid(f267a53e5f7869943b584fbd4c8f0d98) Importer(2089858483,192608db42251d675da83286b1cce702) (ScriptedImporter) -> (artifact id: '96c109f5c146bc8d59f26014243f7674') in 0.0304674 seconds
Number of updated asset objects reloaded before import = 0Number of asset objects unloaded after import = 9

========================================================================
Received Import Request.
  Time since last request: 0.000031 seconds.
  path: Assets/Часы/23/textures/chasi_final_glass_BaseColor.png
  artifactKey: Guid(16b54c52a9d04484baaa52e2aa760ce7) Importer(2089858483,192608db42251d675da83286b1cce702)
Start importing Assets/Часы/23/textures/chasi_final_glass_BaseColor.png using Guid(16b54c52a9d04484baaa52e2aa760ce7) Importer(2089858483,192608db42251d675da83286b1cce702) (ScriptedImporter) -> (artifact id: 'b63984bbab7af5cd7fcb129a27fc1416') in 0.1145677 seconds
Number of updated asset objects reloaded before import = 0Number of asset objects unloaded after import = 1

========================================================================
Received Import Request.
  Time since last request: 0.000030 seconds.
  path: Assets/Часы/23/textures/chasi_final_Default_OBJ.001_Normal.png
  artifactKey: Guid(8822ea55e89792b4e94ecc48932d6e93) Importer(2089858483,192608db42251d675da83286b1cce702)
Start importing Assets/Часы/23/textures/chasi_final_Default_OBJ.001_Normal.png using Guid(8822ea55e89792b4e94ecc48932d6e93) Importer(2089858483,192608db42251d675da83286b1cce702) (ScriptedImporter) -> (artifact id: 'b376bb2c2fd91e474595cc56e0058775') in 0.0380142 seconds
Number of updated asset objects reloaded before import = 0Number of asset objects unloaded after import = 1

========================================================================
Received Import Request.
  Time since last request: 0.000043 seconds.
  path: Assets/Assets _ Expence/3Dfrk/Frames with pictures/Prefabs/Paint_02.prefab
  artifactKey: Guid(f81cf95f8e991cf44a50ae0a183cd9af) Importer(2089858483,192608db42251d675da83286b1cce702)
Start importing Assets/Assets _ Expence/3Dfrk/Frames with pictures/Prefabs/Paint_02.prefab using Guid(f81cf95f8e991cf44a50ae0a183cd9af) Importer(2089858483,192608db42251d675da83286b1cce702) (ScriptedImporter) -> (artifact id: 'f00c00956b9a1bcd6415f6fa963489b5') in 0.025248 seconds
Number of updated asset objects reloaded before import = 0Number of asset objects unloaded after import = 9

========================================================================
Received Import Request.
  Time since last request: 0.000023 seconds.
  path: Assets/Assets _ Expence/asset_store/key_lock/textures/key/m_key_01_m_s.png
  artifactKey: Guid(da236d207f7c9c94d8de13f20d00c08b) Importer(2089858483,192608db42251d675da83286b1cce702)
Start importing Assets/Assets _ Expence/asset_store/key_lock/textures/key/m_key_01_m_s.png using Guid(da236d207f7c9c94d8de13f20d00c08b) Importer(2089858483,192608db42251d675da83286b1cce702) (ScriptedImporter) -> (artifact id: '48d80f22a022d2d64361105c54559ce3') in 0.0384989 seconds
Number of updated asset objects reloaded before import = 0Number of asset objects unloaded after import = 1

========================================================================
Received Import Request.
  Time since last request: 0.000017 seconds.
  path: Assets/Assets _ Expence/3Dfrk/Frames with pictures/Materials/Paint_11.mat
  artifactKey: Guid(5482a83048b43414cb625d70b1c563ce) Importer(2089858483,192608db42251d675da83286b1cce702)
Start importing Assets/Assets _ Expence/3Dfrk/Frames with pictures/Materials/Paint_11.mat using Guid(5482a83048b43414cb625d70b1c563ce) Importer(2089858483,192608db42251d675da83286b1cce702) (ScriptedImporter) -> (artifact id: 'd070b4320f55ec996aeb33023cb6f573') in 0.0216668 seconds
Number of updated asset objects reloaded before import = 0Number of asset objects unloaded after import = 2

========================================================================
Received Import Request.
  Time since last request: 0.000030 seconds.
  path: Assets/Assets _ Expence/Brick Project Studio/_BPS Basic Assets/Common/Models/BPS_RR.fbx
  artifactKey: Guid(4296a6153b018d84399194ce685e0f54) Importer(2089858483,192608db42251d675da83286b1cce702)
Start importing Assets/Assets _ Expence/Brick Project Studio/_BPS Basic Assets/Common/Models/BPS_RR.fbx using Guid(4296a6153b018d84399194ce685e0f54) Importer(2089858483,192608db42251d675da83286b1cce702) (ScriptedImporter) -> (artifact id: '523c258154cfdb5d4c14cddf070a55c9') in 0.1672502 seconds
Number of updated asset objects reloaded before import = 0Number of asset objects unloaded after import = 244

========================================================================
Received Import Request.
  Time since last request: 0.000046 seconds.
  path: Assets/Assets _ Expence/TextMesh Pro/Sprites/EmojiOne Attribution.txt
  artifactKey: Guid(5dce55df492edfa4ca297e279c68f174) Importer(2089858483,192608db42251d675da83286b1cce702)
Start importing Assets/Assets _ Expence/TextMesh Pro/Sprites/EmojiOne Attribution.txt using Guid(5dce55df492edfa4ca297e279c68f174) Importer(2089858483,192608db42251d675da83286b1cce702) (ScriptedImporter) -> (artifact id: '01b66d9beb2c7e1bdeb94a19235f99c2') in 0.0118571 seconds
Number of updated asset objects reloaded before import = 0Number of asset objects unloaded after import = 1

========================================================================
Received Import Request.
  Time since last request: 0.000027 seconds.
  path: Assets/Assets _ Expence/Brick Project Studio/Apartment Kit/_Prefabs/Furniture/Bathroom/Shower_Base_01.prefab
  artifactKey: Guid(7d3d71aaad7dba2439af0750a3008ebd) Importer(2089858483,192608db42251d675da83286b1cce702)
Start importing Assets/Assets _ Expence/Brick Project Studio/Apartment Kit/_Prefabs/Furniture/Bathroom/Shower_Base_01.prefab using Guid(7d3d71aaad7dba2439af0750a3008ebd) Importer(2089858483,192608db42251d675da83286b1cce702) (ScriptedImporter) -> (artifact id: '1bab7bafea8ad9493a867f22cdede4d4') in 0.0265931 seconds
Number of updated asset objects reloaded before import = 0Number of asset objects unloaded after import = 27

========================================================================
Received Import Request.
  Time since last request: 0.000031 seconds.
  path: Assets/Assets _ Expence/TextMesh Pro/Resources/Fonts & Materials/LiberationSans SDF - Fallback.asset
  artifactKey: Guid(00053ba3ce59d1049a80ebab91ce5300) Importer(2089858483,192608db42251d675da83286b1cce702)
Start importing Assets/Assets _ Expence/TextMesh Pro/Resources/Fonts & Materials/LiberationSans SDF - Fallback.asset using Guid(00053ba3ce59d1049a80ebab91ce5300) Importer(2089858483,192608db42251d675da83286b1cce702) (ScriptedImporter) -> (artifact id: '80b149a146d4bba11197d0b496f58a29') in 0.0591032 seconds
Number of updated asset objects reloaded before import = 0Number of asset objects unloaded after import = 5

========================================================================
Received Import Request.
  Time since last request: 0.000027 seconds.
  path: Assets/Assets _ Expence/Забор/MA63UHTZSZXEEEHJA1Y5SWGPF.mtl
  artifactKey: Guid(d0a99c43019e2ac4bbddb70f83631e58) Importer(2089858483,192608db42251d675da83286b1cce702)
Start importing Assets/Assets _ Expence/Забор/MA63UHTZSZXEEEHJA1Y5SWGPF.mtl using Guid(d0a99c43019e2ac4bbddb70f83631e58) Importer(2089858483,192608db42251d675da83286b1cce702) (ScriptedImporter) -> (artifact id: 'ce9de59993f7abce7bb7a07be5155dab') in 0.0195194 seconds
Number of updated asset objects reloaded before import = 0Number of asset objects unloaded after import = 1

========================================================================
Received Import Request.
  Time since last request: 0.000032 seconds.
  path: Assets/Assets _ Expence/3Dfrk/Frames with pictures/Documentation.pdf
  artifactKey: Guid(68a96af1c29c3014bb7d88d174b0d726) Importer(2089858483,192608db42251d675da83286b1cce702)
Start importing Assets/Assets _ Expence/3Dfrk/Frames with pictures/Documentation.pdf using Guid(68a96af1c29c3014bb7d88d174b0d726) Importer(2089858483,192608db42251d675da83286b1cce702) (ScriptedImporter) -> (artifact id: '0197df558d82553229a3ce3e4fd7048c') in 0.0142956 seconds
Number of updated asset objects reloaded before import = 0Number of asset objects unloaded after import = 1

========================================================================
Received Import Request.
  Time since last request: 0.000020 seconds.
  path: Assets/Часы/19/model.mtl
  artifactKey: Guid(53e1da2fd6e84324d8712379f34305ef) Importer(2089858483,192608db42251d675da83286b1cce702)
Start importing Assets/Часы/19/model.mtl using Guid(53e1da2fd6e84324d8712379f34305ef) Importer(2089858483,192608db42251d675da83286b1cce702) (ScriptedImporter) -> (artifact id: 'ec07e71c599e11091f38cba4b53cb13d') in 0.0130153 seconds
Number of updated asset objects reloaded before import = 0Number of asset objects unloaded after import = 1

========================================================================
Received Import Request.
  Time since last request: 0.000022 seconds.
  path: Assets/Assets _ Expence/HDRPFurniturePack/Artek/Armchair_406_Artek/Models
  artifactKey: Guid(664db3cc26815e143aacba52513b4bbb) Importer(2089858483,192608db42251d675da83286b1cce702)
Start importing Assets/Assets _ Expence/HDRPFurniturePack/Artek/Armchair_406_Artek/Models using Guid(664db3cc26815e143aacba52513b4bbb) Importer(2089858483,192608db42251d675da83286b1cce702) (ScriptedImporter) -> (artifact id: '0d885d98fb1138b4ec62f4ff7b2692dc') in 0.0141053 seconds
Number of updated asset objects reloaded before import = 0Number of asset objects unloaded after import = 1

========================================================================
Received Import Request.
  Time since last request: 0.000035 seconds.
  path: Assets/Assets _ Expence/DEMO/Standard Assets/Effects/ImageEffects/Shaders/SSAOShader.shader
  artifactKey: Guid(a18eccb31d8acd64b974237dc15f1c41) Importer(2089858483,192608db42251d675da83286b1cce702)
Start importing Assets/Assets _ Expence/DEMO/Standard Assets/Effects/ImageEffects/Shaders/SSAOShader.shader using Guid(a18eccb31d8acd64b974237dc15f1c41) Importer(2089858483,192608db42251d675da83286b1cce702) (ScriptedImporter) -> (artifact id: '9b944afa9789370c6bc7869f6a4e120b') in 0.0155558 seconds
Number of updated asset objects reloaded before import = 0Number of asset objects unloaded after import = 1

========================================================================
Received Import Request.
  Time since last request: 0.000018 seconds.
  path: Assets/Стол/R_2d7b01d9b12c4b1e8fc726f36af7c21e_TEX_SFT_FancyCoffeeTable_Brace_AO.png
  artifactKey: Guid(55592e85a02b0ee40a6dd0f7214c1940) Importer(2089858483,192608db42251d675da83286b1cce702)
Start importing Assets/Стол/R_2d7b01d9b12c4b1e8fc726f36af7c21e_TEX_SFT_FancyCoffeeTable_Brace_AO.png using Guid(55592e85a02b0ee40a6dd0f7214c1940) Importer(2089858483,192608db42251d675da83286b1cce702) (ScriptedImporter) -> (artifact id: '4e39fcd765978bbafc8817c0d0ff3fda') in 0.0368663 seconds
Number of updated asset objects reloaded before import = 0Number of asset objects unloaded after import = 1

========================================================================
Received Import Request.
  Time since last request: 0.000043 seconds.
  path: Assets/Стол/Materials/A_69fe6b66df9c4f949a2250c3b04a9873_TEX_SFT_FancyCoffeeTable_Glass_metallic.mat
  artifactKey: Guid(e4a96120e4162be48957269c943eb070) Importer(2089858483,192608db42251d675da83286b1cce702)
Start importing Assets/Стол/Materials/A_69fe6b66df9c4f949a2250c3b04a9873_TEX_SFT_FancyCoffeeTable_Glass_metallic.mat using Guid(e4a96120e4162be48957269c943eb070) Importer(2089858483,192608db42251d675da83286b1cce702) (ScriptedImporter) -> (artifact id: '8681a847a72af2511fbf69dd1b26c30b') in 0.0186078 seconds
Number of updated asset objects reloaded before import = 0Number of asset objects unloaded after import = 2

========================================================================
Received Import Request.
  Time since last request: 0.000019 seconds.
  path: Assets/Часы/19/tex_u1_v1.jpg
  artifactKey: Guid(1a181e6efd0c6ef4588d8a440affb3b0) Importer(2089858483,192608db42251d675da83286b1cce702)
Start importing Assets/Часы/19/tex_u1_v1.jpg using Guid(1a181e6efd0c6ef4588d8a440affb3b0) Importer(2089858483,192608db42251d675da83286b1cce702) (ScriptedImporter) -> (artifact id: '9c0b46bf4af700a1498631d2840cd842') in 0.0422786 seconds
Number of updated asset objects reloaded before import = 0Number of asset objects unloaded after import = 1

========================================================================
Received Import Request.
  Time since last request: 0.000019 seconds.
  path: Assets/Assets _ Expence/Mugs, Bowls and Plates(1)
  artifactKey: Guid(a5a551aec9a776a47aeb3372821f54cb) Importer(2089858483,192608db42251d675da83286b1cce702)
Start importing Assets/Assets _ Expence/Mugs, Bowls and Plates(1) using Guid(a5a551aec9a776a47aeb3372821f54cb) Importer(2089858483,192608db42251d675da83286b1cce702) (ScriptedImporter) -> (artifact id: '0642e3218bdea51df7e205e843e479df') in 0.0124741 seconds
Number of updated asset objects reloaded before import = 0Number of asset objects unloaded after import = 1

========================================================================
Received Import Request.
  Time since last request: 0.000020 seconds.
  path: Assets/Assets _ Expence/Brick Project Studio/Apartment Kit/_Prefabs/Props/Kitchen/Toaster_Apt_01.prefab
  artifactKey: Guid(fcea921925966e1418e052c850af5c31) Importer(2089858483,192608db42251d675da83286b1cce702)
Start importing Assets/Assets _ Expence/Brick Project Studio/Apartment Kit/_Prefabs/Props/Kitchen/Toaster_Apt_01.prefab using Guid(fcea921925966e1418e052c850af5c31) Importer(2089858483,192608db42251d675da83286b1cce702) (ScriptedImporter) -> (artifact id: '1548ddfade128b82ad0b5ef49e83a2cf') in 0.024781 seconds
Number of updated asset objects reloaded before import = 0Number of asset objects unloaded after import = 24

========================================================================
Received Import Request.
  Time since last request: 0.000039 seconds.
  path: Assets/Стол/R_08134303c8c2424fb5a7de5f02ebb5cc_TEX_SFT_FancyCoffeeTable_Brace_roughness.png
  artifactKey: Guid(eca745da7d1350d4f82307cfda9808b8) Importer(2089858483,192608db42251d675da83286b1cce702)
Start importing Assets/Стол/R_08134303c8c2424fb5a7de5f02ebb5cc_TEX_SFT_FancyCoffeeTable_Brace_roughness.png using Guid(eca745da7d1350d4f82307cfda9808b8) Importer(2089858483,192608db42251d675da83286b1cce702) (ScriptedImporter) -> (artifact id: 'c109d2525008c26a2c0d86e7c4ba7881') in 0.0352136 seconds
Number of updated asset objects reloaded before import = 0Number of asset objects unloaded after import = 1

========================================================================
Received Import Request.
  Time since last request: 0.000033 seconds.
  path: Assets/Assets _ Expence/TextMesh Pro/Resources/Sprite Assets
  artifactKey: Guid(7acfb26ee46ad604ca5f524d86a69977) Importer(2089858483,192608db42251d675da83286b1cce702)
Start importing Assets/Assets _ Expence/TextMesh Pro/Resources/Sprite Assets using Guid(7acfb26ee46ad604ca5f524d86a69977) Importer(2089858483,192608db42251d675da83286b1cce702) (ScriptedImporter) -> (artifact id: '3c7d1b2060390e7d1fd1bbe49d96138b') in 0.0137662 seconds
Number of updated asset objects reloaded before import = 0Number of asset objects unloaded after import = 1

========================================================================
Received Import Request.
  Time since last request: 0.000028 seconds.
  path: Assets/Часы/25/source/antiquePhone_low_DefaultMaterial_Roughness.png
  artifactKey: Guid(909ec08d2217547489f702c11fc683af) Importer(2089858483,192608db42251d675da83286b1cce702)
Start importing Assets/Часы/25/source/antiquePhone_low_DefaultMaterial_Roughness.png using Guid(909ec08d2217547489f702c11fc683af) Importer(2089858483,192608db42251d675da83286b1cce702) (ScriptedImporter) -> (artifact id: 'b25d0776ee0ff9e55a5338597a9a3678') in 0.0378346 seconds
Number of updated asset objects reloaded before import = 0Number of asset objects unloaded after import = 1

========================================================================
Received Import Request.
  Time since last request: 0.000024 seconds.
  path: Assets/Assets _ Expence/Часики/1/model.g3d
  artifactKey: Guid(758aa9b34064098498c523763804bc54) Importer(2089858483,192608db42251d675da83286b1cce702)
Start importing Assets/Assets _ Expence/Часики/1/model.g3d using Guid(758aa9b34064098498c523763804bc54) Importer(2089858483,192608db42251d675da83286b1cce702) (ScriptedImporter) -> (artifact id: 'f49c053f69cc51cf08cc6fe156d2c852') in 0.0146821 seconds
Number of updated asset objects reloaded before import = 0Number of asset objects unloaded after import = 1

========================================================================
Received Import Request.
  Time since last request: 0.000021 seconds.
  path: Assets/Assets _ Expence/ALP_Assets/Old Floor Linoleum FREE/Scene/Scene.unity
  artifactKey: Guid(6cd0c2b25f168fa40b6f64daa2955fae) Importer(2089858483,192608db42251d675da83286b1cce702)
Start importing Assets/Assets _ Expence/ALP_Assets/Old Floor Linoleum FREE/Scene/Scene.unity using Guid(6cd0c2b25f168fa40b6f64daa2955fae) Importer(2089858483,192608db42251d675da83286b1cce702) (ScriptedImporter) -> (artifact id: 'e5775d1a0a5780d1e5c82ee4c6bcb32c') in 0.0188088 seconds
Number of updated asset objects reloaded before import = 0Number of asset objects unloaded after import = 1

========================================================================
Received Import Request.
  Time since last request: 0.000032 seconds.
  path: Assets/Assets _ Expence/4K Tiled Ground Textures p2/Textures/concrete/concrete_4.png
  artifactKey: Guid(44aedd02e4d875647a466cc6b924255c) Importer(2089858483,192608db42251d675da83286b1cce702)
Start importing Assets/Assets _ Expence/4K Tiled Ground Textures p2/Textures/concrete/concrete_4.png using Guid(44aedd02e4d875647a466cc6b924255c) Importer(2089858483,192608db42251d675da83286b1cce702) (ScriptedImporter) -> (artifact id: '6c43c99d828c0953c4bd5c3ecb02e3a4') in 0.1515589 seconds
Number of updated asset objects reloaded before import = 0Number of asset objects unloaded after import = 3

========================================================================
Received Import Request.
  Time since last request: 0.000042 seconds.
  path: Assets/Assets _ Expence/NextGen Furniture Pack/Models/sofa_2.FBX
  artifactKey: Guid(daa7f74c28a25324fb950f1e006b9524) Importer(2089858483,192608db42251d675da83286b1cce702)
Start importing Assets/Assets _ Expence/NextGen Furniture Pack/Models/sofa_2.FBX using Guid(daa7f74c28a25324fb950f1e006b9524) Importer(2089858483,192608db42251d675da83286b1cce702) (ScriptedImporter) -> (artifact id: '79a7e38ca8f9ba8f070bdd24cffbb288') in 0.0391492 seconds
Number of updated asset objects reloaded before import = 0Number of asset objects unloaded after import = 7

========================================================================
Received Import Request.
  Time since last request: 0.000020 seconds.
  path: Assets/Assets _ Expence/nappin/OfficeEssentialsPack/Models/(Msh)KitchenModule.fbx
  artifactKey: Guid(1a3d4ee1ea226974789e4d7a685ad2bd) Importer(2089858483,192608db42251d675da83286b1cce702)
Start importing Assets/Assets _ Expence/nappin/OfficeEssentialsPack/Models/(Msh)KitchenModule.fbx using Guid(1a3d4ee1ea226974789e4d7a685ad2bd) Importer(2089858483,192608db42251d675da83286b1cce702) (ScriptedImporter) -> (artifact id: '20691c8f6b2c04121b0cafe13199f408') in 0.029714 seconds
Number of updated asset objects reloaded before import = 0Number of asset objects unloaded after import = 9

========================================================================
Received Import Request.
  Time since last request: 0.000024 seconds.
  path: Assets/Assets _ Expence/SourceFiles/Textures/Repeating Tiles/GrassBushyThick_Albedo.tif
  artifactKey: Guid(9c06608067256f0459e2f7f8f69014c5) Importer(2089858483,192608db42251d675da83286b1cce702)
Start importing Assets/Assets _ Expence/SourceFiles/Textures/Repeating Tiles/GrassBushyThick_Albedo.tif using Guid(9c06608067256f0459e2f7f8f69014c5) Importer(2089858483,192608db42251d675da83286b1cce702) (ScriptedImporter) -> (artifact id: '4910dcaf5e30d30edac34fc6d78d6e20') in 0.0309218 seconds
Number of updated asset objects reloaded before import = 0Number of asset objects unloaded after import = 1

========================================================================
Received Import Request.
  Time since last request: 0.000022 seconds.
  path: Assets/Assets _ Expence/Brick Project Studio/Apartment Kit/_Prefabs/Furniture/Living Room/Sofa_Apt_01.prefab
  artifactKey: Guid(7ec2150537c34fb4abd925476e91daff) Importer(2089858483,192608db42251d675da83286b1cce702)
Start importing Assets/Assets _ Expence/Brick Project Studio/Apartment Kit/_Prefabs/Furniture/Living Room/Sofa_Apt_01.prefab using Guid(7ec2150537c34fb4abd925476e91daff) Importer(2089858483,192608db42251d675da83286b1cce702) (ScriptedImporter) -> (artifact id: 'd94be6ea5771ec543d21a2b6aa95a046') in 0.0246275 seconds
Number of updated asset objects reloaded before import = 0Number of asset objects unloaded after import = 14

========================================================================
Received Import Request.
  Time since last request: 0.000031 seconds.
  path: Assets/Забор/default-grey.jpg
  artifactKey: Guid(327736080d157254b9d04bd84605274d) Importer(2089858483,192608db42251d675da83286b1cce702)
Start importing Assets/Забор/default-grey.jpg using Guid(327736080d157254b9d04bd84605274d) Importer(2089858483,192608db42251d675da83286b1cce702) (ScriptedImporter) -> (artifact id: 'b763065a68ff58fc57746d0d72bfb85b') in 0.0317342 seconds
Number of updated asset objects reloaded before import = 0Number of asset objects unloaded after import = 1

========================================================================
Received Import Request.
  Time since last request: 0.000021 seconds.
  path: Assets/Assets _ Expence/Brick Project Studio
  artifactKey: Guid(71ba5527415394547960ea3ea974456d) Importer(2089858483,192608db42251d675da83286b1cce702)
Start importing Assets/Assets _ Expence/Brick Project Studio using Guid(71ba5527415394547960ea3ea974456d) Importer(2089858483,192608db42251d675da83286b1cce702) (ScriptedImporter) -> (artifact id: '1da79195e1bee588a93c8f7e68898c60') in 0.0302421 seconds
Number of updated asset objects reloaded before import = 0Number of asset objects unloaded after import = 1

========================================================================
Received Import Request.
  Time since last request: 0.000019 seconds.
  path: Assets/Assets _ Expence/3Dfrk/Frames with pictures/Textures/Paint_05.png
  artifactKey: Guid(5ec8276f6f384354fb7bb459257c0e1b) Importer(2089858483,192608db42251d675da83286b1cce702)
Start importing Assets/Assets _ Expence/3Dfrk/Frames with pictures/Textures/Paint_05.png using Guid(5ec8276f6f384354fb7bb459257c0e1b) Importer(2089858483,192608db42251d675da83286b1cce702) (ScriptedImporter) -> (artifact id: '32c39bed75f1f8d5a17173f7b274a8c5') in 0.030697 seconds
Number of updated asset objects reloaded before import = 0Number of asset objects unloaded after import = 1

========================================================================
Received Import Request.
  Time since last request: 0.000020 seconds.
  path: Assets/Assets _ Expence/Brick Project Studio/Apartment Kit/_Prefabs/Props/Lighting/Lamp_Ceiling_Apt_05.prefab
  artifactKey: Guid(4db098225783e984cbc8a0625a785375) Importer(2089858483,192608db42251d675da83286b1cce702)
Start importing Assets/Assets _ Expence/Brick Project Studio/Apartment Kit/_Prefabs/Props/Lighting/Lamp_Ceiling_Apt_05.prefab using Guid(4db098225783e984cbc8a0625a785375) Importer(2089858483,192608db42251d675da83286b1cce702) (ScriptedImporter) -> (artifact id: 'b25c448adeba138d3f1a1f21d18bb775') in 0.0191835 seconds
Number of updated asset objects reloaded before import = 0Number of asset objects unloaded after import = 10

========================================================================
Received Import Request.
  Time since last request: 0.000028 seconds.
  path: Assets/Assets _ Expence/JJ_InteriorDoorPack_V1/Textures/Knobs/Materials/intDoor_knob01_mat_doorKnob_MetallicSmoothness.mat
  artifactKey: Guid(185b55236b75ebd408d37205694ffa21) Importer(2089858483,192608db42251d675da83286b1cce702)
Start importing Assets/Assets _ Expence/JJ_InteriorDoorPack_V1/Textures/Knobs/Materials/intDoor_knob01_mat_doorKnob_MetallicSmoothness.mat using Guid(185b55236b75ebd408d37205694ffa21) Importer(2089858483,192608db42251d675da83286b1cce702) (ScriptedImporter) -> (artifact id: '4c4b857c5219a5f1229179435e5eb23b') in 0.0181361 seconds
Number of updated asset objects reloaded before import = 0Number of asset objects unloaded after import = 2

========================================================================
Received Import Request.
  Time since last request: 0.000027 seconds.
  path: Assets/Assets _ Expence/Pegasus Studios/Elegant Interior Decor 3D Models Pack/Resources/Textures/Door/door wood_normal.png
  artifactKey: Guid(265e77f09ca60ce49bbd12309b575076) Importer(2089858483,192608db42251d675da83286b1cce702)
Start importing Assets/Assets _ Expence/Pegasus Studios/Elegant Interior Decor 3D Models Pack/Resources/Textures/Door/door wood_normal.png using Guid(265e77f09ca60ce49bbd12309b575076) Importer(2089858483,192608db42251d675da83286b1cce702) (ScriptedImporter) -> (artifact id: 'e6b6532ea3cfd2c529cecabad4bf24c9') in 0.0331399 seconds
Number of updated asset objects reloaded before import = 0Number of asset objects unloaded after import = 1

========================================================================
Received Import Request.
  Time since last request: 0.000024 seconds.
  path: Assets/Часы/23/textures/chasi_final_glass_Normal.png
  artifactKey: Guid(8d374d6c2264db440b7880e7dce77929) Importer(2089858483,192608db42251d675da83286b1cce702)
Start importing Assets/Часы/23/textures/chasi_final_glass_Normal.png using Guid(8d374d6c2264db440b7880e7dce77929) Importer(2089858483,192608db42251d675da83286b1cce702) (ScriptedImporter) -> (artifact id: 'f0dd09c52a2133082fc723328946424f') in 0.038826 seconds
Number of updated asset objects reloaded before import = 0Number of asset objects unloaded after import = 1

========================================================================
Received Import Request.
  Time since last request: 0.000029 seconds.
  path: Assets/Assets _ Expence/3Dfrk/Frames with pictures/Textures/Paint_01.png
  artifactKey: Guid(30651e7f326c5ed45940481f9efc4fc0) Importer(2089858483,192608db42251d675da83286b1cce702)
Start importing Assets/Assets _ Expence/3Dfrk/Frames with pictures/Textures/Paint_01.png using Guid(30651e7f326c5ed45940481f9efc4fc0) Importer(2089858483,192608db42251d675da83286b1cce702) (ScriptedImporter) -> (artifact id: 'f89410333de4c279adbd1d3c0ca3dc53') in 0.0436777 seconds
Number of updated asset objects reloaded before import = 0Number of asset objects unloaded after import = 1

========================================================================
Received Import Request.
  Time since last request: 0.000029 seconds.
  path: Assets/Assets _ Expence/Phoenix3D/P3D_Wallpaper_Carpet_and_CurtainFabric_Materials_Pack/Textures
  artifactKey: Guid(e7c1ed312504c8f4db7923e3cc78c3e5) Importer(2089858483,192608db42251d675da83286b1cce702)
Start importing Assets/Assets _ Expence/Phoenix3D/P3D_Wallpaper_Carpet_and_CurtainFabric_Materials_Pack/Textures using Guid(e7c1ed312504c8f4db7923e3cc78c3e5) Importer(2089858483,192608db42251d675da83286b1cce702) (ScriptedImporter) -> (artifact id: '5be75eac4c63e83eaaf154efd9fbee16') in 0.0150288 seconds
Number of updated asset objects reloaded before import = 0Number of asset objects unloaded after import = 1

========================================================================
Received Import Request.
  Time since last request: 0.000019 seconds.
  path: Assets/Assets _ Expence/3Dfrk/Frames with pictures/Materials/Paint_03.mat
  artifactKey: Guid(3b15eb33e3a17744ead7a52f4205142c) Importer(2089858483,192608db42251d675da83286b1cce702)
Start importing Assets/Assets _ Expence/3Dfrk/Frames with pictures/Materials/Paint_03.mat using Guid(3b15eb33e3a17744ead7a52f4205142c) Importer(2089858483,192608db42251d675da83286b1cce702) (ScriptedImporter) -> (artifact id: '096ca58e15837fb928c2223496e74c4d') in 0.0203583 seconds
Number of updated asset objects reloaded before import = 0Number of asset objects unloaded after import = 2

========================================================================
Received Import Request.
  Time since last request: 0.000030 seconds.
  path: Assets/Часы/25/source/antiquePhone_low_DefaultMaterial_Metallic.png
  artifactKey: Guid(59691dd500bb8264998f4fd9e10c51b4) Importer(2089858483,192608db42251d675da83286b1cce702)
Start importing Assets/Часы/25/source/antiquePhone_low_DefaultMaterial_Metallic.png using Guid(59691dd500bb8264998f4fd9e10c51b4) Importer(2089858483,192608db42251d675da83286b1cce702) (ScriptedImporter) -> (artifact id: '28a39461dc6da4ca52febff9d7b8ebd4') in 0.0407486 seconds
Number of updated asset objects reloaded before import = 0Number of asset objects unloaded after import = 1

========================================================================
Received Import Request.
  Time since last request: 0.000039 seconds.
  path: Assets/Assets _ Expence/Pegasus Studios/Elegant Interior Decor 3D Models Pack/Resources/Textures/Door/door wood_diffuseOriginal.png
  artifactKey: Guid(c748b641f97080f4a90b7eb7b65b5681) Importer(2089858483,192608db42251d675da83286b1cce702)
Start importing Assets/Assets _ Expence/Pegasus Studios/Elegant Interior Decor 3D Models Pack/Resources/Textures/Door/door wood_diffuseOriginal.png using Guid(c748b641f97080f4a90b7eb7b65b5681) Importer(2089858483,192608db42251d675da83286b1cce702) (ScriptedImporter) -> (artifact id: 'd219af13e32c31a99d53e957eec871aa') in 0.0392392 seconds
Number of updated asset objects reloaded before import = 0Number of asset objects unloaded after import = 1

========================================================================
Received Import Request.
  Time since last request: 0.000040 seconds.
  path: Assets/Assets _ Expence/nappin/OfficeEssentialsPack/Models/(Msh)Drawer3.fbx
  artifactKey: Guid(42a0956a447efbb44bd9e6a0d45f507b) Importer(2089858483,192608db42251d675da83286b1cce702)
Start importing Assets/Assets _ Expence/nappin/OfficeEssentialsPack/Models/(Msh)Drawer3.fbx using Guid(42a0956a447efbb44bd9e6a0d45f507b) Importer(2089858483,192608db42251d675da83286b1cce702) (ScriptedImporter) -> (artifact id: '16ad4d898c94f2b79c693b28d4d51c7a') in 0.0332523 seconds
Number of updated asset objects reloaded before import = 0Number of asset objects unloaded after import = 21

========================================================================
Received Import Request.
  Time since last request: 0.000030 seconds.
  path: Assets/Assets _ Expence/3Dfrk/Frames with pictures/Prefabs/Paint_09.prefab
  artifactKey: Guid(e9ba6d5c0ac3f114d89dc56d0c6a5bf2) Importer(2089858483,192608db42251d675da83286b1cce702)
Start importing Assets/Assets _ Expence/3Dfrk/Frames with pictures/Prefabs/Paint_09.prefab using Guid(e9ba6d5c0ac3f114d89dc56d0c6a5bf2) Importer(2089858483,192608db42251d675da83286b1cce702) (ScriptedImporter) -> (artifact id: 'ebca2f7c2a379414763c38e90d0ccc92') in 0.0289629 seconds
Number of updated asset objects reloaded before import = 0Number of asset objects unloaded after import = 9

========================================================================
Received Import Request.
  Time since last request: 0.000032 seconds.
  path: Assets/Assets _ Expence/SourceFiles/Settings/DefaultVolumeProfile.asset
  artifactKey: Guid(4adeb358b0ebdc04ebb15f877a13a2ee) Importer(2089858483,192608db42251d675da83286b1cce702)
Start importing Assets/Assets _ Expence/SourceFiles/Settings/DefaultVolumeProfile.asset using Guid(4adeb358b0ebdc04ebb15f877a13a2ee) Importer(2089858483,192608db42251d675da83286b1cce702) (ScriptedImporter) -> (artifact id: '0e016f563c8acca41adfec5b91ff1c32') in 0.0350377 seconds
Number of updated asset objects reloaded before import = 0Number of asset objects unloaded after import = 20

========================================================================
Received Import Request.
  Time since last request: 0.000028 seconds.
  path: Assets/Assets _ Expence/Mugs, Bowls and Plates/Models/plate01.fbx
  artifactKey: Guid(79746c2132cd5c44ab19cf17e83a15ec) Importer(2089858483,192608db42251d675da83286b1cce702)
Start importing Assets/Assets _ Expence/Mugs, Bowls and Plates/Models/plate01.fbx using Guid(79746c2132cd5c44ab19cf17e83a15ec) Importer(2089858483,192608db42251d675da83286b1cce702) (ScriptedImporter) -> (artifact id: '80cf08e4923099c51a74fa2ec0f05179') in 0.0352961 seconds
Number of updated asset objects reloaded before import = 0Number of asset objects unloaded after import = 7

========================================================================
Received Import Request.
  Time since last request: 0.000030 seconds.
  path: Assets/Assets _ Expence/asset_store/key_lock/scene
  artifactKey: Guid(77e2fe0918c406646aa0432752b85301) Importer(2089858483,192608db42251d675da83286b1cce702)
Start importing Assets/Assets _ Expence/asset_store/key_lock/scene using Guid(77e2fe0918c406646aa0432752b85301) Importer(2089858483,192608db42251d675da83286b1cce702) (ScriptedImporter) -> (artifact id: '0bae2ff6eb0af0c0667e837cccaa6232') in 0.0137601 seconds
Number of updated asset objects reloaded before import = 0Number of asset objects unloaded after import = 1

========================================================================
Received Import Request.
  Time since last request: 0.000020 seconds.
  path: Assets/Assets _ Expence/SourceFiles/Textures/Repeating Tiles/Tile_Grass.png
  artifactKey: Guid(fc4e5178fd43b014b9d5590d04c0e210) Importer(2089858483,192608db42251d675da83286b1cce702)
Start importing Assets/Assets _ Expence/SourceFiles/Textures/Repeating Tiles/Tile_Grass.png using Guid(fc4e5178fd43b014b9d5590d04c0e210) Importer(2089858483,192608db42251d675da83286b1cce702) (ScriptedImporter) -> (artifact id: 'ad004026a2774b0130f69e3b06cfb5c9') in 0.0336471 seconds
Number of updated asset objects reloaded before import = 0Number of asset objects unloaded after import = 1

========================================================================
Received Import Request.
  Time since last request: 0.000020 seconds.
  path: Assets/Assets _ Expence/3Dfrk/Frames with pictures/Materials/Paint_08.mat
  artifactKey: Guid(b2533195cb0b8ca41885eb4899bf7f69) Importer(2089858483,192608db42251d675da83286b1cce702)
Start importing Assets/Assets _ Expence/3Dfrk/Frames with pictures/Materials/Paint_08.mat using Guid(b2533195cb0b8ca41885eb4899bf7f69) Importer(2089858483,192608db42251d675da83286b1cce702) (ScriptedImporter) -> (artifact id: 'a32b485f563e1c593ca749112f52f892') in 0.017687 seconds
Number of updated asset objects reloaded before import = 0Number of asset objects unloaded after import = 2

========================================================================
Received Import Request.
  Time since last request: 0.000027 seconds.
  path: Assets/Assets _ Expence/SpaceZeta_StreetLamps/Showcase.unity
  artifactKey: Guid(9314f66649cb2c14ba468f7c54d4cd64) Importer(2089858483,192608db42251d675da83286b1cce702)
Start importing Assets/Assets _ Expence/SpaceZeta_StreetLamps/Showcase.unity using Guid(9314f66649cb2c14ba468f7c54d4cd64) Importer(2089858483,192608db42251d675da83286b1cce702) (ScriptedImporter) -> (artifact id: '282b7da57347c78f1af5bbe6f1ac49ab') in 0.0222224 seconds
Number of updated asset objects reloaded before import = 0Number of asset objects unloaded after import = 1

========================================================================
Received Import Request.
  Time since last request: 0.000024 seconds.
  path: Assets/Assets _ Expence/Pegasus Studios/Elegant Interior Decor 3D Models Pack/Resources/Models/Lamp Stand.fbx
  artifactKey: Guid(0a9b53473d8372248aa8f8d6250f26af) Importer(2089858483,192608db42251d675da83286b1cce702)
Start importing Assets/Assets _ Expence/Pegasus Studios/Elegant Interior Decor 3D Models Pack/Resources/Models/Lamp Stand.fbx using Guid(0a9b53473d8372248aa8f8d6250f26af) Importer(2089858483,192608db42251d675da83286b1cce702) (ScriptedImporter) -> (artifact id: 'cd30575976c757bcabe1992728f58645') in 0.0341092 seconds
Number of updated asset objects reloaded before import = 0Number of asset objects unloaded after import = 7

========================================================================
Received Import Request.
  Time since last request: 0.000037 seconds.
  path: Assets/Часы/10/R_d137a74eb9724f6280e07685b2c0fbe0_cuckoo_clock_AO.png
  artifactKey: Guid(e9e70563bc5ef744bb446751280ebc03) Importer(2089858483,192608db42251d675da83286b1cce702)
Start importing Assets/Часы/10/R_d137a74eb9724f6280e07685b2c0fbe0_cuckoo_clock_AO.png using Guid(e9e70563bc5ef744bb446751280ebc03) Importer(2089858483,192608db42251d675da83286b1cce702) (ScriptedImporter) -> (artifact id: 'fb04a2bad0d7177591e0bd4c78a3c8f3') in 0.0752564 seconds
Number of updated asset objects reloaded before import = 0Number of asset objects unloaded after import = 1

========================================================================
Received Import Request.
  Time since last request: 0.000018 seconds.
  path: Assets/Assets _ Expence/asset_store
  artifactKey: Guid(3fe41f1e49d48cc40ac1d8aae76c7968) Importer(2089858483,192608db42251d675da83286b1cce702)
Start importing Assets/Assets _ Expence/asset_store using Guid(3fe41f1e49d48cc40ac1d8aae76c7968) Importer(2089858483,192608db42251d675da83286b1cce702) (ScriptedImporter) -> (artifact id: '0c2f48a2d844bbe162c0afa84373a1db') in 0.0129374 seconds
Number of updated asset objects reloaded before import = 0Number of asset objects unloaded after import = 1

========================================================================
Received Import Request.
  Time since last request: 0.000035 seconds.
  path: Assets/Часы/13/Materials/RGB_57b224c49fb34a12bd11b4bad2971beb_Watch_Base_Color.mat
  artifactKey: Guid(8ebb3e4a555338d44967fabf9a0cb632) Importer(2089858483,192608db42251d675da83286b1cce702)
Start importing Assets/Часы/13/Materials/RGB_57b224c49fb34a12bd11b4bad2971beb_Watch_Base_Color.mat using Guid(8ebb3e4a555338d44967fabf9a0cb632) Importer(2089858483,192608db42251d675da83286b1cce702) (ScriptedImporter) -> (artifact id: 'a130d2c5c720e89c07a43e2daf92d92e') in 0.0465352 seconds
Number of updated asset objects reloaded before import = 0Number of asset objects unloaded after import = 2

========================================================================
Received Import Request.
  Time since last request: 0.000024 seconds.
  path: Assets/Assets _ Expence/nappin/OfficeEssentialsPack/Models/(Msh)Shelves1.fbx
  artifactKey: Guid(51192130c028d6046b3ff2242a019ff0) Importer(2089858483,192608db42251d675da83286b1cce702)
Start importing Assets/Assets _ Expence/nappin/OfficeEssentialsPack/Models/(Msh)Shelves1.fbx using Guid(51192130c028d6046b3ff2242a019ff0) Importer(2089858483,192608db42251d675da83286b1cce702) (ScriptedImporter) -> (artifact id: '959c08d6b51416a9e3a1c0dd0ff54d53') in 0.03975 seconds
Number of updated asset objects reloaded before import = 0Number of asset objects unloaded after import = 9

========================================================================
Received Import Request.
  Time since last request: 0.000034 seconds.
  path: Assets/Assets _ Expence/Pegasus Studios/Elegant Interior Decor 3D Models Pack/Resources/Materials/Door Dark Polished Wood.mat
  artifactKey: Guid(7a4342a8b9967714fb2f4beb3e5f0ee2) Importer(2089858483,192608db42251d675da83286b1cce702)
Start importing Assets/Assets _ Expence/Pegasus Studios/Elegant Interior Decor 3D Models Pack/Resources/Materials/Door Dark Polished Wood.mat using Guid(7a4342a8b9967714fb2f4beb3e5f0ee2) Importer(2089858483,192608db42251d675da83286b1cce702) (ScriptedImporter) -> (artifact id: '0685e6c38252756fbac46bdb7f6caefd') in 0.0308283 seconds
Number of updated asset objects reloaded before import = 0Number of asset objects unloaded after import = 4

========================================================================
Received Import Request.
  Time since last request: 0.000034 seconds.
  path: Assets/Assets _ Expence/Часы
  artifactKey: Guid(860da5702588f224c96386d1d2730aca) Importer(2089858483,192608db42251d675da83286b1cce702)
Start importing Assets/Assets _ Expence/Часы using Guid(860da5702588f224c96386d1d2730aca) Importer(2089858483,192608db42251d675da83286b1cce702) (ScriptedImporter) -> (artifact id: '7fa72af2a03728663550cb3d09c048f7') in 0.0132389 seconds
Number of updated asset objects reloaded before import = 0Number of asset objects unloaded after import = 1

========================================================================
Received Import Request.
  Time since last request: 0.000023 seconds.
  path: Assets/Assets _ Expence/SourceFiles/Settings/Mobile_RPAsset.asset
  artifactKey: Guid(32a8895de31e5a843ad5a2bed0c28499) Importer(2089858483,192608db42251d675da83286b1cce702)
Start importing Assets/Assets _ Expence/SourceFiles/Settings/Mobile_RPAsset.asset using Guid(32a8895de31e5a843ad5a2bed0c28499) Importer(2089858483,192608db42251d675da83286b1cce702) (ScriptedImporter) -> (artifact id: '3c0aad9a2c03ac37b222c232bb27d6b3') in 0.0460687 seconds
Number of updated asset objects reloaded before import = 0Number of asset objects unloaded after import = 2

========================================================================
Received Import Request.
  Time since last request: 0.000027 seconds.
  path: Assets/Часы/23/textures/chasi_final_plastmasa_Normal.png
  artifactKey: Guid(e3b0e4b65b81f0749b76d4a11694c967) Importer(2089858483,192608db42251d675da83286b1cce702)
Start importing Assets/Часы/23/textures/chasi_final_plastmasa_Normal.png using Guid(e3b0e4b65b81f0749b76d4a11694c967) Importer(2089858483,192608db42251d675da83286b1cce702) (ScriptedImporter) -> (artifact id: '0a6b8671be25cf234010f9d27c7f509a') in 0.0738712 seconds
Number of updated asset objects reloaded before import = 0Number of asset objects unloaded after import = 1

Editor requested this worker to shutdown with reason: Scaling down because of idle timeout
AssetImportWorker is now disconnected from the server
Process exiting
Exiting without the bug reporter. Application will terminate with return code 0