[Licensing::Module] Trying to connect to existing licensing client channel...
Built from '6000.2/respin/6000.2.8f1-e4064264ae96' branch; Version is '6000.2.8f1 (c9992ac36c34) revision 13211946'; Using compiler version '194234433'; Build Type 'Release'
[Licensing::IpcConnector] Successfully connected to: "LicenseClient-HOME" at "2025-12-13T09:15:42.3944677Z"
OS: 'Windows 11  (10.0.26100) 64bit Professional' Language: 'ru' Physical Memory: 16116 MB
BatchMode: 1, IsHumanControllingUs: 0, StartBugReporterOnCrash: 0, Is64bit: 1
Date: 2025-12-13T09:15:42Z

COMMAND LINE ARGUMENTS:
C:\Program Files\Unity\Hub\Editor\6000.2.8f1\Editor\Unity.exe
-adb2
-batchMode
-noUpm
-name
AssetImportWorker4
-projectPath
C:/Users/HOME/Documents/GitHub/Project1/Valdhés su Villa
-logFile
Logs/AssetImportWorker4.log
-srvPort
61230
-licensingIpc
LicenseClient-HOME
-job-worker-count
5
-background-job-worker-count
8
-gc-helper-count
1
-name
AssetImport
Successfully changed project path to: C:/Users/HOME/Documents/GitHub/Project1/Valdhés su Villa
C:/Users/HOME/Documents/GitHub/Project1/Valdhés su Villa
[UnityMemory] Configuration Parameters - Can be set up in boot.config
    "memorysetup-allocator-temp-initial-block-size-main=262144"
    "memorysetup-allocator-temp-initial-block-size-worker=262144"
    "memorysetup-bucket-allocator-granularity=16"
    "memorysetup-bucket-allocator-bucket-count=8"
    "memorysetup-bucket-allocator-block-size=33554432"
    "memorysetup-bucket-allocator-block-count=8"
    "memorysetup-main-allocator-block-size=16777216"
    "memorysetup-thread-allocator-block-size=16777216"
    "memorysetup-gfx-main-allocator-block-size=16777216"
    "memorysetup-gfx-thread-allocator-block-size=16777216"
    "memorysetup-cache-allocator-block-size=4194304"
    "memorysetup-typetree-allocator-block-size=2097152"
    "memorysetup-profiler-bucket-allocator-granularity=16"
    "memorysetup-profiler-bucket-allocator-bucket-count=8"
    "memorysetup-profiler-bucket-allocator-block-size=33554432"
    "memorysetup-profiler-bucket-allocator-block-count=8"
    "memorysetup-profiler-allocator-block-size=16777216"
    "memorysetup-profiler-editor-allocator-block-size=1048576"
    "memorysetup-temp-allocator-size-main=16777216"
    "memorysetup-job-temp-allocator-block-size=2097152"
    "memorysetup-job-temp-allocator-block-size-background=1048576"
    "memorysetup-job-temp-allocator-reduction-small-platforms=262144"
    "memorysetup-temp-allocator-size-background-worker=32768"
    "memorysetup-temp-allocator-size-job-worker=262144"
    "memorysetup-temp-allocator-size-preload-manager=33554432"
    "memorysetup-temp-allocator-size-nav-mesh-worker=65536"
    "memorysetup-temp-allocator-size-audio-worker=65536"
    "memorysetup-temp-allocator-size-cloud-worker=32768"
    "memorysetup-temp-allocator-size-gi-baking-worker=262144"
    "memorysetup-temp-allocator-size-gi-baking-worker=262144"
    "memorysetup-temp-allocator-size-gi-baking-worker=262144"
    "memorysetup-temp-allocator-size-gi-baking-worker=262144"
    "memorysetup-temp-allocator-size-gi-baking-worker=262144"
    "memorysetup-temp-allocator-size-gfx=262144"
Player connection [5956]  Target information:

Player connection [5956]  * "[IP] 192.168.0.65 [Port] 0 [Flags] 2 [Guid] 3813435084 [EditorId] 3813435084 [Version] 1048832 [Id] WindowsEditor(7,DESKTOP-MOMKQ24) [Debug] 1 [PackageName] WindowsEditor [ProjectName] Editor" 

Player connection [5956] Host joined multi-casting on [225.0.0.222:54997]...
Player connection [5956] Host joined alternative multi-casting on [225.0.0.222:34997]...
JobSystem: Creating JobQueue using job-worker-count value 5
Input System module state changed to: Initialized.
[Physics::Module] Initialized fallback backend.
[Physics::Module] Id: 0xdecafbad
[Licensing::Client] Code 10 while verifying Licensing Client signature (process Id: 15320, path: "C:/юнити/Unity Hub/UnityLicensingClient_V1/Unity.Licensing.Client.exe")
[Licensing::Module] LicensingClient has failed validation; ignoring
[Licensing::Client] Handshaking with LicensingClient:
  Version:                 1.17.3+a4e98f1
  Session Id:              a3e3ed65eea341efa82ca99d3d6381dd
  Correlation Id:          c6f11f3c2366f4163499aa8ce56d00cd
  External correlation Id: 8437494517577021395
  Machine Id:              p2zqx2RjvcmlaFMCS3B3Azs/qVA=
[Licensing::Module] Successfully connected to LicensingClient on channel: "LicenseClient-HOME" (connect: 0.00s, validation: 0.00s, handshake: 0.05s)
[Licensing::IpcConnector] Successfully connected to: "LicenseClient-HOME-notifications" at "2025-12-13T09:15:42.4504808Z"
[Licensing::Module] Licensing Background thread has ended after 0.06s
Library Redirect Path: Library/
[Physics::Module] Selected backend.
[Physics::Module] Name: PhysX
[Physics::Module] Id: 0xf2b8ea05
[Physics::Module] SDK Version: 4.1.2
[Physics::Module] Integration Version: 1.0.0
[Physics::Module] Threading Mode: Multi-Threaded
Refreshing native plugins compatible for Editor in 0.52 ms, found 0 plugins.
Preloading 0 native plugins for Editor in 0.00 ms.
Initialize engine version: 6000.2.8f1 (c9992ac36c34)
[Subsystems] Discovering subsystems at path C:/Program Files/Unity/Hub/Editor/6000.2.8f1/Editor/Data/Resources/UnitySubsystems
[Subsystems] Discovering subsystems at path C:/Users/HOME/Documents/GitHub/Project1/Valdhés su Villa/Assets
GfxDevice: creating device client; kGfxThreadingModeNonThreaded
Direct3D:
    Version:  Direct3D 11.0 [level 11.1]
    Renderer: NVIDIA GeForce RTX 4050 Laptop GPU (ID=0x28a1)
    Vendor:   NVIDIA
    VRAM:     5921 MB
    Driver:   32.0.15.7283
Initialize mono
Mono path[0] = 'C:/Program Files/Unity/Hub/Editor/6000.2.8f1/Editor/Data/Managed'
Mono path[1] = 'C:/Program Files/Unity/Hub/Editor/6000.2.8f1/Editor/Data/MonoBleedingEdge/lib/mono/unityjit-win32'
Mono config path = 'C:/Program Files/Unity/Hub/Editor/6000.2.8f1/Editor/Data/MonoBleedingEdge/etc'
Using monoOptions --debugger-agent=transport=dt_socket,embedding=1,server=y,suspend=n,address=127.0.0.1:56704
Begin MonoManager ReloadAssembly
Registering precompiled unity dll's ...
Register platform support module: C:/Program Files/Unity/Hub/Editor/6000.2.8f1/Editor/Data/PlaybackEngines/WindowsStandaloneSupport/UnityEditor.WindowsStandalone.Extensions.dll
Registered in 0.001363 seconds.
- Loaded All Assemblies, in  0.294 seconds
Native extension for WindowsStandalone target not found
Mono: successfully reloaded assembly
- Finished resetting the current domain, in  0.274 seconds
Domain Reload Profiling: 568ms
	BeginReloadAssembly (101ms)
		ExecutionOrderSort (0ms)
		DisableScriptedObjects (0ms)
		BackupInstance (0ms)
		ReleaseScriptingObjects (0ms)
		CreateAndSetChildDomain (1ms)
	RebuildCommonClasses (28ms)
	RebuildNativeTypeToScriptingClass (9ms)
	initialDomainReloadingComplete (36ms)
	LoadAllAssembliesAndSetupDomain (120ms)
		LoadAssemblies (99ms)
		RebuildTransferFunctionScriptingTraits (0ms)
		AnalyzeDomain (118ms)
			TypeCache.Refresh (117ms)
				TypeCache.ScanAssembly (106ms)
			BuildScriptInfoCaches (0ms)
			ResolveRequiredComponents (0ms)
	FinalizeReload (274ms)
		ReleaseScriptCaches (0ms)
		RebuildScriptCaches (0ms)
		SetupLoadedEditorAssemblies (249ms)
			LogAssemblyErrors (0ms)
			InitializePlatformSupportModulesInManaged (41ms)
			SetLoadedEditorAssemblies (3ms)
			BeforeProcessingInitializeOnLoad (51ms)
			ProcessInitializeOnLoadAttributes (112ms)
			ProcessInitializeOnLoadMethodAttributes (41ms)
			AfterProcessingInitializeOnLoad (0ms)
			EditorAssembliesLoaded (0ms)
		ExecutionOrderSort2 (0ms)
		AwakeInstancesAfterBackupRestoration (0ms)
========================================================================
Worker process is ready to serve import requests
Import Worker Mode flag is 0x00
Begin MonoManager ReloadAssembly
[Licensing::Client] Successfully resolved entitlement details
[Licensing::Module] License group:
  Id: 10171542316351-UnityPersXXXX
  Product: Unity Personal
  Type: Assigned
  Expiration: Unlimited
- Loaded All Assemblies, in  0.198 seconds
Refreshing native plugins compatible for Editor in 0.36 ms, found 0 plugins.
Native extension for WindowsStandalone target not found
Mono: successfully reloaded assembly
- Finished resetting the current domain, in  0.291 seconds
Domain Reload Profiling: 488ms
	BeginReloadAssembly (137ms)
		ExecutionOrderSort (0ms)
		DisableScriptedObjects (5ms)
		BackupInstance (0ms)
		ReleaseScriptingObjects (0ms)
		CreateAndSetChildDomain (24ms)
	RebuildCommonClasses (30ms)
	RebuildNativeTypeToScriptingClass (8ms)
	initialDomainReloadingComplete (14ms)
	LoadAllAssembliesAndSetupDomain (8ms)
		LoadAssemblies (77ms)
		RebuildTransferFunctionScriptingTraits (0ms)
		AnalyzeDomain (5ms)
			TypeCache.Refresh (3ms)
				TypeCache.ScanAssembly (0ms)
			BuildScriptInfoCaches (0ms)
			ResolveRequiredComponents (0ms)
	FinalizeReload (291ms)
		ReleaseScriptCaches (0ms)
		RebuildScriptCaches (0ms)
		SetupLoadedEditorAssemblies (213ms)
			LogAssemblyErrors (0ms)
			InitializePlatformSupportModulesInManaged (2ms)
			SetLoadedEditorAssemblies (3ms)
			BeforeProcessingInitializeOnLoad (97ms)
			ProcessInitializeOnLoadAttributes (94ms)
			ProcessInitializeOnLoadMethodAttributes (15ms)
			AfterProcessingInitializeOnLoad (2ms)
			EditorAssembliesLoaded (0ms)
		ExecutionOrderSort2 (0ms)
		AwakeInstancesAfterBackupRestoration (5ms)
WARNING: Shader Unsupported: 'Hidden/Universal Render Pipeline/Terrain/Lit (Base Pass)' - All subshaders removed
WARNING: Shader Did you use #pragma only_renderers and omit this platform?
WARNING: Shader If subshaders removal was intentional, you may have forgotten turning Fallback off?
WARNING: Shader Unsupported: 'Hidden/Universal Render Pipeline/Terrain/Lit (Base Pass)' - All subshaders removed
WARNING: Shader Did you use #pragma only_renderers and omit this platform?
WARNING: Shader If subshaders removal was intentional, you may have forgotten turning Fallback off?
WARNING: Shader Unsupported: 'Universal Render Pipeline/Terrain/Lit' - All subshaders removed
WARNING: Shader Did you use #pragma only_renderers and omit this platform?
WARNING: Shader If subshaders removal was intentional, you may have forgotten turning Fallback off?
WARNING: Shader Unsupported: 'Universal Render Pipeline/Terrain/Lit' - All subshaders removed
WARNING: Shader Did you use #pragma only_renderers and omit this platform?
WARNING: Shader If subshaders removal was intentional, you may have forgotten turning Fallback off?
Launched and connected shader compiler UnityShaderCompiler.exe after 0.01 seconds
Refreshing native plugins compatible for Editor in 0.39 ms, found 0 plugins.
Preloading 0 native plugins for Editor in 0.00 ms.
Unloading 34 Unused Serialized files (Serialized files now loaded: 0)
Unloading 6112 unused Assets / (6.5 MB). Loaded Objects now: 6717.
Memory consumption went from 120.9 MB to 114.3 MB.
Total: 10.731100 ms (FindLiveObjects: 0.938400 ms CreateObjectMapping: 0.755100 ms MarkObjects: 5.242900 ms  DeleteObjects: 3.790500 ms)

========================================================================
Received Import Request.
  Time since last request: 2439.788914 seconds.
  path: Assets/Mugs, Bowls and Plates/sample Scene
  artifactKey: Guid(aef111c22ad843145a320b4fb746df54) Importer(815301076,1909f56bfc062723c751e8b465ee728b)
Start importing Assets/Mugs, Bowls and Plates/sample Scene using Guid(aef111c22ad843145a320b4fb746df54) Importer(815301076,1909f56bfc062723c751e8b465ee728b) (PreviewImporter) -> (artifact id: '9e879a1c460f4b5ac45f7f98891cadc9') in 0.0094362 seconds
Number of updated asset objects reloaded before import = 0Number of asset objects unloaded after import = 0

========================================================================
Received Import Request.
  Time since last request: 1.055138 seconds.
  path: Assets/Mugs, Bowls and Plates/sample Scene/Sample Scene.unity
  artifactKey: Guid(55eae7c92ee2ef2439ddd2b306de06b3) Importer(815301076,1909f56bfc062723c751e8b465ee728b)
Start importing Assets/Mugs, Bowls and Plates/sample Scene/Sample Scene.unity using Guid(55eae7c92ee2ef2439ddd2b306de06b3) Importer(815301076,1909f56bfc062723c751e8b465ee728b) (PreviewImporter) -> (artifact id: 'a30d1964999dac73abc4858b92ccd3c4') in 0.0012147 seconds
Number of updated asset objects reloaded before import = 0Number of asset objects unloaded after import = 0

========================================================================
Received Import Request.
  Time since last request: 43.094115 seconds.
  path: Assets/DefaultVolumeProfile.asset
  artifactKey: Guid(f188432669eb4b04693afffe15afa56b) Importer(815301076,1909f56bfc062723c751e8b465ee728b)
Start importing Assets/DefaultVolumeProfile.asset using Guid(f188432669eb4b04693afffe15afa56b) Importer(815301076,1909f56bfc062723c751e8b465ee728b) (PreviewImporter) -> (artifact id: 'e3f86830cf58f649a3fc7dcdc09637bd') in 0.0032612 seconds
Number of updated asset objects reloaded before import = 0Number of asset objects unloaded after import = 1

========================================================================
Received Import Request.
  Time since last request: 0.007297 seconds.
  path: Assets/UniversalRenderPipelineGlobalSettings.asset
  artifactKey: Guid(d09da97522b909b49a27bfacbc2cdc4f) Importer(815301076,1909f56bfc062723c751e8b465ee728b)
Start importing Assets/UniversalRenderPipelineGlobalSettings.asset using Guid(d09da97522b909b49a27bfacbc2cdc4f) Importer(815301076,1909f56bfc062723c751e8b465ee728b) (PreviewImporter) -> (artifact id: 'f2f3c525c72913306ee3190507870a65') in 0.0018767 seconds
Number of updated asset objects reloaded before import = 0Number of asset objects unloaded after import = 1

========================================================================
Received Import Request.
  Time since last request: 0.423929 seconds.
  path: Assets/Scenes/Scripts/FinalVerScriptBasicMechanic/WallController.cs
  artifactKey: Guid(888f9a8a1a7f1c340a18ef93398e07b4) Importer(2089858483,192608db42251d675da83286b1cce702)
Start importing Assets/Scenes/Scripts/FinalVerScriptBasicMechanic/WallController.cs using Guid(888f9a8a1a7f1c340a18ef93398e07b4) Importer(2089858483,192608db42251d675da83286b1cce702) (ScriptedImporter) -> (artifact id: '9ba65b3afe100b96d928569c3c243d21') in 0.1140275 seconds
Number of updated asset objects reloaded before import = 0Number of asset objects unloaded after import = 0

========================================================================
Received Import Request.
  Time since last request: 0.000105 seconds.
  path: Assets/UnityTechnologies/Basic Asset Pack Interior/Prefabs/Walls/WallDoorFrame2m.prefab
  artifactKey: Guid(2a0112f4fd798c8459cf0e23c603350d) Importer(2089858483,192608db42251d675da83286b1cce702)
Start importing Assets/UnityTechnologies/Basic Asset Pack Interior/Prefabs/Walls/WallDoorFrame2m.prefab using Guid(2a0112f4fd798c8459cf0e23c603350d) Importer(2089858483,192608db42251d675da83286b1cce702) (ScriptedImporter) -> (artifact id: 'adb92ff0fb385c885bc8a82a3d2d29ad') in 0.0961837 seconds
Number of updated asset objects reloaded before import = 0Number of asset objects unloaded after import = 14

========================================================================
Received Import Request.
  Time since last request: 0.000027 seconds.
  path: Assets/UnityTechnologies/Basic Asset Pack Interior/Materials/WallGreen.mat
  artifactKey: Guid(71e87038bf775fc45b3e16ed33163afa) Importer(2089858483,192608db42251d675da83286b1cce702)
Start importing Assets/UnityTechnologies/Basic Asset Pack Interior/Materials/WallGreen.mat using Guid(71e87038bf775fc45b3e16ed33163afa) Importer(2089858483,192608db42251d675da83286b1cce702) (ScriptedImporter) -> (artifact id: '76fb387af2a36ca493dcadb5f77dd350') in 0.0417127 seconds
Number of updated asset objects reloaded before import = 0Number of asset objects unloaded after import = 2

========================================================================
Received Import Request.
  Time since last request: 0.000023 seconds.
  path: Assets/3Dfrk/Frames with pictures/Materials/Paint_09.mat
  artifactKey: Guid(20f382ca5b67580458b454c14e57251e) Importer(2089858483,192608db42251d675da83286b1cce702)
Start importing Assets/3Dfrk/Frames with pictures/Materials/Paint_09.mat using Guid(20f382ca5b67580458b454c14e57251e) Importer(2089858483,192608db42251d675da83286b1cce702) (ScriptedImporter) -> (artifact id: '87be7d4f865e15cd63a590dfe1181b70') in 0.0367789 seconds
Number of updated asset objects reloaded before import = 0Number of asset objects unloaded after import = 2

========================================================================
Received Import Request.
  Time since last request: 0.000025 seconds.
  path: Assets/UnityTechnologies/Basic Asset Pack Interior/Prefabs/Floor/Floor2x4m.prefab
  artifactKey: Guid(4a3d4ee404cb0754f860c66c7499443a) Importer(2089858483,192608db42251d675da83286b1cce702)
Start importing Assets/UnityTechnologies/Basic Asset Pack Interior/Prefabs/Floor/Floor2x4m.prefab using Guid(4a3d4ee404cb0754f860c66c7499443a) Importer(2089858483,192608db42251d675da83286b1cce702) (ScriptedImporter) -> (artifact id: 'b52b403dece950d2d7f5ce3c30d26d7d') in 0.1036434 seconds
Number of updated asset objects reloaded before import = 0Number of asset objects unloaded after import = 8

========================================================================
Received Import Request.
  Time since last request: 0.000031 seconds.
  path: Assets/UnityTechnologies/Basic Asset Pack Interior/Prefabs/Props/Books.prefab
  artifactKey: Guid(8062fd9b85c788e418915692eb5c78e3) Importer(2089858483,192608db42251d675da83286b1cce702)
Start importing Assets/UnityTechnologies/Basic Asset Pack Interior/Prefabs/Props/Books.prefab using Guid(8062fd9b85c788e418915692eb5c78e3) Importer(2089858483,192608db42251d675da83286b1cce702) (ScriptedImporter) -> (artifact id: 'b87a58825b22c9978aea790e55d15d5d') in 0.0995707 seconds
Number of updated asset objects reloaded before import = 0Number of asset objects unloaded after import = 24

========================================================================
Received Import Request.
  Time since last request: 0.000039 seconds.
  path: Assets/UnityTechnologies/Basic Asset Pack Interior/Materials/TrimSheetBlues.mat
  artifactKey: Guid(e4fdbc2bd3766404e99488c6115482f3) Importer(2089858483,192608db42251d675da83286b1cce702)
Start importing Assets/UnityTechnologies/Basic Asset Pack Interior/Materials/TrimSheetBlues.mat using Guid(e4fdbc2bd3766404e99488c6115482f3) Importer(2089858483,192608db42251d675da83286b1cce702) (ScriptedImporter) -> (artifact id: '8d1a76480a3fc061837fe5902cfe5a0c') in 0.0336636 seconds
Number of updated asset objects reloaded before import = 0Number of asset objects unloaded after import = 2

========================================================================
Received Import Request.
  Time since last request: 0.000045 seconds.
  path: Assets/Brick Project Studio/Apartment Kit/_Prefabs/Furniture/Bathroom/BathTub_Base_01.prefab
  artifactKey: Guid(cb533d6f7329a744fb5c0396de1b8b4b) Importer(2089858483,192608db42251d675da83286b1cce702)
Start importing Assets/Brick Project Studio/Apartment Kit/_Prefabs/Furniture/Bathroom/BathTub_Base_01.prefab using Guid(cb533d6f7329a744fb5c0396de1b8b4b) Importer(2089858483,192608db42251d675da83286b1cce702) (ScriptedImporter) -> (artifact id: '81beff8c1ba2935f0bbdfde8ec32f450') in 0.0874267 seconds
Number of updated asset objects reloaded before import = 0Number of asset objects unloaded after import = 36

========================================================================
Received Import Request.
  Time since last request: 0.000231 seconds.
  path: Assets/Brick Project Studio/Apartment Kit/_Prefabs/Furniture/Bathroom/Toilet_Apt_01.prefab
  artifactKey: Guid(10d4ee2e07ed6c043bcfb109fd37b49a) Importer(2089858483,192608db42251d675da83286b1cce702)
Start importing Assets/Brick Project Studio/Apartment Kit/_Prefabs/Furniture/Bathroom/Toilet_Apt_01.prefab using Guid(10d4ee2e07ed6c043bcfb109fd37b49a) Importer(2089858483,192608db42251d675da83286b1cce702) (ScriptedImporter) -> (artifact id: '063722dda9db10c4f53717f8aa618fe2') in 0.0882134 seconds
Number of updated asset objects reloaded before import = 0Number of asset objects unloaded after import = 15

========================================================================
Received Import Request.
  Time since last request: 0.000023 seconds.
  path: Assets/UnityTechnologies/Basic Asset Pack Interior/Prefabs/Furniture/SofaArmChair.prefab
  artifactKey: Guid(5b5aa82c8874db14092566fe05c8b462) Importer(2089858483,192608db42251d675da83286b1cce702)
Start importing Assets/UnityTechnologies/Basic Asset Pack Interior/Prefabs/Furniture/SofaArmChair.prefab using Guid(5b5aa82c8874db14092566fe05c8b462) Importer(2089858483,192608db42251d675da83286b1cce702) (ScriptedImporter) -> (artifact id: '3c63dd5c148dd88f513ef41e4098a663') in 0.1184661 seconds
Number of updated asset objects reloaded before import = 0Number of asset objects unloaded after import = 13

========================================================================
Received Import Request.
  Time since last request: 0.000053 seconds.
  path: Assets/Brick Project Studio/Apartment Kit/_Prefabs/Props/Kitchen/DrinkingGlass_01.prefab
  artifactKey: Guid(8dfa0d45cd834394f8c62eec3b88c8c4) Importer(2089858483,192608db42251d675da83286b1cce702)
Start importing Assets/Brick Project Studio/Apartment Kit/_Prefabs/Props/Kitchen/DrinkingGlass_01.prefab using Guid(8dfa0d45cd834394f8c62eec3b88c8c4) Importer(2089858483,192608db42251d675da83286b1cce702) (ScriptedImporter) -> (artifact id: '6e1e4bd5b486400c8a61cd26896244cf') in 0.0788746 seconds
Number of updated asset objects reloaded before import = 0Number of asset objects unloaded after import = 8

========================================================================
Received Import Request.
  Time since last request: 0.000038 seconds.
  path: Assets/Scenes/Materials/Materials/12a9a94f32e4ccbd343fe1baafdb25e4.mat
  artifactKey: Guid(084000c6735bfef43a1d76b34d402748) Importer(2089858483,192608db42251d675da83286b1cce702)
Start importing Assets/Scenes/Materials/Materials/12a9a94f32e4ccbd343fe1baafdb25e4.mat using Guid(084000c6735bfef43a1d76b34d402748) Importer(2089858483,192608db42251d675da83286b1cce702) (ScriptedImporter) -> (artifact id: '8b7234c7e2e9d88e58f451f407608eab') in 0.0275234 seconds
Number of updated asset objects reloaded before import = 0Number of asset objects unloaded after import = 1

========================================================================
Received Import Request.
  Time since last request: 0.000447 seconds.
  path: Assets/UnityTechnologies/Basic Asset Pack Interior/Prefabs/Furniture/SofaFootRest.prefab
  artifactKey: Guid(0eac5f779f169324da987e6e0004aac0) Importer(2089858483,192608db42251d675da83286b1cce702)
Start importing Assets/UnityTechnologies/Basic Asset Pack Interior/Prefabs/Furniture/SofaFootRest.prefab using Guid(0eac5f779f169324da987e6e0004aac0) Importer(2089858483,192608db42251d675da83286b1cce702) (ScriptedImporter) -> (artifact id: 'b09a04e0d13b1df77eb49b03f07a84f3') in 0.1041415 seconds
Number of updated asset objects reloaded before import = 0Number of asset objects unloaded after import = 8

========================================================================
Received Import Request.
  Time since last request: 0.000033 seconds.
  path: Assets/Settings/DefaultVolumeProfile.asset
  artifactKey: Guid(ab09877e2e707104187f6f83e2f62510) Importer(2089858483,192608db42251d675da83286b1cce702)
Start importing Assets/Settings/DefaultVolumeProfile.asset using Guid(ab09877e2e707104187f6f83e2f62510) Importer(2089858483,192608db42251d675da83286b1cce702) (ScriptedImporter) -> (artifact id: '1800b298b675a63081709abdb994cde3') in 0.0576152 seconds
Number of updated asset objects reloaded before import = 0Number of asset objects unloaded after import = 1

========================================================================
Received Import Request.
  Time since last request: 0.000255 seconds.
  path: Assets/UnityTechnologies/Basic Asset Pack Interior/Materials/PatternStripeGrey.mat
  artifactKey: Guid(f95d116f9690653489083d8ea7ca3c29) Importer(2089858483,192608db42251d675da83286b1cce702)
Start importing Assets/UnityTechnologies/Basic Asset Pack Interior/Materials/PatternStripeGrey.mat using Guid(f95d116f9690653489083d8ea7ca3c29) Importer(2089858483,192608db42251d675da83286b1cce702) (ScriptedImporter) -> (artifact id: '5cc1b062200fe4188154f107cb4ec838') in 0.0310616 seconds
Number of updated asset objects reloaded before import = 0Number of asset objects unloaded after import = 2

========================================================================
Received Import Request.
  Time since last request: 0.000035 seconds.
  path: Assets/UnityTechnologies/Basic Asset Pack Interior/Materials/WallGrey.mat
  artifactKey: Guid(9e8597a68e94e804d9874df594ebb10c) Importer(2089858483,192608db42251d675da83286b1cce702)
Start importing Assets/UnityTechnologies/Basic Asset Pack Interior/Materials/WallGrey.mat using Guid(9e8597a68e94e804d9874df594ebb10c) Importer(2089858483,192608db42251d675da83286b1cce702) (ScriptedImporter) -> (artifact id: 'bc3ed6e7199ffae37f179108c3af15dd') in 0.0241674 seconds
Number of updated asset objects reloaded before import = 0Number of asset objects unloaded after import = 2

========================================================================
Received Import Request.
  Time since last request: 0.000023 seconds.
  path: Assets/asset_store/key_lock/material/m_key_black_01.mat
  artifactKey: Guid(1f25dcc7d084a614db462285a3464a30) Importer(2089858483,192608db42251d675da83286b1cce702)
Start importing Assets/asset_store/key_lock/material/m_key_black_01.mat using Guid(1f25dcc7d084a614db462285a3464a30) Importer(2089858483,192608db42251d675da83286b1cce702) (ScriptedImporter) -> (artifact id: '035490c040c62576dbabc10545fe4c81') in 0.0632712 seconds
Number of updated asset objects reloaded before import = 0Number of asset objects unloaded after import = 5

========================================================================
Received Import Request.
  Time since last request: 0.000026 seconds.
  path: Assets/UnityTechnologies/Basic Asset Pack Interior/Materials/TrimSheetPurple.mat
  artifactKey: Guid(1129d8d1a7b3fa340bd265a35536bafe) Importer(2089858483,192608db42251d675da83286b1cce702)
Start importing Assets/UnityTechnologies/Basic Asset Pack Interior/Materials/TrimSheetPurple.mat using Guid(1129d8d1a7b3fa340bd265a35536bafe) Importer(2089858483,192608db42251d675da83286b1cce702) (ScriptedImporter) -> (artifact id: '5dcee5059c550446660b28d8a3cc44e7') in 0.026856 seconds
Number of updated asset objects reloaded before import = 0Number of asset objects unloaded after import = 2

========================================================================
Received Import Request.
  Time since last request: 0.000049 seconds.
  path: Assets/UnityTechnologies/Basic Asset Pack Interior/Prefabs/Furniture/TableNarrowDoubleDraw.prefab
  artifactKey: Guid(539264233b4d43c4f9f9a003a5ac9461) Importer(2089858483,192608db42251d675da83286b1cce702)
Start importing Assets/UnityTechnologies/Basic Asset Pack Interior/Prefabs/Furniture/TableNarrowDoubleDraw.prefab using Guid(539264233b4d43c4f9f9a003a5ac9461) Importer(2089858483,192608db42251d675da83286b1cce702) (ScriptedImporter) -> (artifact id: '30e7a0977192111236950aaacae84467') in 0.0977998 seconds
Number of updated asset objects reloaded before import = 0Number of asset objects unloaded after import = 8

========================================================================
Received Import Request.
  Time since last request: 0.000054 seconds.
  path: Assets/UnityTechnologies/Basic Asset Pack Interior/Prefabs/Props/PlantPotMedium.prefab
  artifactKey: Guid(b2b1040f29fd5ed4bb531ba5954b983f) Importer(2089858483,192608db42251d675da83286b1cce702)
Start importing Assets/UnityTechnologies/Basic Asset Pack Interior/Prefabs/Props/PlantPotMedium.prefab using Guid(b2b1040f29fd5ed4bb531ba5954b983f) Importer(2089858483,192608db42251d675da83286b1cce702) (ScriptedImporter) -> (artifact id: '05066e576a15cb6d0c44bf8f608ada63') in 0.0980275 seconds
Number of updated asset objects reloaded before import = 0Number of asset objects unloaded after import = 13

========================================================================
Received Import Request.
  Time since last request: 0.000038 seconds.
  path: Assets/Brick Project Studio/Apartment Kit/_Prefabs/Furniture/Living Room/Table_Computer_01_Setup.prefab
  artifactKey: Guid(7699f5af06713974ba61777a8a830f6e) Importer(2089858483,192608db42251d675da83286b1cce702)
Start importing Assets/Brick Project Studio/Apartment Kit/_Prefabs/Furniture/Living Room/Table_Computer_01_Setup.prefab using Guid(7699f5af06713974ba61777a8a830f6e) Importer(2089858483,192608db42251d675da83286b1cce702) (ScriptedImporter) -> (artifact id: '3808996edef7fb23ca89434b41ec3c8e') in 0.0668106 seconds
Number of updated asset objects reloaded before import = 0Number of asset objects unloaded after import = 2

========================================================================
Received Import Request.
  Time since last request: 0.000210 seconds.
  path: Assets/Brick Project Studio/Apartment Kit/_Prefabs/Furniture/Kitchen/Cabinets/Cabinet_Wall_SD_01.prefab
  artifactKey: Guid(36510e737e626954986f2c5112be9091) Importer(2089858483,192608db42251d675da83286b1cce702)
Start importing Assets/Brick Project Studio/Apartment Kit/_Prefabs/Furniture/Kitchen/Cabinets/Cabinet_Wall_SD_01.prefab using Guid(36510e737e626954986f2c5112be9091) Importer(2089858483,192608db42251d675da83286b1cce702) (ScriptedImporter) -> (artifact id: '76aff5d569830a5d30efee3b3fdcb0ec') in 0.0794022 seconds
Number of updated asset objects reloaded before import = 0Number of asset objects unloaded after import = 18

========================================================================
Received Import Request.
  Time since last request: 0.000195 seconds.
  path: Assets/UnityTechnologies/Basic Asset Pack Interior/Materials/WoodPlanksBrown.mat
  artifactKey: Guid(d5099de0a4714c64ca1a0e843c638fc1) Importer(2089858483,192608db42251d675da83286b1cce702)
Start importing Assets/UnityTechnologies/Basic Asset Pack Interior/Materials/WoodPlanksBrown.mat using Guid(d5099de0a4714c64ca1a0e843c638fc1) Importer(2089858483,192608db42251d675da83286b1cce702) (ScriptedImporter) -> (artifact id: '678b21a240bc3a12f44b54c0cf709e39') in 0.0303355 seconds
Number of updated asset objects reloaded before import = 0Number of asset objects unloaded after import = 2

========================================================================
Received Import Request.
  Time since last request: 0.000048 seconds.
  path: Assets/UnityTechnologies/Basic Asset Pack Interior/Prefabs/Floor/Floor1m.prefab
  artifactKey: Guid(b866cd89eeadfa14183bdbb8272c67a8) Importer(2089858483,192608db42251d675da83286b1cce702)
Start importing Assets/UnityTechnologies/Basic Asset Pack Interior/Prefabs/Floor/Floor1m.prefab using Guid(b866cd89eeadfa14183bdbb8272c67a8) Importer(2089858483,192608db42251d675da83286b1cce702) (ScriptedImporter) -> (artifact id: '07e11368fdd60ad9500e500bdb9f8503') in 0.1043396 seconds
Number of updated asset objects reloaded before import = 0Number of asset objects unloaded after import = 8

========================================================================
Received Import Request.
  Time since last request: 0.000051 seconds.
  path: Assets/3Dfrk/Frames with pictures/Materials/Paint_02.mat
  artifactKey: Guid(129d635f36d5e9d4fa3b656a8ef75ceb) Importer(2089858483,192608db42251d675da83286b1cce702)
Start importing Assets/3Dfrk/Frames with pictures/Materials/Paint_02.mat using Guid(129d635f36d5e9d4fa3b656a8ef75ceb) Importer(2089858483,192608db42251d675da83286b1cce702) (ScriptedImporter) -> (artifact id: '7c87797118c00957f446372edf5c7a10') in 0.0283906 seconds
Number of updated asset objects reloaded before import = 0Number of asset objects unloaded after import = 2

========================================================================
Received Import Request.
  Time since last request: 0.000041 seconds.
  path: Assets/UnityTechnologies/Basic Asset Pack Interior/Materials/PatternStripeGreen.mat
  artifactKey: Guid(f22528325483e2746a2c633d7a2ae22c) Importer(2089858483,192608db42251d675da83286b1cce702)
Start importing Assets/UnityTechnologies/Basic Asset Pack Interior/Materials/PatternStripeGreen.mat using Guid(f22528325483e2746a2c633d7a2ae22c) Importer(2089858483,192608db42251d675da83286b1cce702) (ScriptedImporter) -> (artifact id: '65d9d9834b835544e26f47fb80f63d38') in 0.0304693 seconds
Number of updated asset objects reloaded before import = 0Number of asset objects unloaded after import = 2

========================================================================
Received Import Request.
  Time since last request: 0.000022 seconds.
  path: Assets/Scenes/Materials/New Material 8.mat
  artifactKey: Guid(b6dbe12a9c714954b88ed59e43565afe) Importer(2089858483,192608db42251d675da83286b1cce702)
Start importing Assets/Scenes/Materials/New Material 8.mat using Guid(b6dbe12a9c714954b88ed59e43565afe) Importer(2089858483,192608db42251d675da83286b1cce702) (ScriptedImporter) -> (artifact id: 'c87bb4aae338902f29c8c73ccdb520a0') in 0.0318047 seconds
Number of updated asset objects reloaded before import = 0Number of asset objects unloaded after import = 1

========================================================================
Received Import Request.
  Time since last request: 0.000184 seconds.
  path: Assets/UnityTechnologies/Basic Asset Pack Interior/Prefabs/Props/VaseSmall.prefab
  artifactKey: Guid(866bdbed2037c124c96163a0f79b27f6) Importer(2089858483,192608db42251d675da83286b1cce702)
Start importing Assets/UnityTechnologies/Basic Asset Pack Interior/Prefabs/Props/VaseSmall.prefab using Guid(866bdbed2037c124c96163a0f79b27f6) Importer(2089858483,192608db42251d675da83286b1cce702) (ScriptedImporter) -> (artifact id: 'c9e02f86baefd99c11ee4036e3010134') in 0.1008193 seconds
Number of updated asset objects reloaded before import = 0Number of asset objects unloaded after import = 8

========================================================================
Received Import Request.
  Time since last request: 0.000049 seconds.
  path: Assets/asset_store/key_lock/prefab/prf_lock_01.prefab
  artifactKey: Guid(0bff3850fb8b0914ba97ae33a25041c1) Importer(2089858483,192608db42251d675da83286b1cce702)
Start importing Assets/asset_store/key_lock/prefab/prf_lock_01.prefab using Guid(0bff3850fb8b0914ba97ae33a25041c1) Importer(2089858483,192608db42251d675da83286b1cce702) (ScriptedImporter) -> (artifact id: '0018f381f92c3626f34b5e01db1bde8e') in 0.1011056 seconds
Number of updated asset objects reloaded before import = 0Number of asset objects unloaded after import = 19

========================================================================
Received Import Request.
  Time since last request: 0.000026 seconds.
  path: Assets/3Dfrk/Frames with pictures/Prefabs/Paint_05.prefab
  artifactKey: Guid(335e5cedc041a614c86ff1f3feee693a) Importer(2089858483,192608db42251d675da83286b1cce702)
Start importing Assets/3Dfrk/Frames with pictures/Prefabs/Paint_05.prefab using Guid(335e5cedc041a614c86ff1f3feee693a) Importer(2089858483,192608db42251d675da83286b1cce702) (ScriptedImporter) -> (artifact id: '918e9f641670909eb4fefca39b2d2dd2') in 0.0783975 seconds
Number of updated asset objects reloaded before import = 0Number of asset objects unloaded after import = 9

========================================================================
Received Import Request.
  Time since last request: 0.000019 seconds.
  path: Assets/Scenes/TestScene.unity
  artifactKey: Guid(99c9720ab356a0642a771bea13969a05) Importer(2089858483,192608db42251d675da83286b1cce702)
Start importing Assets/Scenes/TestScene.unity using Guid(99c9720ab356a0642a771bea13969a05) Importer(2089858483,192608db42251d675da83286b1cce702) (ScriptedImporter) -> (artifact id: 'f74f8cfd45dbf553c385e29891263f9e') in 0.0525725 seconds
Number of updated asset objects reloaded before import = 0Number of asset objects unloaded after import = 1

========================================================================
Received Import Request.
  Time since last request: 0.000114 seconds.
  path: Assets/Brick Project Studio/Apartment Kit/_Prefabs/Props/Wine Liquor Beer and Glassware - Sample/wine thin glass Red Wine.prefab
  artifactKey: Guid(e32f2e76bad645746b596640d4736354) Importer(2089858483,192608db42251d675da83286b1cce702)
Start importing Assets/Brick Project Studio/Apartment Kit/_Prefabs/Props/Wine Liquor Beer and Glassware - Sample/wine thin glass Red Wine.prefab using Guid(e32f2e76bad645746b596640d4736354) Importer(2089858483,192608db42251d675da83286b1cce702) (ScriptedImporter) -> (artifact id: 'd83d01d75d01b8ad2515237eac5b2ff7') in 0.0755003 seconds
Number of updated asset objects reloaded before import = 0Number of asset objects unloaded after import = 11

========================================================================
Received Import Request.
  Time since last request: 0.000179 seconds.
  path: Assets/Brick Project Studio/Apartment Kit/_Prefabs/Furniture/Kitchen/Appliances/Stove_01.prefab
  artifactKey: Guid(452921da7fe17904da8c1d34c235dee4) Importer(2089858483,192608db42251d675da83286b1cce702)
Start importing Assets/Brick Project Studio/Apartment Kit/_Prefabs/Furniture/Kitchen/Appliances/Stove_01.prefab using Guid(452921da7fe17904da8c1d34c235dee4) Importer(2089858483,192608db42251d675da83286b1cce702) (ScriptedImporter) -> (artifact id: 'd14ac2da6d1d89f42d6aec54865891b1') in 0.0776661 seconds
Number of updated asset objects reloaded before import = 0Number of asset objects unloaded after import = 116

========================================================================
Received Import Request.
  Time since last request: 0.000018 seconds.
  path: Assets/Brick Project Studio/Apartment Kit/_Prefabs/Props/Lighting/Lamp_BR_01.prefab
  artifactKey: Guid(046ec50b8328aa54c96774a0cc973a01) Importer(2089858483,192608db42251d675da83286b1cce702)
Start importing Assets/Brick Project Studio/Apartment Kit/_Prefabs/Props/Lighting/Lamp_BR_01.prefab using Guid(046ec50b8328aa54c96774a0cc973a01) Importer(2089858483,192608db42251d675da83286b1cce702) (ScriptedImporter) -> (artifact id: 'c4d0d4a4d66ffe3cde715991aed6e8c1') in 0.0767404 seconds
Number of updated asset objects reloaded before import = 0Number of asset objects unloaded after import = 43

========================================================================
Received Import Request.
  Time since last request: 0.000037 seconds.
  path: Assets/UnityTechnologies/Basic Asset Pack Interior/Prefabs/Walls/WallWindowBay4m.prefab
  artifactKey: Guid(94dee45fe843aa543b410fcaa3596d89) Importer(2089858483,192608db42251d675da83286b1cce702)
Start importing Assets/UnityTechnologies/Basic Asset Pack Interior/Prefabs/Walls/WallWindowBay4m.prefab using Guid(94dee45fe843aa543b410fcaa3596d89) Importer(2089858483,192608db42251d675da83286b1cce702) (ScriptedImporter) -> (artifact id: '92a97f00b6aa670be4d4a441916c79aa') in 0.1216879 seconds
Number of updated asset objects reloaded before import = 0Number of asset objects unloaded after import = 46

========================================================================
Received Import Request.
  Time since last request: 0.000029 seconds.
  path: Assets/UnityTechnologies/Basic Asset Pack Interior/Prefabs/Props/VaseTall.prefab
  artifactKey: Guid(244b8dc28935cd042b8b4dc91f673007) Importer(2089858483,192608db42251d675da83286b1cce702)
Start importing Assets/UnityTechnologies/Basic Asset Pack Interior/Prefabs/Props/VaseTall.prefab using Guid(244b8dc28935cd042b8b4dc91f673007) Importer(2089858483,192608db42251d675da83286b1cce702) (ScriptedImporter) -> (artifact id: '8ffcb658e82ea500d27ca2a157aed010') in 0.1107788 seconds
Number of updated asset objects reloaded before import = 0Number of asset objects unloaded after import = 8

========================================================================
Received Import Request.
  Time since last request: 0.000037 seconds.
  path: Assets/UnityTechnologies/Basic Asset Pack Interior/Prefabs/Props/VaseRoundBottom.prefab
  artifactKey: Guid(05bcf3023cb735c43bca50eca3b1f6b5) Importer(2089858483,192608db42251d675da83286b1cce702)
Start importing Assets/UnityTechnologies/Basic Asset Pack Interior/Prefabs/Props/VaseRoundBottom.prefab using Guid(05bcf3023cb735c43bca50eca3b1f6b5) Importer(2089858483,192608db42251d675da83286b1cce702) (ScriptedImporter) -> (artifact id: '696a4e6b3676d6114068615aba90371f') in 0.1037568 seconds
Number of updated asset objects reloaded before import = 0Number of asset objects unloaded after import = 8

========================================================================
Received Import Request.
  Time since last request: 0.000019 seconds.
  path: Assets/Scenes/Materials/Materials/wood-floor-pictures-1600-x-924-8g2yht1nyfcz0j0g.mat
  artifactKey: Guid(f3974a4d1e671c34d93f1e4648b16ba9) Importer(2089858483,192608db42251d675da83286b1cce702)
Start importing Assets/Scenes/Materials/Materials/wood-floor-pictures-1600-x-924-8g2yht1nyfcz0j0g.mat using Guid(f3974a4d1e671c34d93f1e4648b16ba9) Importer(2089858483,192608db42251d675da83286b1cce702) (ScriptedImporter) -> (artifact id: '75409675c250aa6074478ac28cba09e5') in 0.0238581 seconds
Number of updated asset objects reloaded before import = 0Number of asset objects unloaded after import = 1

========================================================================
Received Import Request.
  Time since last request: 0.000226 seconds.
  path: Assets/Brick Project Studio/Apartment Kit/_Prefabs/Props/Lighting/Lamp_Table_Apt_01.prefab
  artifactKey: Guid(3e7be61a66e072c44bc2cc6bbee79f45) Importer(2089858483,192608db42251d675da83286b1cce702)
Start importing Assets/Brick Project Studio/Apartment Kit/_Prefabs/Props/Lighting/Lamp_Table_Apt_01.prefab using Guid(3e7be61a66e072c44bc2cc6bbee79f45) Importer(2089858483,192608db42251d675da83286b1cce702) (ScriptedImporter) -> (artifact id: '75cc7fb95c3fcecbd24808a24d9c5065') in 0.075622 seconds
Number of updated asset objects reloaded before import = 0Number of asset objects unloaded after import = 28

========================================================================
Received Import Request.
  Time since last request: 0.000020 seconds.
  path: Assets/UnityTechnologies/Basic Asset Pack Interior/Prefabs/Floor/RugRectangleSmall.prefab
  artifactKey: Guid(34785ad8f60384e449d99867f7f946c3) Importer(2089858483,192608db42251d675da83286b1cce702)
Start importing Assets/UnityTechnologies/Basic Asset Pack Interior/Prefabs/Floor/RugRectangleSmall.prefab using Guid(34785ad8f60384e449d99867f7f946c3) Importer(2089858483,192608db42251d675da83286b1cce702) (ScriptedImporter) -> (artifact id: '9f7d04dde9dc5e8f9f1c54a2b0ca0d43') in 0.0997323 seconds
Number of updated asset objects reloaded before import = 0Number of asset objects unloaded after import = 8

========================================================================
Received Import Request.
  Time since last request: 0.000029 seconds.
  path: Assets/asset_store/key_lock/prefab/prf_key_01.prefab
  artifactKey: Guid(9295189b4f03b8a47b9873a8492069d1) Importer(2089858483,192608db42251d675da83286b1cce702)
Start importing Assets/asset_store/key_lock/prefab/prf_key_01.prefab using Guid(9295189b4f03b8a47b9873a8492069d1) Importer(2089858483,192608db42251d675da83286b1cce702) (ScriptedImporter) -> (artifact id: 'a434204d280743020ec59458314e6149') in 0.0480867 seconds
Number of updated asset objects reloaded before import = 0Number of asset objects unloaded after import = 9

========================================================================
Received Import Request.
  Time since last request: 0.000017 seconds.
  path: Assets/UnityTechnologies/Basic Asset Pack Interior/Prefabs/Walls/Wall3m.prefab
  artifactKey: Guid(6fe6a5df5ce28bc4fa5ad864a711723d) Importer(2089858483,192608db42251d675da83286b1cce702)
Start importing Assets/UnityTechnologies/Basic Asset Pack Interior/Prefabs/Walls/Wall3m.prefab using Guid(6fe6a5df5ce28bc4fa5ad864a711723d) Importer(2089858483,192608db42251d675da83286b1cce702) (ScriptedImporter) -> (artifact id: '4612d60ee78573b8ddc4179ebc4b9eaf') in 0.095002 seconds
Number of updated asset objects reloaded before import = 0Number of asset objects unloaded after import = 14

========================================================================
Received Import Request.
  Time since last request: 0.000026 seconds.
  path: Assets/UnityTechnologies/Basic Asset Pack Interior/Prefabs/Floor/RugRectangleLong.prefab
  artifactKey: Guid(6176ffddae78aaf4a8890b1580487c20) Importer(2089858483,192608db42251d675da83286b1cce702)
Start importing Assets/UnityTechnologies/Basic Asset Pack Interior/Prefabs/Floor/RugRectangleLong.prefab using Guid(6176ffddae78aaf4a8890b1580487c20) Importer(2089858483,192608db42251d675da83286b1cce702) (ScriptedImporter) -> (artifact id: 'b882152a24b8e737bf94b5aa7d48a557') in 0.1027687 seconds
Number of updated asset objects reloaded before import = 0Number of asset objects unloaded after import = 8

========================================================================
Received Import Request.
  Time since last request: 0.000019 seconds.
  path: Assets/Scenes/New Scene.unity
  artifactKey: Guid(4b1128eb82f2cb5429982c67a8059225) Importer(2089858483,192608db42251d675da83286b1cce702)
Start importing Assets/Scenes/New Scene.unity using Guid(4b1128eb82f2cb5429982c67a8059225) Importer(2089858483,192608db42251d675da83286b1cce702) (ScriptedImporter) -> (artifact id: '756619c7045da9f58e841ffee53a1b4d') in 0.0528979 seconds
Number of updated asset objects reloaded before import = 0Number of asset objects unloaded after import = 1

========================================================================
Received Import Request.
  Time since last request: 0.000031 seconds.
  path: Assets/UnityTechnologies/Basic Asset Pack Interior/Materials/Grey.mat
  artifactKey: Guid(550e57637d66668439f37e5f05c45816) Importer(2089858483,192608db42251d675da83286b1cce702)
Start importing Assets/UnityTechnologies/Basic Asset Pack Interior/Materials/Grey.mat using Guid(550e57637d66668439f37e5f05c45816) Importer(2089858483,192608db42251d675da83286b1cce702) (ScriptedImporter) -> (artifact id: '181c411e07395a46fb1327d2265e0af6') in 0.0246816 seconds
Number of updated asset objects reloaded before import = 0Number of asset objects unloaded after import = 1

========================================================================
Received Import Request.
  Time since last request: 0.000459 seconds.
  path: Assets/50 Fabric Materials_VOL01/Materials/T_HS_fabric_50_AlbedoTransparency 18.mat
  artifactKey: Guid(315e19ec7474e7a4c93f89a48a6f4ddc) Importer(2089858483,192608db42251d675da83286b1cce702)
Start importing Assets/50 Fabric Materials_VOL01/Materials/T_HS_fabric_50_AlbedoTransparency 18.mat using Guid(315e19ec7474e7a4c93f89a48a6f4ddc) Importer(2089858483,192608db42251d675da83286b1cce702) (ScriptedImporter) -> (artifact id: 'fa9868b60ebbd022b330c580dc27f7e9') in 0.0309607 seconds
Number of updated asset objects reloaded before import = 0Number of asset objects unloaded after import = 2

========================================================================
Received Import Request.
  Time since last request: 0.000045 seconds.
  path: Assets/ExtrudeMeshAlongBezierTool/Examples/Materials/Materials/SimpleRoadTexture.mat
  artifactKey: Guid(f9c62d8a2a2d5634bbb6b7ad251dfb27) Importer(2089858483,192608db42251d675da83286b1cce702)
Start importing Assets/ExtrudeMeshAlongBezierTool/Examples/Materials/Materials/SimpleRoadTexture.mat using Guid(f9c62d8a2a2d5634bbb6b7ad251dfb27) Importer(2089858483,192608db42251d675da83286b1cce702) (ScriptedImporter) -> (artifact id: 'ba9e4addbba7e17ff54f00bf2a897f42') in 0.0265964 seconds
Number of updated asset objects reloaded before import = 0Number of asset objects unloaded after import = 2

========================================================================
Received Import Request.
  Time since last request: 0.000018 seconds.
  path: Assets/3Dfrk/Frames with pictures/Materials/Paint_4.mat
  artifactKey: Guid(22906ca4e7c9d77429f7c2842d063e3e) Importer(2089858483,192608db42251d675da83286b1cce702)
Start importing Assets/3Dfrk/Frames with pictures/Materials/Paint_4.mat using Guid(22906ca4e7c9d77429f7c2842d063e3e) Importer(2089858483,192608db42251d675da83286b1cce702) (ScriptedImporter) -> (artifact id: 'f1a5a2e04165a44e58b4d6166ef607e3') in 0.0282619 seconds
Number of updated asset objects reloaded before import = 0Number of asset objects unloaded after import = 2

========================================================================
Received Import Request.
  Time since last request: 0.000021 seconds.
  path: Assets/GVOZDY/Cardboard Boxes with Tape/Geometry
  artifactKey: Guid(e6bb8f8349b5f584688022dbb7ebf7e6) Importer(2089858483,192608db42251d675da83286b1cce702)
Start importing Assets/GVOZDY/Cardboard Boxes with Tape/Geometry using Guid(e6bb8f8349b5f584688022dbb7ebf7e6) Importer(2089858483,192608db42251d675da83286b1cce702) (ScriptedImporter) -> (artifact id: 'd8dd171d752d347158cc765495417eb3') in 0.0277027 seconds
Number of updated asset objects reloaded before import = 0Number of asset objects unloaded after import = 1

========================================================================
Received Import Request.
  Time since last request: 0.000306 seconds.
  path: Assets/UnityTechnologies/Basic Asset Pack Interior/Prefabs/Floor/RugRectangleMedium.prefab
  artifactKey: Guid(0758d192278633543ad832e7ee2f264f) Importer(2089858483,192608db42251d675da83286b1cce702)
Start importing Assets/UnityTechnologies/Basic Asset Pack Interior/Prefabs/Floor/RugRectangleMedium.prefab using Guid(0758d192278633543ad832e7ee2f264f) Importer(2089858483,192608db42251d675da83286b1cce702) (ScriptedImporter) -> (artifact id: '6396ad4dde2b2f94ce1341fc46ed9d69') in 0.097056 seconds
Number of updated asset objects reloaded before import = 0Number of asset objects unloaded after import = 8

========================================================================
Received Import Request.
  Time since last request: 0.000039 seconds.
  path: Assets/Brick Project Studio/Apartment Kit/_Prefabs/Props/Lighting/Lamp_Table_Apt_02.prefab
  artifactKey: Guid(142ac07ac204863418a6f3f9b0ac660c) Importer(2089858483,192608db42251d675da83286b1cce702)
Start importing Assets/Brick Project Studio/Apartment Kit/_Prefabs/Props/Lighting/Lamp_Table_Apt_02.prefab using Guid(142ac07ac204863418a6f3f9b0ac660c) Importer(2089858483,192608db42251d675da83286b1cce702) (ScriptedImporter) -> (artifact id: 'dd38d1dab51a641b54ba8ebbe20c531b') in 0.0940513 seconds
Number of updated asset objects reloaded before import = 0Number of asset objects unloaded after import = 33

========================================================================
Received Import Request.
  Time since last request: 0.000085 seconds.
  path: Assets/HDRPFurniturePack/Artek/Coffee_Table_907B_Artek
  artifactKey: Guid(25e68a342daf57644b5475dce5f44f26) Importer(2089858483,192608db42251d675da83286b1cce702)
Start importing Assets/HDRPFurniturePack/Artek/Coffee_Table_907B_Artek using Guid(25e68a342daf57644b5475dce5f44f26) Importer(2089858483,192608db42251d675da83286b1cce702) (ScriptedImporter) -> (artifact id: '75c8802f6027b89a77e8b556b4e5c451') in 0.0249673 seconds
Number of updated asset objects reloaded before import = 0Number of asset objects unloaded after import = 1

========================================================================
Received Import Request.
  Time since last request: 0.000345 seconds.
  path: Assets/UnityTechnologies/Basic Asset Pack Interior/Prefabs/Furniture/BenchDinning.prefab
  artifactKey: Guid(9dd93ff4bd20a564bb5eedf91b056612) Importer(2089858483,192608db42251d675da83286b1cce702)
Start importing Assets/UnityTechnologies/Basic Asset Pack Interior/Prefabs/Furniture/BenchDinning.prefab using Guid(9dd93ff4bd20a564bb5eedf91b056612) Importer(2089858483,192608db42251d675da83286b1cce702) (ScriptedImporter) -> (artifact id: 'c922b45ecb4078cd582c094a3fe3ae06') in 0.0975874 seconds
Number of updated asset objects reloaded before import = 0Number of asset objects unloaded after import = 8

========================================================================
Received Import Request.
  Time since last request: 0.000050 seconds.
  path: Assets/SourceFiles/StarterAssets/ThirdPersonController/Character/Models/Armature.fbx
  artifactKey: Guid(36078ab0369161e49a29d349ae3e0739) Importer(2089858483,192608db42251d675da83286b1cce702)
Start importing Assets/SourceFiles/StarterAssets/ThirdPersonController/Character/Models/Armature.fbx using Guid(36078ab0369161e49a29d349ae3e0739) Importer(2089858483,192608db42251d675da83286b1cce702) (ScriptedImporter) -> (artifact id: '1a3f6e93968763d99162761a0782303b') in 0.0974281 seconds
Number of updated asset objects reloaded before import = 0Number of asset objects unloaded after import = 150

========================================================================
Received Import Request.
  Time since last request: 0.000026 seconds.
  path: Assets/GVOZDY/Cardboard Boxes with Tape/Materials
  artifactKey: Guid(e0d0ad4a8bd89f849bcafa68736958c3) Importer(2089858483,192608db42251d675da83286b1cce702)
Start importing Assets/GVOZDY/Cardboard Boxes with Tape/Materials using Guid(e0d0ad4a8bd89f849bcafa68736958c3) Importer(2089858483,192608db42251d675da83286b1cce702) (ScriptedImporter) -> (artifact id: '0b9b775b10127865ea32e6e75f8caebf') in 0.0259675 seconds
Number of updated asset objects reloaded before import = 0Number of asset objects unloaded after import = 1

========================================================================
Received Import Request.
  Time since last request: 0.000651 seconds.
  path: Assets/Brick Project Studio/Apartment Kit/_Prefabs/Props/Lighting/Lamp_Floor_Apt_01.prefab
  artifactKey: Guid(4850c514825283749bdc56155d7559a9) Importer(2089858483,192608db42251d675da83286b1cce702)
Start importing Assets/Brick Project Studio/Apartment Kit/_Prefabs/Props/Lighting/Lamp_Floor_Apt_01.prefab using Guid(4850c514825283749bdc56155d7559a9) Importer(2089858483,192608db42251d675da83286b1cce702) (ScriptedImporter) -> (artifact id: '5f61d1a40cb9feb37167c26cb07d63fd') in 0.0839407 seconds
Number of updated asset objects reloaded before import = 0Number of asset objects unloaded after import = 13

========================================================================
Received Import Request.
  Time since last request: 0.000022 seconds.
  path: Assets/UnityTechnologies/Basic Asset Pack Interior/Prefabs/Furniture/TableRectangleMedium.prefab
  artifactKey: Guid(73aeb5eeaf8e2a745bd794506b102133) Importer(2089858483,192608db42251d675da83286b1cce702)
Start importing Assets/UnityTechnologies/Basic Asset Pack Interior/Prefabs/Furniture/TableRectangleMedium.prefab using Guid(73aeb5eeaf8e2a745bd794506b102133) Importer(2089858483,192608db42251d675da83286b1cce702) (ScriptedImporter) -> (artifact id: 'f16c1815b4b9d97d93a99236dbba9784') in 0.0817708 seconds
Number of updated asset objects reloaded before import = 0Number of asset objects unloaded after import = 8

========================================================================
Received Import Request.
  Time since last request: 0.000021 seconds.
  path: Assets/UnityTechnologies/Basic Asset Pack Interior/Prefabs/Floor/Floor3m.prefab
  artifactKey: Guid(554a5e88eb18d254d8c18a357df05724) Importer(2089858483,192608db42251d675da83286b1cce702)
Start importing Assets/UnityTechnologies/Basic Asset Pack Interior/Prefabs/Floor/Floor3m.prefab using Guid(554a5e88eb18d254d8c18a357df05724) Importer(2089858483,192608db42251d675da83286b1cce702) (ScriptedImporter) -> (artifact id: '0dea0b56f7bd4e42a2363a179fe1e4ec') in 0.0951438 seconds
Number of updated asset objects reloaded before import = 0Number of asset objects unloaded after import = 8

========================================================================
Received Import Request.
  Time since last request: 0.000038 seconds.
  path: Assets/Settings/Mobile_RPAsset.asset
  artifactKey: Guid(5e6cbd92db86f4b18aec3ed561671858) Importer(2089858483,192608db42251d675da83286b1cce702)
Start importing Assets/Settings/Mobile_RPAsset.asset using Guid(5e6cbd92db86f4b18aec3ed561671858) Importer(2089858483,192608db42251d675da83286b1cce702) (ScriptedImporter) -> (artifact id: 'f237f3dbedce5130c89329620ed3bcc5') in 0.0439184 seconds
Number of updated asset objects reloaded before import = 0Number of asset objects unloaded after import = 1

========================================================================
Received Import Request.
  Time since last request: 0.000027 seconds.
  path: Assets/50 Fabric Materials_VOL01/Materials/T_HS_fabric_50_AlbedoTransparency 11.mat
  artifactKey: Guid(e9f9be8dd914bba4496c61a94cd3d1b2) Importer(2089858483,192608db42251d675da83286b1cce702)
Start importing Assets/50 Fabric Materials_VOL01/Materials/T_HS_fabric_50_AlbedoTransparency 11.mat using Guid(e9f9be8dd914bba4496c61a94cd3d1b2) Importer(2089858483,192608db42251d675da83286b1cce702) (ScriptedImporter) -> (artifact id: 'a66ac06d432822c662affb0ae50874e2') in 0.0289737 seconds
Number of updated asset objects reloaded before import = 0Number of asset objects unloaded after import = 2

========================================================================
Received Import Request.
  Time since last request: 0.000023 seconds.
  path: Assets/Scenes/ZNS3D/Vintage Living Room Game Pack/Demo/Demo_Scene/LightingData.asset
  artifactKey: Guid(8d470cf141595ba40988e02f52049c3e) Importer(2089858483,192608db42251d675da83286b1cce702)
Start importing Assets/Scenes/ZNS3D/Vintage Living Room Game Pack/Demo/Demo_Scene/LightingData.asset using Guid(8d470cf141595ba40988e02f52049c3e) Importer(2089858483,192608db42251d675da83286b1cce702) (ScriptedImporter) -> (artifact id: '7163fed5cf53c5d4acbf853034f368b7') in 0.0669392 seconds
Number of updated asset objects reloaded before import = 0Number of asset objects unloaded after import = 2

========================================================================
Received Import Request.
  Time since last request: 0.000222 seconds.
  path: Assets/Scenes/ZNS3D/Vintage Living Room Game Pack/Textures/Furnitures_1/furnitures_1_Mat_Furnitures_1_Normal.png
  artifactKey: Guid(b598efba6856a99468d56aff7075bb0b) Importer(2089858483,192608db42251d675da83286b1cce702)
Start importing Assets/Scenes/ZNS3D/Vintage Living Room Game Pack/Textures/Furnitures_1/furnitures_1_Mat_Furnitures_1_Normal.png using Guid(b598efba6856a99468d56aff7075bb0b) Importer(2089858483,192608db42251d675da83286b1cce702) (ScriptedImporter) -> (artifact id: '50e0087b882b76da118f0bc19660ad47') in 0.0568485 seconds
Number of updated asset objects reloaded before import = 0Number of asset objects unloaded after import = 1

========================================================================
Received Import Request.
  Time since last request: 0.000154 seconds.
  path: Assets/TextMesh Pro/Resources/Style Sheets/Default Style Sheet.asset
  artifactKey: Guid(f952c082cb03451daed3ee968ac6c63e) Importer(2089858483,192608db42251d675da83286b1cce702)
Start importing Assets/TextMesh Pro/Resources/Style Sheets/Default Style Sheet.asset using Guid(f952c082cb03451daed3ee968ac6c63e) Importer(2089858483,192608db42251d675da83286b1cce702) (ScriptedImporter) -> (artifact id: 'b4e064eaf744392fde6f090fb1d77f49') in 0.0509455 seconds
Number of updated asset objects reloaded before import = 0Number of asset objects unloaded after import = 1

========================================================================
Received Import Request.
  Time since last request: 0.000074 seconds.
  path: Assets/ALP_Assets/Old Floor Linoleum FREE/Materials/OldFloor01_с_noSeams 10.mat
  artifactKey: Guid(b91cb7028fa6c6446a8ff584122a4b96) Importer(2089858483,192608db42251d675da83286b1cce702)
Start importing Assets/ALP_Assets/Old Floor Linoleum FREE/Materials/OldFloor01_с_noSeams 10.mat using Guid(b91cb7028fa6c6446a8ff584122a4b96) Importer(2089858483,192608db42251d675da83286b1cce702) (ScriptedImporter) -> (artifact id: '6d4bad9e3575f0d9794ea366daccd4d2') in 0.034727 seconds
Number of updated asset objects reloaded before import = 0Number of asset objects unloaded after import = 2

========================================================================
Received Import Request.
  Time since last request: 0.000052 seconds.
  path: Assets/danthaigames/DS Furniture Pack 01/PSDs/TV Stand/TVStand_UV_Layouts.psd
  artifactKey: Guid(3317a62ffdbc62b40ad060a81ba124d8) Importer(2089858483,192608db42251d675da83286b1cce702)
Start importing Assets/danthaigames/DS Furniture Pack 01/PSDs/TV Stand/TVStand_UV_Layouts.psd using Guid(3317a62ffdbc62b40ad060a81ba124d8) Importer(2089858483,192608db42251d675da83286b1cce702) (ScriptedImporter) -> (artifact id: 'b77ede0c703f4fff9f1db1fc2ae3fda0') in 0.0714548 seconds
Number of updated asset objects reloaded before import = 0Number of asset objects unloaded after import = 1

========================================================================
Received Import Request.
  Time since last request: 0.000201 seconds.
  path: Assets/Scenes/ZNS3D/Vintage Living Room Game Pack/Meshes/clock_wall.fbx
  artifactKey: Guid(0ad2925a9f42c2144af1ad444231fe3f) Importer(2089858483,192608db42251d675da83286b1cce702)
Start importing Assets/Scenes/ZNS3D/Vintage Living Room Game Pack/Meshes/clock_wall.fbx using Guid(0ad2925a9f42c2144af1ad444231fe3f) Importer(2089858483,192608db42251d675da83286b1cce702) (ScriptedImporter) -> (artifact id: '9e0032920bc1aa9f098fea8ae61cdd9d') in 0.0412299 seconds
Number of updated asset objects reloaded before import = 0Number of asset objects unloaded after import = 10

========================================================================
Received Import Request.
  Time since last request: 0.000031 seconds.
  path: Assets/danthaigames/DS Furniture Pack 01/Assets/FBX/Book.fbx
  artifactKey: Guid(27055d22f9b63b447a6fa4fb09a857d7) Importer(2089858483,192608db42251d675da83286b1cce702)
Start importing Assets/danthaigames/DS Furniture Pack 01/Assets/FBX/Book.fbx using Guid(27055d22f9b63b447a6fa4fb09a857d7) Importer(2089858483,192608db42251d675da83286b1cce702) (ScriptedImporter) -> (artifact id: 'e4937465473d3f97c268d682acae3408') in 0.0384362 seconds
Number of updated asset objects reloaded before import = 0Number of asset objects unloaded after import = 8

========================================================================
Received Import Request.
  Time since last request: 0.000041 seconds.
  path: Assets/PolyOne/Cobwebs Pack/Prefabs/SM_Cobwebs_10.prefab
  artifactKey: Guid(dfb2e7bcbf5b90f4a9837a05dc698c81) Importer(2089858483,192608db42251d675da83286b1cce702)
Start importing Assets/PolyOne/Cobwebs Pack/Prefabs/SM_Cobwebs_10.prefab using Guid(dfb2e7bcbf5b90f4a9837a05dc698c81) Importer(2089858483,192608db42251d675da83286b1cce702) (ScriptedImporter) -> (artifact id: 'd6c041ed1a751b2ca73c710fee074b62') in 0.0841506 seconds
Number of updated asset objects reloaded before import = 0Number of asset objects unloaded after import = 8

========================================================================
Received Import Request.
  Time since last request: 0.000030 seconds.
  path: Assets/PolyOne/Cobwebs Pack/Model/SM_Cobwebs_05.fbx
  artifactKey: Guid(fecb49ddb8418114dadaf6f566fc3e65) Importer(2089858483,192608db42251d675da83286b1cce702)
Start importing Assets/PolyOne/Cobwebs Pack/Model/SM_Cobwebs_05.fbx using Guid(fecb49ddb8418114dadaf6f566fc3e65) Importer(2089858483,192608db42251d675da83286b1cce702) (ScriptedImporter) -> (artifact id: 'acde049615f6e362e9a5bd493ed164bf') in 0.0418237 seconds
Number of updated asset objects reloaded before import = 0Number of asset objects unloaded after import = 8

========================================================================
Received Import Request.
  Time since last request: 0.000078 seconds.
  path: Assets/Free Wood Door Pack/Mesh/Knob_1.FBX
  artifactKey: Guid(61da1afafe7ba6d4d87fd529947cb422) Importer(2089858483,192608db42251d675da83286b1cce702)
Start importing Assets/Free Wood Door Pack/Mesh/Knob_1.FBX using Guid(61da1afafe7ba6d4d87fd529947cb422) Importer(2089858483,192608db42251d675da83286b1cce702) (ScriptedImporter) -> (artifact id: 'a299c7338fd5303533a7f1ec405b8b81') in 0.0565073 seconds
Number of updated asset objects reloaded before import = 0Number of asset objects unloaded after import = 7

========================================================================
Received Import Request.
  Time since last request: 0.000026 seconds.
  path: Assets/HDRPFurniturePack/Curtain/Models
  artifactKey: Guid(d0247ba58d1d9d640a3e925ff9dd5970) Importer(2089858483,192608db42251d675da83286b1cce702)
Start importing Assets/HDRPFurniturePack/Curtain/Models using Guid(d0247ba58d1d9d640a3e925ff9dd5970) Importer(2089858483,192608db42251d675da83286b1cce702) (ScriptedImporter) -> (artifact id: '256fda60ef5ca519b4c42b8d99ef9bc6') in 0.026422 seconds
Number of updated asset objects reloaded before import = 0Number of asset objects unloaded after import = 1

========================================================================
Received Import Request.
  Time since last request: 0.000100 seconds.
  path: Assets/Brick Project Studio/Apartment Kit/_Prefabs/Props/Kitchen/Bowl_Apt_01.prefab
  artifactKey: Guid(9aac42a3890e27b479a5c73e54179197) Importer(2089858483,192608db42251d675da83286b1cce702)
Start importing Assets/Brick Project Studio/Apartment Kit/_Prefabs/Props/Kitchen/Bowl_Apt_01.prefab using Guid(9aac42a3890e27b479a5c73e54179197) Importer(2089858483,192608db42251d675da83286b1cce702) (ScriptedImporter) -> (artifact id: '43332575dcb136c0d681470c3fe14895') in 0.083496 seconds
Number of updated asset objects reloaded before import = 0Number of asset objects unloaded after import = 8

========================================================================
Received Import Request.
  Time since last request: 0.000055 seconds.
  path: Assets/InputSystem_Actions.inputactions
  artifactKey: Guid(052faaac586de48259a63d0c4782560b) Importer(2089858483,192608db42251d675da83286b1cce702)
Start importing Assets/InputSystem_Actions.inputactions using Guid(052faaac586de48259a63d0c4782560b) Importer(2089858483,192608db42251d675da83286b1cce702) (ScriptedImporter) -> (artifact id: '82dd9edcc01c078a0334ce402ee3f22b') in 0.0257646 seconds
Number of updated asset objects reloaded before import = 0Number of asset objects unloaded after import = 1

========================================================================
Received Import Request.
  Time since last request: 0.000087 seconds.
  path: Assets/asset_store/key_lock/prefab/prf_v_key_02.prefab
  artifactKey: Guid(974c90fb5c85e1145b28c692035ab2f2) Importer(2089858483,192608db42251d675da83286b1cce702)
Start importing Assets/asset_store/key_lock/prefab/prf_v_key_02.prefab using Guid(974c90fb5c85e1145b28c692035ab2f2) Importer(2089858483,192608db42251d675da83286b1cce702) (ScriptedImporter) -> (artifact id: '8b7c62465370c82dc2968b260350cabf') in 0.0736368 seconds
Number of updated asset objects reloaded before import = 0Number of asset objects unloaded after import = 17

========================================================================
Received Import Request.
  Time since last request: 0.000047 seconds.
  path: Assets/GVOZDY/Cardboard Boxes with Tape/Geometry/SM_box_2.fbx
  artifactKey: Guid(677dcc66220ab2f42b093c7a51dc01cc) Importer(2089858483,192608db42251d675da83286b1cce702)
Start importing Assets/GVOZDY/Cardboard Boxes with Tape/Geometry/SM_box_2.fbx using Guid(677dcc66220ab2f42b093c7a51dc01cc) Importer(2089858483,192608db42251d675da83286b1cce702) (ScriptedImporter) -> (artifact id: '1ab70a3b73ab18141fee7e89a8100059') in 0.0368275 seconds
Number of updated asset objects reloaded before import = 0Number of asset objects unloaded after import = 8

========================================================================
Received Import Request.
  Time since last request: 0.000036 seconds.
  path: Assets/UnityTechnologies/Basic Asset Pack Interior/Materials/WallGreenDarker.mat
  artifactKey: Guid(fda5f98a2190baf4eba512ae9655e2ff) Importer(2089858483,192608db42251d675da83286b1cce702)
Start importing Assets/UnityTechnologies/Basic Asset Pack Interior/Materials/WallGreenDarker.mat using Guid(fda5f98a2190baf4eba512ae9655e2ff) Importer(2089858483,192608db42251d675da83286b1cce702) (ScriptedImporter) -> (artifact id: 'cba7f028aa0c0bf36b9250256bebe2b2') in 0.0292195 seconds
Number of updated asset objects reloaded before import = 0Number of asset objects unloaded after import = 2

========================================================================
Received Import Request.
  Time since last request: 0.000037 seconds.
  path: Assets/DEMO
  artifactKey: Guid(ef26657adb5a65941a538fe87f6e491e) Importer(2089858483,192608db42251d675da83286b1cce702)
Start importing Assets/DEMO using Guid(ef26657adb5a65941a538fe87f6e491e) Importer(2089858483,192608db42251d675da83286b1cce702) (ScriptedImporter) -> (artifact id: '6e5cf8706094cbf40d48feefe5a251e3') in 0.0260043 seconds
Number of updated asset objects reloaded before import = 0Number of asset objects unloaded after import = 1

========================================================================
Received Import Request.
  Time since last request: 0.000523 seconds.
  path: Assets/Settings/SampleSceneProfile.asset
  artifactKey: Guid(10fc4df2da32a41aaa32d77bc913491c) Importer(2089858483,192608db42251d675da83286b1cce702)
Start importing Assets/Settings/SampleSceneProfile.asset using Guid(10fc4df2da32a41aaa32d77bc913491c) Importer(2089858483,192608db42251d675da83286b1cce702) (ScriptedImporter) -> (artifact id: 'c12dd7787c1b47f109b1c910517da0ba') in 0.0569651 seconds
Number of updated asset objects reloaded before import = 0Number of asset objects unloaded after import = 1

========================================================================
Received Import Request.
  Time since last request: 0.000158 seconds.
  path: Assets/Brick Project Studio/Apartment Kit/_Prefabs/Furniture/Bathroom/Shower_Base_01.prefab
  artifactKey: Guid(75f68a1f4dd36214383ec174a8d8bf67) Importer(2089858483,192608db42251d675da83286b1cce702)
Start importing Assets/Brick Project Studio/Apartment Kit/_Prefabs/Furniture/Bathroom/Shower_Base_01.prefab using Guid(75f68a1f4dd36214383ec174a8d8bf67) Importer(2089858483,192608db42251d675da83286b1cce702) (ScriptedImporter) -> (artifact id: 'd562f672944a2ae0213ead067dae5ca4') in 0.0739013 seconds
Number of updated asset objects reloaded before import = 0Number of asset objects unloaded after import = 27

========================================================================
Received Import Request.
  Time since last request: 0.000134 seconds.
  path: Assets/Scenes/Materials/New Material 9.mat
  artifactKey: Guid(aac821dc3d9062b4e88dbbac307ab5ae) Importer(2089858483,192608db42251d675da83286b1cce702)
Start importing Assets/Scenes/Materials/New Material 9.mat using Guid(aac821dc3d9062b4e88dbbac307ab5ae) Importer(2089858483,192608db42251d675da83286b1cce702) (ScriptedImporter) -> (artifact id: '4629d9b86be6100c56c623124ce4fcfd') in 0.0307466 seconds
Number of updated asset objects reloaded before import = 0Number of asset objects unloaded after import = 1

========================================================================
Received Import Request.
  Time since last request: 0.000278 seconds.
  path: Assets/Tree_Packs/URP_Tree_Pack/Textures/Leaf/URP_1_Leaf.png
  artifactKey: Guid(73b994af8866e6a40bc3519711d1e227) Importer(2089858483,192608db42251d675da83286b1cce702)
Start importing Assets/Tree_Packs/URP_Tree_Pack/Textures/Leaf/URP_1_Leaf.png using Guid(73b994af8866e6a40bc3519711d1e227) Importer(2089858483,192608db42251d675da83286b1cce702) (ScriptedImporter) -> (artifact id: 'bc613303e015e86dc3088de405ef779d') in 0.0302121 seconds
Number of updated asset objects reloaded before import = 0Number of asset objects unloaded after import = 1

========================================================================
Received Import Request.
  Time since last request: 0.000131 seconds.
  path: Assets/danthaigames/DS Furniture Pack 01/PSDs/Shelf/contents.obv
  artifactKey: Guid(6865125cea9db20418934d63180be6d9) Importer(2089858483,192608db42251d675da83286b1cce702)
Start importing Assets/danthaigames/DS Furniture Pack 01/PSDs/Shelf/contents.obv using Guid(6865125cea9db20418934d63180be6d9) Importer(2089858483,192608db42251d675da83286b1cce702) (ScriptedImporter) -> (artifact id: '92034cf357d50e6aff6340538ce899aa') in 0.0241464 seconds
Number of updated asset objects reloaded before import = 0Number of asset objects unloaded after import = 1

========================================================================
Received Import Request.
  Time since last request: 0.000228 seconds.
  path: Assets/danthaigames/DS Furniture Pack 01/PSDs/Shelf/Materials/Shelf_UV_Layouts.mat
  artifactKey: Guid(e964ebb0988c6004baa0091ad8b1a6f9) Importer(2089858483,192608db42251d675da83286b1cce702)
Start importing Assets/danthaigames/DS Furniture Pack 01/PSDs/Shelf/Materials/Shelf_UV_Layouts.mat using Guid(e964ebb0988c6004baa0091ad8b1a6f9) Importer(2089858483,192608db42251d675da83286b1cce702) (ScriptedImporter) -> (artifact id: '1cd657e91c9f7cc272183b2fe592d57b') in 0.0329546 seconds
Number of updated asset objects reloaded before import = 0Number of asset objects unloaded after import = 2

========================================================================
Received Import Request.
  Time since last request: 0.000037 seconds.
  path: Assets/SourceFiles/StarterAssets/ThirdPersonController/Character/Animations/Jump--Jump.anim.fbx
  artifactKey: Guid(98f277b0c8055e143b2fcf058d3c27dc) Importer(2089858483,192608db42251d675da83286b1cce702)
Start importing Assets/SourceFiles/StarterAssets/ThirdPersonController/Character/Animations/Jump--Jump.anim.fbx using Guid(98f277b0c8055e143b2fcf058d3c27dc) Importer(2089858483,192608db42251d675da83286b1cce702) (ScriptedImporter) -> (artifact id: '236120fc2c3a465ef989c1471941e1ad') in 0.0687521 seconds
Number of updated asset objects reloaded before import = 0Number of asset objects unloaded after import = 145

========================================================================
Received Import Request.
  Time since last request: 0.000037 seconds.
  path: Assets/Scenes/ZNS3D/Vintage Living Room Game Pack/Hdri
  artifactKey: Guid(26ac938dcaaf1884c8847487bda8e869) Importer(2089858483,192608db42251d675da83286b1cce702)
Start importing Assets/Scenes/ZNS3D/Vintage Living Room Game Pack/Hdri using Guid(26ac938dcaaf1884c8847487bda8e869) Importer(2089858483,192608db42251d675da83286b1cce702) (ScriptedImporter) -> (artifact id: 'd27c41b092605403b6de3b3abdd2d33d') in 0.0242129 seconds
Number of updated asset objects reloaded before import = 0Number of asset objects unloaded after import = 1

========================================================================
Received Import Request.
  Time since last request: 0.000187 seconds.
  path: Assets/4K Tiled Ground Textures p2/Textures/concrete/concrete_4.png
  artifactKey: Guid(05bb1f42b136745c6878165077dfdd1b) Importer(2089858483,192608db42251d675da83286b1cce702)
Start importing Assets/4K Tiled Ground Textures p2/Textures/concrete/concrete_4.png using Guid(05bb1f42b136745c6878165077dfdd1b) Importer(2089858483,192608db42251d675da83286b1cce702) (ScriptedImporter) -> (artifact id: '385272a2b6ea2fc7457284f490e36757') in 0.1246342 seconds
Number of updated asset objects reloaded before import = 0Number of asset objects unloaded after import = 3

========================================================================
Received Import Request.
  Time since last request: 0.000045 seconds.
  path: Assets/Дом/Convert.exe
  artifactKey: Guid(c6505d2e845532145926faf723b69231) Importer(2089858483,192608db42251d675da83286b1cce702)
Start importing Assets/Дом/Convert.exe using Guid(c6505d2e845532145926faf723b69231) Importer(2089858483,192608db42251d675da83286b1cce702) (ScriptedImporter) -> (artifact id: '5122315143ffeb6f84b61e0276231834') in 0.0321516 seconds
Number of updated asset objects reloaded before import = 0Number of asset objects unloaded after import = 1

========================================================================
Received Import Request.
  Time since last request: 0.000210 seconds.
  path: Assets/Scenes/ZNS3D/Prefabs/GameObjectTimeline.playable
  artifactKey: Guid(6da7d9a6731bfc840a3e1f7f18ae2350) Importer(2089858483,192608db42251d675da83286b1cce702)
Start importing Assets/Scenes/ZNS3D/Prefabs/GameObjectTimeline.playable using Guid(6da7d9a6731bfc840a3e1f7f18ae2350) Importer(2089858483,192608db42251d675da83286b1cce702) (ScriptedImporter) -> (artifact id: '41f6b7a2bff02aaa6a70fb2670ed75db') in 0.0516427 seconds
Number of updated asset objects reloaded before import = 0Number of asset objects unloaded after import = 1

========================================================================
Received Import Request.
  Time since last request: 0.000162 seconds.
  path: Assets/GVOZDY/Cardboard Boxes with Tape/Materials/M_box_2_greytape.mat
  artifactKey: Guid(c7d6c6eac4d755f40b710489b09e716d) Importer(2089858483,192608db42251d675da83286b1cce702)
Start importing Assets/GVOZDY/Cardboard Boxes with Tape/Materials/M_box_2_greytape.mat using Guid(c7d6c6eac4d755f40b710489b09e716d) Importer(2089858483,192608db42251d675da83286b1cce702) (ScriptedImporter) -> (artifact id: 'a5e19fab67b72f7935b8b1ef417ce4e2') in 0.0447657 seconds
Number of updated asset objects reloaded before import = 0Number of asset objects unloaded after import = 5

========================================================================
Received Import Request.
  Time since last request: 0.000022 seconds.
  path: Assets/Дом/tdum01r.jpg
  artifactKey: Guid(a5551c3208b288a43bf728db39d904a9) Importer(2089858483,192608db42251d675da83286b1cce702)
Start importing Assets/Дом/tdum01r.jpg using Guid(a5551c3208b288a43bf728db39d904a9) Importer(2089858483,192608db42251d675da83286b1cce702) (ScriptedImporter) -> (artifact id: 'bd359ad7a11d83b6c16072a55dd54325') in 0.0352263 seconds
Number of updated asset objects reloaded before import = 0Number of asset objects unloaded after import = 1

========================================================================
Received Import Request.
  Time since last request: 0.000240 seconds.
  path: Assets/JJ_InteriorDoorPack_V1/Meshes
  artifactKey: Guid(7b78ff774cc6e15428e5011040894f34) Importer(2089858483,192608db42251d675da83286b1cce702)
Start importing Assets/JJ_InteriorDoorPack_V1/Meshes using Guid(7b78ff774cc6e15428e5011040894f34) Importer(2089858483,192608db42251d675da83286b1cce702) (ScriptedImporter) -> (artifact id: '147932d1f0dd772da7177439c52b756c') in 0.0232587 seconds
Number of updated asset objects reloaded before import = 0Number of asset objects unloaded after import = 1

========================================================================
Received Import Request.
  Time since last request: 0.000064 seconds.
  path: Assets/Tree_Packs/URP_Tree_Pack/Models/URP_Tree_1/URP_Tree_1_LOD_2.fbx
  artifactKey: Guid(0a9ad2b5edd0c6d49bc3aebe133e3850) Importer(2089858483,192608db42251d675da83286b1cce702)
Start importing Assets/Tree_Packs/URP_Tree_Pack/Models/URP_Tree_1/URP_Tree_1_LOD_2.fbx using Guid(0a9ad2b5edd0c6d49bc3aebe133e3850) Importer(2089858483,192608db42251d675da83286b1cce702) (ScriptedImporter) -> (artifact id: 'cd08ffad339574c25c40fc4f8dbbaa56') in 0.0549587 seconds
Number of updated asset objects reloaded before import = 0Number of asset objects unloaded after import = 9

========================================================================
Received Import Request.
  Time since last request: 0.000029 seconds.
  path: Assets/Scenes/ZNS3D/Vintage Living Room Game Pack/Meshes/phone.fbx
  artifactKey: Guid(17b3b8552eede7249bcac7ccf591fa5b) Importer(2089858483,192608db42251d675da83286b1cce702)
Start importing Assets/Scenes/ZNS3D/Vintage Living Room Game Pack/Meshes/phone.fbx using Guid(17b3b8552eede7249bcac7ccf591fa5b) Importer(2089858483,192608db42251d675da83286b1cce702) (ScriptedImporter) -> (artifact id: '67c05bc67d56cde62487b804cac446ce') in 0.0432227 seconds
Number of updated asset objects reloaded before import = 0Number of asset objects unloaded after import = 10

========================================================================
Received Import Request.
  Time since last request: 0.000066 seconds.
  path: Assets/HighQualityBricks&Walls/README.txt
  artifactKey: Guid(e3b10b986a662e54393f771981f29728) Importer(2089858483,192608db42251d675da83286b1cce702)
Start importing Assets/HighQualityBricks&Walls/README.txt using Guid(e3b10b986a662e54393f771981f29728) Importer(2089858483,192608db42251d675da83286b1cce702) (ScriptedImporter) -> (artifact id: '5b7809e8f9d45eccbba80e35ba2982f2') in 0.0525711 seconds
Number of updated asset objects reloaded before import = 0Number of asset objects unloaded after import = 1

========================================================================
Received Import Request.
  Time since last request: 0.000502 seconds.
  path: Assets/Phoenix3D/P3D_Wallpaper_Carpet_and_CurtainFabric_Materials_Pack/Scenes/P3D_Wallpaper_Carpet_and_CurtainFabric_Materials_Pack
  artifactKey: Guid(9756e7da257061f41985b7954f12f907) Importer(2089858483,192608db42251d675da83286b1cce702)
Start importing Assets/Phoenix3D/P3D_Wallpaper_Carpet_and_CurtainFabric_Materials_Pack/Scenes/P3D_Wallpaper_Carpet_and_CurtainFabric_Materials_Pack using Guid(9756e7da257061f41985b7954f12f907) Importer(2089858483,192608db42251d675da83286b1cce702) (ScriptedImporter) -> (artifact id: 'f5dc54902a3ff8fd8ed5a4a047ac4435') in 0.0291146 seconds
Number of updated asset objects reloaded before import = 0Number of asset objects unloaded after import = 1

========================================================================
Received Import Request.
  Time since last request: 0.000114 seconds.
  path: Assets/Tree_Packs/URP_Tree_Pack/Models/URP_Tree_1/Materials/Trunk.mat
  artifactKey: Guid(5075ca828a84d014a8a20f00c0b63146) Importer(2089858483,192608db42251d675da83286b1cce702)
Start importing Assets/Tree_Packs/URP_Tree_Pack/Models/URP_Tree_1/Materials/Trunk.mat using Guid(5075ca828a84d014a8a20f00c0b63146) Importer(2089858483,192608db42251d675da83286b1cce702) (ScriptedImporter) -> (artifact id: '43823b1cc0cc51e81cc23c869d8f3560') in 0.0321578 seconds
Number of updated asset objects reloaded before import = 0Number of asset objects unloaded after import = 2

========================================================================
Received Import Request.
  Time since last request: 0.000048 seconds.
  path: Assets/Tree_Packs/URP_Tree_Pack/Textures
  artifactKey: Guid(42d77cd5ec560df4b8e679a984e050e9) Importer(2089858483,192608db42251d675da83286b1cce702)
Start importing Assets/Tree_Packs/URP_Tree_Pack/Textures using Guid(42d77cd5ec560df4b8e679a984e050e9) Importer(2089858483,192608db42251d675da83286b1cce702) (ScriptedImporter) -> (artifact id: '38c829012737f4bb89f87041440f8f62') in 0.0265156 seconds
Number of updated asset objects reloaded before import = 0Number of asset objects unloaded after import = 1

========================================================================
Received Import Request.
  Time since last request: 0.000394 seconds.
  path: Assets/Pegasus Studios/Elegant Interior Decor 3D Models Pack/Resources/Models/Painting.fbx
  artifactKey: Guid(5728c2368bb6bc64eb55767ae8f629c9) Importer(2089858483,192608db42251d675da83286b1cce702)
Start importing Assets/Pegasus Studios/Elegant Interior Decor 3D Models Pack/Resources/Models/Painting.fbx using Guid(5728c2368bb6bc64eb55767ae8f629c9) Importer(2089858483,192608db42251d675da83286b1cce702) (ScriptedImporter) -> (artifact id: 'f831bf9f4fe3a214e3595bd85db48e1f') in 0.0498246 seconds
Number of updated asset objects reloaded before import = 0Number of asset objects unloaded after import = 8

========================================================================
Received Import Request.
  Time since last request: 0.000199 seconds.
  path: Assets/SourceFiles/StarterAssets/ThirdPersonController/Character/Animations
  artifactKey: Guid(dd7882c573c0fdc45aa0c8c6027aca84) Importer(2089858483,192608db42251d675da83286b1cce702)
Start importing Assets/SourceFiles/StarterAssets/ThirdPersonController/Character/Animations using Guid(dd7882c573c0fdc45aa0c8c6027aca84) Importer(2089858483,192608db42251d675da83286b1cce702) (ScriptedImporter) -> (artifact id: 'c5260ac817a9f637eddfdbd72f43a711') in 0.0253616 seconds
Number of updated asset objects reloaded before import = 0Number of asset objects unloaded after import = 1

========================================================================
Received Import Request.
  Time since last request: 0.000518 seconds.
  path: Assets/Часы/9/model.mtl
  artifactKey: Guid(9fc406ebbce55cd4e84d9add070ee4e4) Importer(2089858483,192608db42251d675da83286b1cce702)
Start importing Assets/Часы/9/model.mtl using Guid(9fc406ebbce55cd4e84d9add070ee4e4) Importer(2089858483,192608db42251d675da83286b1cce702) (ScriptedImporter) -> (artifact id: '1b725941c6966ca34d2ebcf1e787ed2d') in 0.0254752 seconds
Number of updated asset objects reloaded before import = 0Number of asset objects unloaded after import = 1

========================================================================
Received Import Request.
  Time since last request: 0.000260 seconds.
  path: Assets/Brick Project Studio/Apartment Kit/_Prefabs/Furniture/Kitchen/Cabinets/Cabinet_Tall_DD_01.prefab
  artifactKey: Guid(48e9669af95ae5746aa4ad24d893f391) Importer(2089858483,192608db42251d675da83286b1cce702)
Start importing Assets/Brick Project Studio/Apartment Kit/_Prefabs/Furniture/Kitchen/Cabinets/Cabinet_Tall_DD_01.prefab using Guid(48e9669af95ae5746aa4ad24d893f391) Importer(2089858483,192608db42251d675da83286b1cce702) (ScriptedImporter) -> (artifact id: '9670b11404ee653581db85882e8b7da5') in 0.083842 seconds
Number of updated asset objects reloaded before import = 0Number of asset objects unloaded after import = 29

========================================================================
Received Import Request.
  Time since last request: 0.000046 seconds.
  path: Assets/danthaigames/DS Furniture Pack 01/PSDs/TV/TV_Textures_UV_Layouts.psd
  artifactKey: Guid(b10ca72be85fd1d4ba5a42b82028ed08) Importer(2089858483,192608db42251d675da83286b1cce702)
Start importing Assets/danthaigames/DS Furniture Pack 01/PSDs/TV/TV_Textures_UV_Layouts.psd using Guid(b10ca72be85fd1d4ba5a42b82028ed08) Importer(2089858483,192608db42251d675da83286b1cce702) (ScriptedImporter) -> (artifact id: '51b20605c3a2b5f6f79301a193660a3f') in 0.0564859 seconds
Number of updated asset objects reloaded before import = 0Number of asset objects unloaded after import = 1

========================================================================
Received Import Request.
  Time since last request: 0.000104 seconds.
  path: Assets/50 Fabric Materials_VOL01/Materials/T_HS_fabric_50_AlbedoTransparency 15.mat
  artifactKey: Guid(7174f32a02a90434b9f9728ec5418b88) Importer(2089858483,192608db42251d675da83286b1cce702)
Start importing Assets/50 Fabric Materials_VOL01/Materials/T_HS_fabric_50_AlbedoTransparency 15.mat using Guid(7174f32a02a90434b9f9728ec5418b88) Importer(2089858483,192608db42251d675da83286b1cce702) (ScriptedImporter) -> (artifact id: '43586611c9f2a185e66291748d5de2fa') in 0.029913 seconds
Number of updated asset objects reloaded before import = 0Number of asset objects unloaded after import = 2

========================================================================
Received Import Request.
  Time since last request: 0.000018 seconds.
  path: Assets/TextMesh Pro/Resources/TMP Settings.asset
  artifactKey: Guid(3f5b5dff67a942289a9defa416b206f3) Importer(2089858483,192608db42251d675da83286b1cce702)
Start importing Assets/TextMesh Pro/Resources/TMP Settings.asset using Guid(3f5b5dff67a942289a9defa416b206f3) Importer(2089858483,192608db42251d675da83286b1cce702) (ScriptedImporter) -> (artifact id: '7a9c912486809a778cb60758652b93ab') in 0.0498005 seconds
Number of updated asset objects reloaded before import = 0Number of asset objects unloaded after import = 1

========================================================================
Received Import Request.
  Time since last request: 0.000133 seconds.
  path: Assets/Часы/6/RGB_7849cbd80cc242b49f4a29f629607cfc_lambert3SG_Base_color.png
  artifactKey: Guid(752c1e23e9b05384a97f0d42f3b1036e) Importer(2089858483,192608db42251d675da83286b1cce702)
Start importing Assets/Часы/6/RGB_7849cbd80cc242b49f4a29f629607cfc_lambert3SG_Base_color.png using Guid(752c1e23e9b05384a97f0d42f3b1036e) Importer(2089858483,192608db42251d675da83286b1cce702) (ScriptedImporter) -> (artifact id: 'a238e87782a2b434d957b60251e3fcf8') in 0.0412342 seconds
Number of updated asset objects reloaded before import = 0Number of asset objects unloaded after import = 1

========================================================================
Received Import Request.
  Time since last request: 0.000017 seconds.
  path: Assets/ProjectScene.unity
  artifactKey: Guid(b0eef1b4f1e0bf04d8644a4cd756941b) Importer(2089858483,192608db42251d675da83286b1cce702)
Start importing Assets/ProjectScene.unity using Guid(b0eef1b4f1e0bf04d8644a4cd756941b) Importer(2089858483,192608db42251d675da83286b1cce702) (ScriptedImporter) -> (artifact id: 'f5baefbf730fb286c1ccf737e1c27a95') in 0.056478 seconds
Number of updated asset objects reloaded before import = 0Number of asset objects unloaded after import = 1

========================================================================
Received Import Request.
  Time since last request: 0.000246 seconds.
  path: Assets/danthaigames/DS Furniture Pack 01/PSDs/Table/contents.obv
  artifactKey: Guid(812d7c49ee4b7cf4dbd1908725488e43) Importer(2089858483,192608db42251d675da83286b1cce702)
Start importing Assets/danthaigames/DS Furniture Pack 01/PSDs/Table/contents.obv using Guid(812d7c49ee4b7cf4dbd1908725488e43) Importer(2089858483,192608db42251d675da83286b1cce702) (ScriptedImporter) -> (artifact id: 'a5a5380ad89b208743714c02781d08d8') in 0.0305452 seconds
Number of updated asset objects reloaded before import = 0Number of asset objects unloaded after import = 1

========================================================================
Received Import Request.
  Time since last request: 0.000203 seconds.
  path: Assets/DEMO/Standard Assets/Effects/ImageEffects
  artifactKey: Guid(ad7946a8b0e919c4f930c21efa615a29) Importer(2089858483,192608db42251d675da83286b1cce702)
Start importing Assets/DEMO/Standard Assets/Effects/ImageEffects using Guid(ad7946a8b0e919c4f930c21efa615a29) Importer(2089858483,192608db42251d675da83286b1cce702) (ScriptedImporter) -> (artifact id: 'a378b3b4ba4ebe6f5da9eb98ad91199d') in 0.0320678 seconds
Number of updated asset objects reloaded before import = 0Number of asset objects unloaded after import = 1

========================================================================
Received Import Request.
  Time since last request: 0.000408 seconds.
  path: Assets/Scenes/ZNS3D/Vintage Living Room Game Pack/Meshes/photo_5.fbx
  artifactKey: Guid(77603f0f3ce1f4c4bbaca9497251b8d1) Importer(2089858483,192608db42251d675da83286b1cce702)
Start importing Assets/Scenes/ZNS3D/Vintage Living Room Game Pack/Meshes/photo_5.fbx using Guid(77603f0f3ce1f4c4bbaca9497251b8d1) Importer(2089858483,192608db42251d675da83286b1cce702) (ScriptedImporter) -> (artifact id: '0f6d4002ddf0603cae56d165ca104ef9') in 0.0464461 seconds
Number of updated asset objects reloaded before import = 0Number of asset objects unloaded after import = 10

========================================================================
Received Import Request.
  Time since last request: 0.000022 seconds.
  path: Assets/Scenes/ZNS3D/Vintage Living Room Game Pack/Meshes/floor_small.fbx
  artifactKey: Guid(3adc8ae31a0b08e4289c37f375d86646) Importer(2089858483,192608db42251d675da83286b1cce702)
Start importing Assets/Scenes/ZNS3D/Vintage Living Room Game Pack/Meshes/floor_small.fbx using Guid(3adc8ae31a0b08e4289c37f375d86646) Importer(2089858483,192608db42251d675da83286b1cce702) (ScriptedImporter) -> (artifact id: '56c4713e004507f1ec4f9b667ea31dfe') in 0.0461601 seconds
Number of updated asset objects reloaded before import = 0Number of asset objects unloaded after import = 8

========================================================================
Received Import Request.
  Time since last request: 0.000019 seconds.
  path: Assets/50 Fabric Materials_VOL01/FBX
  artifactKey: Guid(8067f290ee5b9e64ea802bd95f32d6a8) Importer(2089858483,192608db42251d675da83286b1cce702)
Start importing Assets/50 Fabric Materials_VOL01/FBX using Guid(8067f290ee5b9e64ea802bd95f32d6a8) Importer(2089858483,192608db42251d675da83286b1cce702) (ScriptedImporter) -> (artifact id: '8f25957140815fca2825409811e1d508') in 0.0199418 seconds
Number of updated asset objects reloaded before import = 0Number of asset objects unloaded after import = 1

========================================================================
Received Import Request.
  Time since last request: 0.000162 seconds.
  path: Assets/HyperLuminal/SlidingTilePuzzle/Scenes/SlidingTilePuzzle.unity
  artifactKey: Guid(c78156a8d0505db48bc2d754df2cd940) Importer(2089858483,192608db42251d675da83286b1cce702)
Start importing Assets/HyperLuminal/SlidingTilePuzzle/Scenes/SlidingTilePuzzle.unity using Guid(c78156a8d0505db48bc2d754df2cd940) Importer(2089858483,192608db42251d675da83286b1cce702) (ScriptedImporter) -> (artifact id: 'c3c76764a1f7987d8a33fb535b874acd') in 0.0465267 seconds
Number of updated asset objects reloaded before import = 0Number of asset objects unloaded after import = 1

========================================================================
Received Import Request.
  Time since last request: 0.000428 seconds.
  path: Assets/SpaceZeta_StreetLamps/Base Meshes/StreetLamp2_Short.fbx
  artifactKey: Guid(a402dd86229bd0649a0a930d618ff9dc) Importer(2089858483,192608db42251d675da83286b1cce702)
Start importing Assets/SpaceZeta_StreetLamps/Base Meshes/StreetLamp2_Short.fbx using Guid(a402dd86229bd0649a0a930d618ff9dc) Importer(2089858483,192608db42251d675da83286b1cce702) (ScriptedImporter) -> (artifact id: 'dc27bda5eca4159fedf0a479b57ef81d') in 0.0390543 seconds
Number of updated asset objects reloaded before import = 0Number of asset objects unloaded after import = 8

========================================================================
Received Import Request.
  Time since last request: 0.000021 seconds.
  path: Assets/PolyOne/Cobwebs Pack/Materials/Cobwebs_BaseColor_M.mat
  artifactKey: Guid(0e768a84b4adf9341a6355fd6aba0ab3) Importer(2089858483,192608db42251d675da83286b1cce702)
Start importing Assets/PolyOne/Cobwebs Pack/Materials/Cobwebs_BaseColor_M.mat using Guid(0e768a84b4adf9341a6355fd6aba0ab3) Importer(2089858483,192608db42251d675da83286b1cce702) (ScriptedImporter) -> (artifact id: '7c10e0ff84e9cf9b3ea52f49c95fce48') in 0.0304984 seconds
Number of updated asset objects reloaded before import = 0Number of asset objects unloaded after import = 2

========================================================================
Received Import Request.
  Time since last request: 0.000032 seconds.
  path: Assets/danthaigames/DS Furniture Pack 01/PSDs/TV Stand/contents.obv
  artifactKey: Guid(bd2a74bcc40d1a74eb742557def6dac1) Importer(2089858483,192608db42251d675da83286b1cce702)
Start importing Assets/danthaigames/DS Furniture Pack 01/PSDs/TV Stand/contents.obv using Guid(bd2a74bcc40d1a74eb742557def6dac1) Importer(2089858483,192608db42251d675da83286b1cce702) (ScriptedImporter) -> (artifact id: '11527452bff4b6a673b9abb80e551c69') in 0.0287765 seconds
Number of updated asset objects reloaded before import = 0Number of asset objects unloaded after import = 1

========================================================================
Received Import Request.
  Time since last request: 0.000182 seconds.
  path: Assets/JJ_InteriorDoorPack_V1/Scenes
  artifactKey: Guid(4f704ae4b4f98ae41a0bce26658850c1) Importer(2089858483,192608db42251d675da83286b1cce702)
Start importing Assets/JJ_InteriorDoorPack_V1/Scenes using Guid(4f704ae4b4f98ae41a0bce26658850c1) Importer(2089858483,192608db42251d675da83286b1cce702) (ScriptedImporter) -> (artifact id: '6cf06f0845b16fa66698d508c55ca3eb') in 0.0287523 seconds
Number of updated asset objects reloaded before import = 0Number of asset objects unloaded after import = 1

========================================================================
Received Import Request.
  Time since last request: 0.000313 seconds.
  path: Assets/danthaigames/DS Furniture Pack 01/PSDs/Shelf/Shelf_UV_Layouts.psd
  artifactKey: Guid(f6b12cbc98996ec499af7a9b795c05d1) Importer(2089858483,192608db42251d675da83286b1cce702)
Start importing Assets/danthaigames/DS Furniture Pack 01/PSDs/Shelf/Shelf_UV_Layouts.psd using Guid(f6b12cbc98996ec499af7a9b795c05d1) Importer(2089858483,192608db42251d675da83286b1cce702) (ScriptedImporter) -> (artifact id: '818699d98978525f947cbf27817dfac8') in 0.0377412 seconds
Number of updated asset objects reloaded before import = 0Number of asset objects unloaded after import = 1

========================================================================
Received Import Request.
  Time since last request: 0.000454 seconds.
  path: Assets/SourceFiles/Models/Stairs_650_400_300_Mesh.fbx
  artifactKey: Guid(7e0223e1d3e1733499accfa5ebffb67e) Importer(2089858483,192608db42251d675da83286b1cce702)
Start importing Assets/SourceFiles/Models/Stairs_650_400_300_Mesh.fbx using Guid(7e0223e1d3e1733499accfa5ebffb67e) Importer(2089858483,192608db42251d675da83286b1cce702) (ScriptedImporter) -> (artifact id: '70243fd20795ab0c0d4e3a462d927b55') in 0.0356857 seconds
Number of updated asset objects reloaded before import = 0Number of asset objects unloaded after import = 16

========================================================================
Received Import Request.
  Time since last request: 0.000026 seconds.
  path: Assets/4K Tiled Ground Textures p2/Scenes/Demo.unity
  artifactKey: Guid(d864ab97b695a4f55ae22435c75c65d0) Importer(2089858483,192608db42251d675da83286b1cce702)
Start importing Assets/4K Tiled Ground Textures p2/Scenes/Demo.unity using Guid(d864ab97b695a4f55ae22435c75c65d0) Importer(2089858483,192608db42251d675da83286b1cce702) (ScriptedImporter) -> (artifact id: '16a9a856803b69f2da79afc3c415db38') in 0.0506003 seconds
Number of updated asset objects reloaded before import = 0Number of asset objects unloaded after import = 1

========================================================================
Received Import Request.
  Time since last request: 0.000320 seconds.
  path: Assets/Scenes/ZNS3D/Vintage Living Room Game Pack/Meshes/carpet_3.fbx
  artifactKey: Guid(3d895933b33dee343b536fde1e8f5c90) Importer(2089858483,192608db42251d675da83286b1cce702)
Start importing Assets/Scenes/ZNS3D/Vintage Living Room Game Pack/Meshes/carpet_3.fbx using Guid(3d895933b33dee343b536fde1e8f5c90) Importer(2089858483,192608db42251d675da83286b1cce702) (ScriptedImporter) -> (artifact id: 'bcc0055d798ff5587abba4b6f7c1f482') in 0.0422126 seconds
Number of updated asset objects reloaded before import = 0Number of asset objects unloaded after import = 10

========================================================================
Received Import Request.
  Time since last request: 0.000053 seconds.
  path: Assets/Tree_Packs/URP_Tree_Pack/Textures/Global
  artifactKey: Guid(6954e84f6f0524a45b27517c4945f096) Importer(2089858483,192608db42251d675da83286b1cce702)
Start importing Assets/Tree_Packs/URP_Tree_Pack/Textures/Global using Guid(6954e84f6f0524a45b27517c4945f096) Importer(2089858483,192608db42251d675da83286b1cce702) (ScriptedImporter) -> (artifact id: 'c5d80737b964d9893b7b76f8a606cab5') in 0.0269849 seconds
Number of updated asset objects reloaded before import = 0Number of asset objects unloaded after import = 1

========================================================================
Received Import Request.
  Time since last request: 0.000618 seconds.
  path: Assets/Дом/tdum02.jpg
  artifactKey: Guid(eee4a6ccafcec844abd9d1a39cfe3918) Importer(2089858483,192608db42251d675da83286b1cce702)
Start importing Assets/Дом/tdum02.jpg using Guid(eee4a6ccafcec844abd9d1a39cfe3918) Importer(2089858483,192608db42251d675da83286b1cce702) (ScriptedImporter) -> (artifact id: 'c7206a7001ce4ae378a1dbef439ad0dc') in 0.0359511 seconds
Number of updated asset objects reloaded before import = 0Number of asset objects unloaded after import = 1

========================================================================
Received Import Request.
  Time since last request: 0.000308 seconds.
  path: Assets/3Dfrk/Frames with pictures/Materials/Paint_11.mat
  artifactKey: Guid(6beeede1a278b6247b5cd49fc7f14427) Importer(2089858483,192608db42251d675da83286b1cce702)
Start importing Assets/3Dfrk/Frames with pictures/Materials/Paint_11.mat using Guid(6beeede1a278b6247b5cd49fc7f14427) Importer(2089858483,192608db42251d675da83286b1cce702) (ScriptedImporter) -> (artifact id: '299d47978cffd3748a0bd0995f9a6fe9') in 0.027691 seconds
Number of updated asset objects reloaded before import = 0Number of asset objects unloaded after import = 2

========================================================================
Received Import Request.
  Time since last request: 0.000017 seconds.
  path: Assets/Brick Project Studio/Apartment Kit/_Prefabs/Furniture/Kitchen/Cabinets/Cabinet_Wall_DD_01.prefab
  artifactKey: Guid(d2d91ff190ebafa41b8fa852ad4c0f8c) Importer(2089858483,192608db42251d675da83286b1cce702)
Start importing Assets/Brick Project Studio/Apartment Kit/_Prefabs/Furniture/Kitchen/Cabinets/Cabinet_Wall_DD_01.prefab using Guid(d2d91ff190ebafa41b8fa852ad4c0f8c) Importer(2089858483,192608db42251d675da83286b1cce702) (ScriptedImporter) -> (artifact id: 'd5adde0cb8787f88f8a4a3d77c98ff4e') in 0.0828966 seconds
Number of updated asset objects reloaded before import = 0Number of asset objects unloaded after import = 29

========================================================================
Received Import Request.
  Time since last request: 0.000251 seconds.
  path: Assets/MC old wood free sample/texture/Materials/wood 0911-01A_DISP.mat
  artifactKey: Guid(9b7c4e7d410fd264a89e42c6a6c592ad) Importer(2089858483,192608db42251d675da83286b1cce702)
Start importing Assets/MC old wood free sample/texture/Materials/wood 0911-01A_DISP.mat using Guid(9b7c4e7d410fd264a89e42c6a6c592ad) Importer(2089858483,192608db42251d675da83286b1cce702) (ScriptedImporter) -> (artifact id: 'f63d972c7e11d0e002aa08dc1d6e677c') in 0.0230261 seconds
Number of updated asset objects reloaded before import = 0Number of asset objects unloaded after import = 2

========================================================================
Received Import Request.
  Time since last request: 0.000016 seconds.
  path: Assets/Brick Project Studio/Apartment Kit/_Prefabs/Props/Lighting/Lamp_Ceiling_Apt_02.prefab
  artifactKey: Guid(283fe20ffc8ff164080c612ba8cb7b86) Importer(2089858483,192608db42251d675da83286b1cce702)
Start importing Assets/Brick Project Studio/Apartment Kit/_Prefabs/Props/Lighting/Lamp_Ceiling_Apt_02.prefab using Guid(283fe20ffc8ff164080c612ba8cb7b86) Importer(2089858483,192608db42251d675da83286b1cce702) (ScriptedImporter) -> (artifact id: 'e03fa126e0068fdf731f67c1ddbbb8c8') in 0.0923111 seconds
Number of updated asset objects reloaded before import = 0Number of asset objects unloaded after import = 13

========================================================================
Received Import Request.
  Time since last request: 0.000044 seconds.
  path: Assets/Scenes/Materials/New Material.mat
  artifactKey: Guid(7de18603b1da9794ba2f40d4f96f3e6d) Importer(2089858483,192608db42251d675da83286b1cce702)
Start importing Assets/Scenes/Materials/New Material.mat using Guid(7de18603b1da9794ba2f40d4f96f3e6d) Importer(2089858483,192608db42251d675da83286b1cce702) (ScriptedImporter) -> (artifact id: 'f7c98b39a30c042176c8f005061e2206') in 0.0312866 seconds
Number of updated asset objects reloaded before import = 0Number of asset objects unloaded after import = 1

========================================================================
Received Import Request.
  Time since last request: 0.000150 seconds.
  path: Assets/Brick Project Studio/Apartment Kit/_Prefabs/Props/Kitchen/Blender_Apt_01.prefab
  artifactKey: Guid(8b726a9375ea2e442aa068972abf0c08) Importer(2089858483,192608db42251d675da83286b1cce702)
Start importing Assets/Brick Project Studio/Apartment Kit/_Prefabs/Props/Kitchen/Blender_Apt_01.prefab using Guid(8b726a9375ea2e442aa068972abf0c08) Importer(2089858483,192608db42251d675da83286b1cce702) (ScriptedImporter) -> (artifact id: '9bf437f7f5fef53504782bdf16bc1d35') in 0.0964356 seconds
Number of updated asset objects reloaded before import = 0Number of asset objects unloaded after import = 33

========================================================================
Received Import Request.
  Time since last request: 0.000029 seconds.
  path: Assets/UnityTechnologies/Basic Asset Pack Interior/Prefabs/Furniture/TableRectangleShort.prefab
  artifactKey: Guid(0bb7e2d2dd1ca30478c670b90ac27dea) Importer(2089858483,192608db42251d675da83286b1cce702)
Start importing Assets/UnityTechnologies/Basic Asset Pack Interior/Prefabs/Furniture/TableRectangleShort.prefab using Guid(0bb7e2d2dd1ca30478c670b90ac27dea) Importer(2089858483,192608db42251d675da83286b1cce702) (ScriptedImporter) -> (artifact id: '7192fbb222b53607fa350413f2ff91db') in 0.1082225 seconds
Number of updated asset objects reloaded before import = 0Number of asset objects unloaded after import = 8

========================================================================
Received Import Request.
  Time since last request: 0.000035 seconds.
  path: Assets/3Dfrk/Frames with pictures/Demo.unity
  artifactKey: Guid(8225af9d67b285a44875b34aa7d34c68) Importer(2089858483,192608db42251d675da83286b1cce702)
Start importing Assets/3Dfrk/Frames with pictures/Demo.unity using Guid(8225af9d67b285a44875b34aa7d34c68) Importer(2089858483,192608db42251d675da83286b1cce702) (ScriptedImporter) -> (artifact id: 'c46de32095d5200eb861112751334a6c') in 0.0493292 seconds
Number of updated asset objects reloaded before import = 0Number of asset objects unloaded after import = 1

========================================================================
Received Import Request.
  Time since last request: 0.000094 seconds.
  path: Assets/UnityTechnologies/Basic Asset Pack Interior/Prefabs/Walls/WallWindow4m.prefab
  artifactKey: Guid(dd8531eb516f95e40bce6dc3c0ba4525) Importer(2089858483,192608db42251d675da83286b1cce702)
Start importing Assets/UnityTechnologies/Basic Asset Pack Interior/Prefabs/Walls/WallWindow4m.prefab using Guid(dd8531eb516f95e40bce6dc3c0ba4525) Importer(2089858483,192608db42251d675da83286b1cce702) (ScriptedImporter) -> (artifact id: 'c70b62441b5ec5bbc83faf75ab3a35f8') in 0.1268104 seconds
Number of updated asset objects reloaded before import = 0Number of asset objects unloaded after import = 36

========================================================================
Received Import Request.
  Time since last request: 1.686673 seconds.
  path: Assets/MC old wood free sample/material/wood 0911-01A.mat
  artifactKey: Guid(82e5bc0145c52f64a814cf00291a7b12) Importer(2089858483,192608db42251d675da83286b1cce702)
Start importing Assets/MC old wood free sample/material/wood 0911-01A.mat using Guid(82e5bc0145c52f64a814cf00291a7b12) Importer(2089858483,192608db42251d675da83286b1cce702) (ScriptedImporter) -> (artifact id: '7986b1201b21ada93180434659a6de99') in 0.0376555 seconds
Number of updated asset objects reloaded before import = 0Number of asset objects unloaded after import = 5

========================================================================
Received Import Request.
  Time since last request: 0.000019 seconds.
  path: Assets/Scenes/ZNS3D/Vintage Living Room Game Pack/Meshes/antique_light.fbx
  artifactKey: Guid(7e34fc9651579a149b2f69b873065c30) Importer(2089858483,192608db42251d675da83286b1cce702)
Start importing Assets/Scenes/ZNS3D/Vintage Living Room Game Pack/Meshes/antique_light.fbx using Guid(7e34fc9651579a149b2f69b873065c30) Importer(2089858483,192608db42251d675da83286b1cce702) (ScriptedImporter) -> (artifact id: 'b94cae8c1a4787070a3f275754a29af2') in 0.0384413 seconds
Number of updated asset objects reloaded before import = 0Number of asset objects unloaded after import = 41

========================================================================
Received Import Request.
  Time since last request: 0.000018 seconds.
  path: Assets/NextGen Furniture Pack/Models/sofa_2.FBX
  artifactKey: Guid(cf23e865d5e97c44c8c805a8d33f140f) Importer(2089858483,192608db42251d675da83286b1cce702)
Start importing Assets/NextGen Furniture Pack/Models/sofa_2.FBX using Guid(cf23e865d5e97c44c8c805a8d33f140f) Importer(2089858483,192608db42251d675da83286b1cce702) (ScriptedImporter) -> (artifact id: '75d657283e3012421748758d3abf8b41') in 0.0596067 seconds
Number of updated asset objects reloaded before import = 0Number of asset objects unloaded after import = 7

========================================================================
Received Import Request.
  Time since last request: 0.000037 seconds.
  path: Assets/SpaceZeta_StreetLamps/Base Meshes/StreetLamp1_Short.fbx
  artifactKey: Guid(103876eacf3ef1644942b9a8c23b7e3b) Importer(2089858483,192608db42251d675da83286b1cce702)
Start importing Assets/SpaceZeta_StreetLamps/Base Meshes/StreetLamp1_Short.fbx using Guid(103876eacf3ef1644942b9a8c23b7e3b) Importer(2089858483,192608db42251d675da83286b1cce702) (ScriptedImporter) -> (artifact id: '0caf0a0a88352b016bca70ed0c83a9ce') in 0.0573489 seconds
Number of updated asset objects reloaded before import = 0Number of asset objects unloaded after import = 7

========================================================================
Received Import Request.
  Time since last request: 0.000020 seconds.
  path: Assets/NextGen Furniture Pack/Models/chair_1.FBX
  artifactKey: Guid(733d1a9ed77181d4381118930e3fbc63) Importer(2089858483,192608db42251d675da83286b1cce702)
Start importing Assets/NextGen Furniture Pack/Models/chair_1.FBX using Guid(733d1a9ed77181d4381118930e3fbc63) Importer(2089858483,192608db42251d675da83286b1cce702) (ScriptedImporter) -> (artifact id: '46cee5174b6ea9571bde1f65370da4af') in 0.0741908 seconds
Number of updated asset objects reloaded before import = 0Number of asset objects unloaded after import = 7

========================================================================
Received Import Request.
  Time since last request: 0.000072 seconds.
  path: Assets/Забор/XTNFZLSRMZB4DAPUNN2X3AC0X.obj
  artifactKey: Guid(867a06f1646d8824a9366ed32560381b) Importer(2089858483,192608db42251d675da83286b1cce702)
Start importing Assets/Забор/XTNFZLSRMZB4DAPUNN2X3AC0X.obj using Guid(867a06f1646d8824a9366ed32560381b) Importer(2089858483,192608db42251d675da83286b1cce702) (ScriptedImporter) -> (artifact id: '6deded7e1d2de7ed86db2a4a2533709c') in 0.0373312 seconds
Number of updated asset objects reloaded before import = 0Number of asset objects unloaded after import = 25

========================================================================
Received Import Request.
  Time since last request: 0.000030 seconds.
  path: Assets/ExtrudeMeshAlongBezierTool/Examples/Meshes
  artifactKey: Guid(40a0c71d0105eaa44be9097bb90594a2) Importer(2089858483,192608db42251d675da83286b1cce702)
Start importing Assets/ExtrudeMeshAlongBezierTool/Examples/Meshes using Guid(40a0c71d0105eaa44be9097bb90594a2) Importer(2089858483,192608db42251d675da83286b1cce702) (ScriptedImporter) -> (artifact id: '6ee4370bcffca1c700e8601e46d82654') in 0.0230045 seconds
Number of updated asset objects reloaded before import = 0Number of asset objects unloaded after import = 1

========================================================================
Received Import Request.
  Time since last request: 0.000325 seconds.
  path: Assets/HDRPFurniturePack/Artek
  artifactKey: Guid(617aaf8873f4c4e47852882cbcdbb606) Importer(2089858483,192608db42251d675da83286b1cce702)
Start importing Assets/HDRPFurniturePack/Artek using Guid(617aaf8873f4c4e47852882cbcdbb606) Importer(2089858483,192608db42251d675da83286b1cce702) (ScriptedImporter) -> (artifact id: '13da47d89f401dc0901591b04a471226') in 0.0252892 seconds
Number of updated asset objects reloaded before import = 0Number of asset objects unloaded after import = 1

========================================================================
Received Import Request.
  Time since last request: 0.000214 seconds.
  path: Assets/Free Wood Door Pack/Scene/Demo.unity
  artifactKey: Guid(834e6a1b8e1abbe46b890dca547d7c3a) Importer(2089858483,192608db42251d675da83286b1cce702)
Start importing Assets/Free Wood Door Pack/Scene/Demo.unity using Guid(834e6a1b8e1abbe46b890dca547d7c3a) Importer(2089858483,192608db42251d675da83286b1cce702) (ScriptedImporter) -> (artifact id: 'a99568c99b8940e2d4bc9d1718c333a7') in 0.0574377 seconds
Number of updated asset objects reloaded before import = 0Number of asset objects unloaded after import = 1

========================================================================
Received Import Request.
  Time since last request: 0.000198 seconds.
  path: Assets/Scenes/ZNS3D/Vintage Living Room Game Pack/Meshes/ceiling_big.fbx
  artifactKey: Guid(2ce99b412ecb7c04dbe8837664e87af1) Importer(2089858483,192608db42251d675da83286b1cce702)
Start importing Assets/Scenes/ZNS3D/Vintage Living Room Game Pack/Meshes/ceiling_big.fbx using Guid(2ce99b412ecb7c04dbe8837664e87af1) Importer(2089858483,192608db42251d675da83286b1cce702) (ScriptedImporter) -> (artifact id: 'ef1d27266af08faf2289161f035c53c3') in 0.0370962 seconds
Number of updated asset objects reloaded before import = 0Number of asset objects unloaded after import = 8

========================================================================
Received Import Request.
  Time since last request: 0.000021 seconds.
  path: Assets/Pegasus Studios/Elegant Interior Decor 3D Models Pack/Resources/Models/Wine Bottle.fbx
  artifactKey: Guid(550b88781fbc8ca4a89e2c30b275e53c) Importer(2089858483,192608db42251d675da83286b1cce702)
Start importing Assets/Pegasus Studios/Elegant Interior Decor 3D Models Pack/Resources/Models/Wine Bottle.fbx using Guid(550b88781fbc8ca4a89e2c30b275e53c) Importer(2089858483,192608db42251d675da83286b1cce702) (ScriptedImporter) -> (artifact id: '7db6fad8e7a2a4ddc43c1e78f758196b') in 0.0522212 seconds
Number of updated asset objects reloaded before import = 0Number of asset objects unloaded after import = 7

========================================================================
Received Import Request.
  Time since last request: 0.000047 seconds.
  path: Assets/_Tea&coffe_service/Model/tea_service.FBX
  artifactKey: Guid(5d95898f282c78c45b1bce7921720d1b) Importer(2089858483,192608db42251d675da83286b1cce702)
Start importing Assets/_Tea&coffe_service/Model/tea_service.FBX using Guid(5d95898f282c78c45b1bce7921720d1b) Importer(2089858483,192608db42251d675da83286b1cce702) (ScriptedImporter) -> (artifact id: 'b2f2106a11620ed4c7f47c18ff7636d3') in 0.0609722 seconds
Number of updated asset objects reloaded before import = 0Number of asset objects unloaded after import = 34

========================================================================
Received Import Request.
  Time since last request: 0.000020 seconds.
  path: Assets/Pegasus Studios/Elegant Interior Decor 3D Models Pack
  artifactKey: Guid(a03332285dd34224786cac784d6fb058) Importer(2089858483,192608db42251d675da83286b1cce702)
Start importing Assets/Pegasus Studios/Elegant Interior Decor 3D Models Pack using Guid(a03332285dd34224786cac784d6fb058) Importer(2089858483,192608db42251d675da83286b1cce702) (ScriptedImporter) -> (artifact id: 'a4ce92c3838c75d6cd70ef80b52f3260') in 0.0270236 seconds
Number of updated asset objects reloaded before import = 0Number of asset objects unloaded after import = 1

========================================================================
Received Import Request.
  Time since last request: 0.000083 seconds.
  path: Assets/Pegasus Studios/Elegant Interior Decor 3D Models Pack/Resources/Textures/Door/door wood_normal.png
  artifactKey: Guid(d7159b4b6f908fe49be2fa977fc84ef5) Importer(2089858483,192608db42251d675da83286b1cce702)
Start importing Assets/Pegasus Studios/Elegant Interior Decor 3D Models Pack/Resources/Textures/Door/door wood_normal.png using Guid(d7159b4b6f908fe49be2fa977fc84ef5) Importer(2089858483,192608db42251d675da83286b1cce702) (ScriptedImporter) -> (artifact id: '352924d7929b5092829a6d32ad29f7bb') in 0.0393435 seconds
Number of updated asset objects reloaded before import = 0Number of asset objects unloaded after import = 1

========================================================================
Received Import Request.
  Time since last request: 0.000266 seconds.
  path: Assets/Scenes/ZNS3D/Vintage Living Room Game Pack/Textures/Gramophone/gramafon_Mat_Gramafon_Normal.png
  artifactKey: Guid(8e6fbd2bc2ae7e248bad7719115ddbd1) Importer(2089858483,192608db42251d675da83286b1cce702)
Start importing Assets/Scenes/ZNS3D/Vintage Living Room Game Pack/Textures/Gramophone/gramafon_Mat_Gramafon_Normal.png using Guid(8e6fbd2bc2ae7e248bad7719115ddbd1) Importer(2089858483,192608db42251d675da83286b1cce702) (ScriptedImporter) -> (artifact id: '26b054a5a9da6c505865a55746d4ee43') in 0.0397739 seconds
Number of updated asset objects reloaded before import = 0Number of asset objects unloaded after import = 1

========================================================================
Received Import Request.
  Time since last request: 0.000162 seconds.
  path: Assets/Pictures/Stand/Mesh
  artifactKey: Guid(b8d4903e0515dd74494c7aeb5312fae0) Importer(2089858483,192608db42251d675da83286b1cce702)
Start importing Assets/Pictures/Stand/Mesh using Guid(b8d4903e0515dd74494c7aeb5312fae0) Importer(2089858483,192608db42251d675da83286b1cce702) (ScriptedImporter) -> (artifact id: '1e4470a5991b3cdee9f5c3dc29724c9f') in 0.0222621 seconds
Number of updated asset objects reloaded before import = 0Number of asset objects unloaded after import = 1

========================================================================
Received Import Request.
  Time since last request: 0.000078 seconds.
  path: Assets/ALP_Assets/Old Floor Linoleum FREE/Scene/Graphic settings Instruction!.rtf
  artifactKey: Guid(e154f3c9b3332b74991ae9e28d9c31ae) Importer(2089858483,192608db42251d675da83286b1cce702)
Start importing Assets/ALP_Assets/Old Floor Linoleum FREE/Scene/Graphic settings Instruction!.rtf using Guid(e154f3c9b3332b74991ae9e28d9c31ae) Importer(2089858483,192608db42251d675da83286b1cce702) (ScriptedImporter) -> (artifact id: '09657acaf31c27aaf9818e9d2e1c29c6') in 0.0230736 seconds
Number of updated asset objects reloaded before import = 0Number of asset objects unloaded after import = 1

========================================================================
Received Import Request.
  Time since last request: 0.000189 seconds.
  path: Assets/Scenes/ZNS3D/Vintage Living Room Game Pack/Meshes/photo_frame_desk.fbx
  artifactKey: Guid(8f63222d4f53c52429bb9baef8380ab7) Importer(2089858483,192608db42251d675da83286b1cce702)
Start importing Assets/Scenes/ZNS3D/Vintage Living Room Game Pack/Meshes/photo_frame_desk.fbx using Guid(8f63222d4f53c52429bb9baef8380ab7) Importer(2089858483,192608db42251d675da83286b1cce702) (ScriptedImporter) -> (artifact id: '5bf35e36881f1fd25ea9a4efc2081c50') in 0.0432325 seconds
Number of updated asset objects reloaded before import = 0Number of asset objects unloaded after import = 42

========================================================================
Received Import Request.
  Time since last request: 0.000024 seconds.
  path: Assets/HDRPFurniturePack/Succulent_Planter/Models/Succulent_Planter_Ceramic.fbx
  artifactKey: Guid(3bdea860a477bd143b38a234a5d4b2c9) Importer(2089858483,192608db42251d675da83286b1cce702)
Start importing Assets/HDRPFurniturePack/Succulent_Planter/Models/Succulent_Planter_Ceramic.fbx using Guid(3bdea860a477bd143b38a234a5d4b2c9) Importer(2089858483,192608db42251d675da83286b1cce702) (ScriptedImporter) -> (artifact id: 'bf6f984f50d42d49f0100a2bed2547e7') in 0.051735 seconds
Number of updated asset objects reloaded before import = 0Number of asset objects unloaded after import = 14

========================================================================
Received Import Request.
  Time since last request: 0.000028 seconds.
  path: Assets/SourceFiles/StarterAssets/ThirdPersonController/Character/Animations/Jump--InAir.anim.fbx
  artifactKey: Guid(063aa479676c4084ebf187660ca0a7b8) Importer(2089858483,192608db42251d675da83286b1cce702)
Start importing Assets/SourceFiles/StarterAssets/ThirdPersonController/Character/Animations/Jump--InAir.anim.fbx using Guid(063aa479676c4084ebf187660ca0a7b8) Importer(2089858483,192608db42251d675da83286b1cce702) (ScriptedImporter) -> (artifact id: '87eee03e8ba28b4a3ec491390a53b513') in 0.0660079 seconds
Number of updated asset objects reloaded before import = 0Number of asset objects unloaded after import = 144

========================================================================
Received Import Request.
  Time since last request: 0.000027 seconds.
  path: Assets/Pegasus Studios
  artifactKey: Guid(ba3df8637f4be8445bbcafc26112aea0) Importer(2089858483,192608db42251d675da83286b1cce702)
Start importing Assets/Pegasus Studios using Guid(ba3df8637f4be8445bbcafc26112aea0) Importer(2089858483,192608db42251d675da83286b1cce702) (ScriptedImporter) -> (artifact id: '6e38a8e93c7e0ee6175ff47d0f4a900f') in 0.0231842 seconds
Number of updated asset objects reloaded before import = 0Number of asset objects unloaded after import = 1

========================================================================
Received Import Request.
  Time since last request: 0.000193 seconds.
  path: Assets/TextMesh Pro/Fonts
  artifactKey: Guid(6ab70aee4d56447429c680537fbf93ed) Importer(2089858483,192608db42251d675da83286b1cce702)
Start importing Assets/TextMesh Pro/Fonts using Guid(6ab70aee4d56447429c680537fbf93ed) Importer(2089858483,192608db42251d675da83286b1cce702) (ScriptedImporter) -> (artifact id: '583cb79c5fc38ac3e63cb34194353af9') in 0.0256106 seconds
Number of updated asset objects reloaded before import = 0Number of asset objects unloaded after import = 1

========================================================================
Received Import Request.
  Time since last request: 0.000322 seconds.
  path: Assets/Pegasus Studios/Elegant Interior Decor 3D Models Pack/Resources
  artifactKey: Guid(735c9d2c483b0f345b2930ce83b071cf) Importer(2089858483,192608db42251d675da83286b1cce702)
Start importing Assets/Pegasus Studios/Elegant Interior Decor 3D Models Pack/Resources using Guid(735c9d2c483b0f345b2930ce83b071cf) Importer(2089858483,192608db42251d675da83286b1cce702) (ScriptedImporter) -> (artifact id: 'd460b2c596b3f2b093b5e20623b1cc79') in 0.0375157 seconds
Number of updated asset objects reloaded before import = 0Number of asset objects unloaded after import = 1

========================================================================
Received Import Request.
  Time since last request: 0.000161 seconds.
  path: Assets/SourceFiles/Textures/Repeating Tiles/SandWavey_Normal.tif
  artifactKey: Guid(2421a29b648cc4e45a27416c73e64106) Importer(2089858483,192608db42251d675da83286b1cce702)
Start importing Assets/SourceFiles/Textures/Repeating Tiles/SandWavey_Normal.tif using Guid(2421a29b648cc4e45a27416c73e64106) Importer(2089858483,192608db42251d675da83286b1cce702) (ScriptedImporter) -> (artifact id: 'c46358cd8d20043799ca269ae3d473d6') in 0.0341531 seconds
Number of updated asset objects reloaded before import = 0Number of asset objects unloaded after import = 1

========================================================================
Received Import Request.
  Time since last request: 0.000264 seconds.
  path: Assets/Scenes/ZNS3D/Vintage Living Room Game Pack/Meshes/wall_corner_2.fbx
  artifactKey: Guid(d68b111f37607a341959058a8659f9f4) Importer(2089858483,192608db42251d675da83286b1cce702)
Start importing Assets/Scenes/ZNS3D/Vintage Living Room Game Pack/Meshes/wall_corner_2.fbx using Guid(d68b111f37607a341959058a8659f9f4) Importer(2089858483,192608db42251d675da83286b1cce702) (ScriptedImporter) -> (artifact id: '78bc30ed04ed510d71331a0a1d246974') in 0.0307482 seconds
Number of updated asset objects reloaded before import = 0Number of asset objects unloaded after import = 8

========================================================================
Received Import Request.
  Time since last request: 0.000024 seconds.
  path: Assets/UniversalRenderPipelineGlobalSettings.asset
  artifactKey: Guid(d09da97522b909b49a27bfacbc2cdc4f) Importer(2089858483,192608db42251d675da83286b1cce702)
Start importing Assets/UniversalRenderPipelineGlobalSettings.asset using Guid(d09da97522b909b49a27bfacbc2cdc4f) Importer(2089858483,192608db42251d675da83286b1cce702) (ScriptedImporter) -> (artifact id: 'b68f76dbc266df03557f46480b9a8469') in 0.0343841 seconds
Number of updated asset objects reloaded before import = 0Number of asset objects unloaded after import = 1

========================================================================
Received Import Request.
  Time since last request: 0.000178 seconds.
  path: Assets/Tree_Packs/URP_Tree_Pack/Textures/Leaf/URP_3_Leaf.png
  artifactKey: Guid(22240601055987b4ea815af3f7d81e40) Importer(2089858483,192608db42251d675da83286b1cce702)
Start importing Assets/Tree_Packs/URP_Tree_Pack/Textures/Leaf/URP_3_Leaf.png using Guid(22240601055987b4ea815af3f7d81e40) Importer(2089858483,192608db42251d675da83286b1cce702) (ScriptedImporter) -> (artifact id: '7272cfe4618544349fd1546f69893eb5') in 0.040594 seconds
Number of updated asset objects reloaded before import = 0Number of asset objects unloaded after import = 1

========================================================================
Received Import Request.
  Time since last request: 0.000256 seconds.
  path: Assets/DEMO/Standard Assets/Effects
  artifactKey: Guid(1cf9a178b6f1aec47b98ead980eea7e6) Importer(2089858483,192608db42251d675da83286b1cce702)
Start importing Assets/DEMO/Standard Assets/Effects using Guid(1cf9a178b6f1aec47b98ead980eea7e6) Importer(2089858483,192608db42251d675da83286b1cce702) (ScriptedImporter) -> (artifact id: '98c13627a1efb935bfabfec3cee7016e') in 0.0276268 seconds
Number of updated asset objects reloaded before import = 0Number of asset objects unloaded after import = 1

========================================================================
Received Import Request.
  Time since last request: 0.000248 seconds.
  path: Assets/MC old wood free sample/texture/Materials/wood 0825-01_DIFFUSE.mat
  artifactKey: Guid(17a2a588a16117141832578b092f34da) Importer(2089858483,192608db42251d675da83286b1cce702)
Start importing Assets/MC old wood free sample/texture/Materials/wood 0825-01_DIFFUSE.mat using Guid(17a2a588a16117141832578b092f34da) Importer(2089858483,192608db42251d675da83286b1cce702) (ScriptedImporter) -> (artifact id: '024917255066aaa927bcef87c1f2906a') in 0.0273412 seconds
Number of updated asset objects reloaded before import = 0Number of asset objects unloaded after import = 2

========================================================================
Received Import Request.
  Time since last request: 0.000022 seconds.
  path: Assets/DEMO/Standard Assets
  artifactKey: Guid(638d7a034d370ef4d89efb5078f2e3db) Importer(2089858483,192608db42251d675da83286b1cce702)
Start importing Assets/DEMO/Standard Assets using Guid(638d7a034d370ef4d89efb5078f2e3db) Importer(2089858483,192608db42251d675da83286b1cce702) (ScriptedImporter) -> (artifact id: '58830414091c69e28b51d9390ffabe70') in 0.0271647 seconds
Number of updated asset objects reloaded before import = 0Number of asset objects unloaded after import = 1

========================================================================
Received Import Request.
  Time since last request: 0.000216 seconds.
  path: Assets/HDRPFurniturePack/Curtain
  artifactKey: Guid(d6e07b43eb3c9da4c9993de64af722da) Importer(2089858483,192608db42251d675da83286b1cce702)
Start importing Assets/HDRPFurniturePack/Curtain using Guid(d6e07b43eb3c9da4c9993de64af722da) Importer(2089858483,192608db42251d675da83286b1cce702) (ScriptedImporter) -> (artifact id: 'df3a9f177fa8d8fff2b17f05936d0db1') in 0.0252938 seconds
Number of updated asset objects reloaded before import = 0Number of asset objects unloaded after import = 1

========================================================================
Received Import Request.
  Time since last request: 0.000263 seconds.
  path: Assets/danthaigames/DS Furniture Pack 01/Assets/FBX/Chair.fbx
  artifactKey: Guid(74a8c3f029f765b48b73692cbb054c69) Importer(2089858483,192608db42251d675da83286b1cce702)
Start importing Assets/danthaigames/DS Furniture Pack 01/Assets/FBX/Chair.fbx using Guid(74a8c3f029f765b48b73692cbb054c69) Importer(2089858483,192608db42251d675da83286b1cce702) (ScriptedImporter) -> (artifact id: '62114221360720fe2b9cba10e3a4dfa2') in 0.0349286 seconds
Number of updated asset objects reloaded before import = 0Number of asset objects unloaded after import = 9

========================================================================
Received Import Request.
  Time since last request: 0.000018 seconds.
  path: Assets/Pegasus Studios/Elegant Interior Decor 3D Models Pack/Resources/Textures/Door
  artifactKey: Guid(553379bf2d4c9ec4ebfc8da97eb1ec2a) Importer(2089858483,192608db42251d675da83286b1cce702)
Start importing Assets/Pegasus Studios/Elegant Interior Decor 3D Models Pack/Resources/Textures/Door using Guid(553379bf2d4c9ec4ebfc8da97eb1ec2a) Importer(2089858483,192608db42251d675da83286b1cce702) (ScriptedImporter) -> (artifact id: '5704891a7eaa2372624a96fb77d390bc') in 0.0230765 seconds
Number of updated asset objects reloaded before import = 0Number of asset objects unloaded after import = 1

========================================================================
Received Import Request.
  Time since last request: 0.000302 seconds.
  path: Assets/Scenes/ZNS3D/Vintage Living Room Game Pack/Meshes/vase_2.fbx
  artifactKey: Guid(de1712620d1ab4846a5fc78efd6ecc1c) Importer(2089858483,192608db42251d675da83286b1cce702)
Start importing Assets/Scenes/ZNS3D/Vintage Living Room Game Pack/Meshes/vase_2.fbx using Guid(de1712620d1ab4846a5fc78efd6ecc1c) Importer(2089858483,192608db42251d675da83286b1cce702) (ScriptedImporter) -> (artifact id: 'c9e9058fa34513256618803e0c4ce7ef') in 0.0394773 seconds
Number of updated asset objects reloaded before import = 0Number of asset objects unloaded after import = 10

========================================================================
Received Import Request.
  Time since last request: 0.000036 seconds.
  path: Assets/GVOZDY/Cardboard Boxes with Tape/Prefabs
  artifactKey: Guid(126f4d8936650b54393e690b5448a388) Importer(2089858483,192608db42251d675da83286b1cce702)
Start importing Assets/GVOZDY/Cardboard Boxes with Tape/Prefabs using Guid(126f4d8936650b54393e690b5448a388) Importer(2089858483,192608db42251d675da83286b1cce702) (ScriptedImporter) -> (artifact id: 'ee696bc27e0e5c05ce055d4875ba3bf4') in 0.0267231 seconds
Number of updated asset objects reloaded before import = 0Number of asset objects unloaded after import = 1

========================================================================
Received Import Request.
  Time since last request: 0.000281 seconds.
  path: Assets/Tree_Packs/URP_Tree_Pack/Models/URP_Tree_2/Materials
  artifactKey: Guid(5ce40464233cdf34e96b0d61eb7e0612) Importer(2089858483,192608db42251d675da83286b1cce702)
Start importing Assets/Tree_Packs/URP_Tree_Pack/Models/URP_Tree_2/Materials using Guid(5ce40464233cdf34e96b0d61eb7e0612) Importer(2089858483,192608db42251d675da83286b1cce702) (ScriptedImporter) -> (artifact id: '24531dabb58dc08e3a8946db3c2e64a1') in 0.029127 seconds
Number of updated asset objects reloaded before import = 0Number of asset objects unloaded after import = 1

========================================================================
Received Import Request.
  Time since last request: 0.000244 seconds.
  path: Assets/TextMesh Pro/Fonts/LiberationSans - OFL.txt
  artifactKey: Guid(6e59c59b81ab47f9b6ec5781fa725d2c) Importer(2089858483,192608db42251d675da83286b1cce702)
Start importing Assets/TextMesh Pro/Fonts/LiberationSans - OFL.txt using Guid(6e59c59b81ab47f9b6ec5781fa725d2c) Importer(2089858483,192608db42251d675da83286b1cce702) (ScriptedImporter) -> (artifact id: '256089900d99948a6baddd6ee174655c') in 0.0453887 seconds
Number of updated asset objects reloaded before import = 0Number of asset objects unloaded after import = 1

========================================================================
Received Import Request.
  Time since last request: 0.000131 seconds.
  path: Assets/ExtrudeMeshAlongBezierTool/Examples/Meshes/SpikedCylinder.fbx
  artifactKey: Guid(18e1e25cb4a921a4cad1583cf643405d) Importer(2089858483,192608db42251d675da83286b1cce702)
Start importing Assets/ExtrudeMeshAlongBezierTool/Examples/Meshes/SpikedCylinder.fbx using Guid(18e1e25cb4a921a4cad1583cf643405d) Importer(2089858483,192608db42251d675da83286b1cce702) (ScriptedImporter) -> (artifact id: 'a39bd9d5765bb43f24ec43bd263723b4') in 0.0369038 seconds
Number of updated asset objects reloaded before import = 0Number of asset objects unloaded after import = 8

========================================================================
Received Import Request.
  Time since last request: 0.000030 seconds.
  path: Assets/SourceFiles/StarterAssets
  artifactKey: Guid(e2dfd223b34ee8f4292e3698aec5aa70) Importer(2089858483,192608db42251d675da83286b1cce702)
Start importing Assets/SourceFiles/StarterAssets using Guid(e2dfd223b34ee8f4292e3698aec5aa70) Importer(2089858483,192608db42251d675da83286b1cce702) (ScriptedImporter) -> (artifact id: 'd05d6844df491e336ba371dbcece8a2f') in 0.0238402 seconds
Number of updated asset objects reloaded before import = 0Number of asset objects unloaded after import = 1

========================================================================
Received Import Request.
  Time since last request: 0.000239 seconds.
  path: Assets/SourceFiles/TimmyRobot/Models
  artifactKey: Guid(ad90c6a4440220841982e8f736cff150) Importer(2089858483,192608db42251d675da83286b1cce702)
Start importing Assets/SourceFiles/TimmyRobot/Models using Guid(ad90c6a4440220841982e8f736cff150) Importer(2089858483,192608db42251d675da83286b1cce702) (ScriptedImporter) -> (artifact id: 'f2298ce48bdaf49372b47f34fac96c55') in 0.0236915 seconds
Number of updated asset objects reloaded before import = 0Number of asset objects unloaded after import = 1

========================================================================
Received Import Request.
  Time since last request: 0.000087 seconds.
  path: Assets/Scenes/ZNS3D/Vintage Living Room Game Pack/Meshes/ceramic_teapot.fbx
  artifactKey: Guid(06ff5105c9c4edd4da1c35961af18047) Importer(2089858483,192608db42251d675da83286b1cce702)
Start importing Assets/Scenes/ZNS3D/Vintage Living Room Game Pack/Meshes/ceramic_teapot.fbx using Guid(06ff5105c9c4edd4da1c35961af18047) Importer(2089858483,192608db42251d675da83286b1cce702) (ScriptedImporter) -> (artifact id: '343b947e70b928d1f446427b0d1ee955') in 0.0348863 seconds
Number of updated asset objects reloaded before import = 0Number of asset objects unloaded after import = 10

========================================================================
Received Import Request.
  Time since last request: 0.000029 seconds.
  path: Assets/HDRPFurniturePack/TridifyFurnitureDemoScene.unity
  artifactKey: Guid(84c9a744319da794192e925128346254) Importer(2089858483,192608db42251d675da83286b1cce702)
Start importing Assets/HDRPFurniturePack/TridifyFurnitureDemoScene.unity using Guid(84c9a744319da794192e925128346254) Importer(2089858483,192608db42251d675da83286b1cce702) (ScriptedImporter) -> (artifact id: '761890d5215d6bf30c9f1324b512d6b3') in 0.0520127 seconds
Number of updated asset objects reloaded before import = 0Number of asset objects unloaded after import = 1

========================================================================
Received Import Request.
  Time since last request: 0.000344 seconds.
  path: Assets/GVOZDY/Cardboard Boxes with Tape
  artifactKey: Guid(24912d8b6d0a7044ab8805d8b41f0c35) Importer(2089858483,192608db42251d675da83286b1cce702)
Start importing Assets/GVOZDY/Cardboard Boxes with Tape using Guid(24912d8b6d0a7044ab8805d8b41f0c35) Importer(2089858483,192608db42251d675da83286b1cce702) (ScriptedImporter) -> (artifact id: '204286ae4daa05e39394cc37b2d6af4f') in 0.0233181 seconds
Number of updated asset objects reloaded before import = 0Number of asset objects unloaded after import = 1

========================================================================
Received Import Request.
  Time since last request: 0.000136 seconds.
  path: Assets/SourceFiles/Textures/Repeating Tiles/GrassBushyThick_Albedo.tif
  artifactKey: Guid(c5fb851eae6c1fa478bee04155c8ab72) Importer(2089858483,192608db42251d675da83286b1cce702)
Start importing Assets/SourceFiles/Textures/Repeating Tiles/GrassBushyThick_Albedo.tif using Guid(c5fb851eae6c1fa478bee04155c8ab72) Importer(2089858483,192608db42251d675da83286b1cce702) (ScriptedImporter) -> (artifact id: '367c22a28516045844ac394b2d5c9a05') in 0.0696564 seconds
Number of updated asset objects reloaded before import = 0Number of asset objects unloaded after import = 1

========================================================================
Received Import Request.
  Time since last request: 0.000391 seconds.
  path: Assets/PolyOne/Cobwebs Pack/Materials/Plane_M.mat
  artifactKey: Guid(b4a1b301abcec1e4b84904a6471ce3cb) Importer(2089858483,192608db42251d675da83286b1cce702)
Start importing Assets/PolyOne/Cobwebs Pack/Materials/Plane_M.mat using Guid(b4a1b301abcec1e4b84904a6471ce3cb) Importer(2089858483,192608db42251d675da83286b1cce702) (ScriptedImporter) -> (artifact id: '14fb6f3203155401d43df82ea7e22315') in 0.0350863 seconds
Number of updated asset objects reloaded before import = 0Number of asset objects unloaded after import = 1

========================================================================
Received Import Request.
  Time since last request: 0.000096 seconds.
  path: Assets/Scenes/ZNS3D/Vintage Living Room Game Pack/Meshes/book_8.fbx
  artifactKey: Guid(ce30244396c49274893778e768a2a204) Importer(2089858483,192608db42251d675da83286b1cce702)
Start importing Assets/Scenes/ZNS3D/Vintage Living Room Game Pack/Meshes/book_8.fbx using Guid(ce30244396c49274893778e768a2a204) Importer(2089858483,192608db42251d675da83286b1cce702) (ScriptedImporter) -> (artifact id: '930ab6a798d879903cbef3bd5fd56948') in 0.0411753 seconds
Number of updated asset objects reloaded before import = 0Number of asset objects unloaded after import = 10

========================================================================
Received Import Request.
  Time since last request: 0.000031 seconds.
  path: Assets/Tree_Packs/URP_Tree_Pack/Models/URP_Tree_3/URP_Tree_3_LOD_1.fbx
  artifactKey: Guid(fc71d47d7a4d9574bb7aaccbb2585322) Importer(2089858483,192608db42251d675da83286b1cce702)
Start importing Assets/Tree_Packs/URP_Tree_Pack/Models/URP_Tree_3/URP_Tree_3_LOD_1.fbx using Guid(fc71d47d7a4d9574bb7aaccbb2585322) Importer(2089858483,192608db42251d675da83286b1cce702) (ScriptedImporter) -> (artifact id: 'a52d73244f37ac85ae1c05af76405235') in 0.0519699 seconds
Number of updated asset objects reloaded before import = 0Number of asset objects unloaded after import = 9

========================================================================
Received Import Request.
  Time since last request: 0.000030 seconds.
  path: Assets/danthaigames/DS Furniture Pack 01/PSDs/Table
  artifactKey: Guid(0ea1bc4acbaa36647b9a21128bde01ba) Importer(2089858483,192608db42251d675da83286b1cce702)
Start importing Assets/danthaigames/DS Furniture Pack 01/PSDs/Table using Guid(0ea1bc4acbaa36647b9a21128bde01ba) Importer(2089858483,192608db42251d675da83286b1cce702) (ScriptedImporter) -> (artifact id: 'd2c8a736bbd69f9723035c6192b5fb82') in 0.0251126 seconds
Number of updated asset objects reloaded before import = 0Number of asset objects unloaded after import = 1

========================================================================
Received Import Request.
  Time since last request: 0.000461 seconds.
  path: Assets/HDRPFurniturePack/Artek/Stool 60 Artek/Models
  artifactKey: Guid(c3c333d97b04a834a81c5bc7dab165fc) Importer(2089858483,192608db42251d675da83286b1cce702)
Start importing Assets/HDRPFurniturePack/Artek/Stool 60 Artek/Models using Guid(c3c333d97b04a834a81c5bc7dab165fc) Importer(2089858483,192608db42251d675da83286b1cce702) (ScriptedImporter) -> (artifact id: '2b8703e7fbebc4278b9822bef33f6af4') in 0.0245982 seconds
Number of updated asset objects reloaded before import = 0Number of asset objects unloaded after import = 1

========================================================================
Received Import Request.
  Time since last request: 0.000365 seconds.
  path: Assets/HDRPFurniturePack/Taper_Candle_Holders/Models
  artifactKey: Guid(f3d412eb2b7f25d429001601daf13d87) Importer(2089858483,192608db42251d675da83286b1cce702)
Start importing Assets/HDRPFurniturePack/Taper_Candle_Holders/Models using Guid(f3d412eb2b7f25d429001601daf13d87) Importer(2089858483,192608db42251d675da83286b1cce702) (ScriptedImporter) -> (artifact id: 'ba898cd64f39800d768e548ef0732dd8') in 0.0197073 seconds
Number of updated asset objects reloaded before import = 0Number of asset objects unloaded after import = 1

========================================================================
Received Import Request.
  Time since last request: 0.000020 seconds.
  path: Assets/MC old wood free sample/model
  artifactKey: Guid(b2325cd0737e4ca4084c61189a3f6564) Importer(2089858483,192608db42251d675da83286b1cce702)
Start importing Assets/MC old wood free sample/model using Guid(b2325cd0737e4ca4084c61189a3f6564) Importer(2089858483,192608db42251d675da83286b1cce702) (ScriptedImporter) -> (artifact id: '0b0dee1a9a73f52bd70ffe190112e681') in 0.0221062 seconds
Number of updated asset objects reloaded before import = 0Number of asset objects unloaded after import = 1

========================================================================
Received Import Request.
  Time since last request: 0.000143 seconds.
  path: Assets/DEMO/Standard Assets/Effects/ImageEffects/Shaders/_DepthOfField
  artifactKey: Guid(dac58d3850d53c24c888c4cbb5527a58) Importer(2089858483,192608db42251d675da83286b1cce702)
Start importing Assets/DEMO/Standard Assets/Effects/ImageEffects/Shaders/_DepthOfField using Guid(dac58d3850d53c24c888c4cbb5527a58) Importer(2089858483,192608db42251d675da83286b1cce702) (ScriptedImporter) -> (artifact id: '152c160d30123d7dad78b4baa6c50c3f') in 0.0275179 seconds
Number of updated asset objects reloaded before import = 0Number of asset objects unloaded after import = 1

========================================================================
Received Import Request.
  Time since last request: 0.000134 seconds.
  path: Assets/Scenes/ZNS3D/Vintage Living Room Game Pack/Textures/Gramophone/gramafon_Mat_Gramafon_BaseColor.png
  artifactKey: Guid(dbb85f711baa62c46958a148c0ed2822) Importer(2089858483,192608db42251d675da83286b1cce702)
Start importing Assets/Scenes/ZNS3D/Vintage Living Room Game Pack/Textures/Gramophone/gramafon_Mat_Gramafon_BaseColor.png using Guid(dbb85f711baa62c46958a148c0ed2822) Importer(2089858483,192608db42251d675da83286b1cce702) (ScriptedImporter) -> (artifact id: '99a8cf30e56d17a02ad1f2f6830ed15d') in 0.0398153 seconds
Number of updated asset objects reloaded before import = 0Number of asset objects unloaded after import = 1

========================================================================
Received Import Request.
  Time since last request: 0.000114 seconds.
  path: Assets/NextGen Furniture Pack/Models/chair_5.FBX
  artifactKey: Guid(66ae150a3e9c1c548868196d0d702708) Importer(2089858483,192608db42251d675da83286b1cce702)
Start importing Assets/NextGen Furniture Pack/Models/chair_5.FBX using Guid(66ae150a3e9c1c548868196d0d702708) Importer(2089858483,192608db42251d675da83286b1cce702) (ScriptedImporter) -> (artifact id: 'b203e92276b22dfa54f879d61dafd4b3') in 0.0597764 seconds
Number of updated asset objects reloaded before import = 0Number of asset objects unloaded after import = 7

========================================================================
Received Import Request.
  Time since last request: 0.000043 seconds.
  path: Assets/SpaceZeta_StreetLamps/Base Meshes/StreetLamp1_TallDouble.fbx
  artifactKey: Guid(e778a9bac4221734ea9d355cde103f15) Importer(2089858483,192608db42251d675da83286b1cce702)
Start importing Assets/SpaceZeta_StreetLamps/Base Meshes/StreetLamp1_TallDouble.fbx using Guid(e778a9bac4221734ea9d355cde103f15) Importer(2089858483,192608db42251d675da83286b1cce702) (ScriptedImporter) -> (artifact id: '9f0ed95dbd989140d172f80907205835') in 0.0580526 seconds
Number of updated asset objects reloaded before import = 0Number of asset objects unloaded after import = 7

========================================================================
Received Import Request.
  Time since last request: 0.000048 seconds.
  path: Assets/Scenes/ZNS3D/Vintage Living Room Game Pack/Meshes/floor_big.fbx
  artifactKey: Guid(8aec2c92ad9dbca44a5611c1d760a4aa) Importer(2089858483,192608db42251d675da83286b1cce702)
Start importing Assets/Scenes/ZNS3D/Vintage Living Room Game Pack/Meshes/floor_big.fbx using Guid(8aec2c92ad9dbca44a5611c1d760a4aa) Importer(2089858483,192608db42251d675da83286b1cce702) (ScriptedImporter) -> (artifact id: '10671b7978c1c645e37aec2df57a68ad') in 0.0330738 seconds
Number of updated asset objects reloaded before import = 0Number of asset objects unloaded after import = 8

========================================================================
Received Import Request.
  Time since last request: 0.000026 seconds.
  path: Assets/SourceFiles/Textures/Skyboxes
  artifactKey: Guid(e481f06e878cb124fa7cdb30ee22efc6) Importer(2089858483,192608db42251d675da83286b1cce702)
Start importing Assets/SourceFiles/Textures/Skyboxes using Guid(e481f06e878cb124fa7cdb30ee22efc6) Importer(2089858483,192608db42251d675da83286b1cce702) (ScriptedImporter) -> (artifact id: '006e40825eb7fac54541951f227bb16b') in 0.0287825 seconds
Number of updated asset objects reloaded before import = 0Number of asset objects unloaded after import = 1

========================================================================
Received Import Request.
  Time since last request: 0.000257 seconds.
  path: Assets/Free Wood Door Pack/Mesh
  artifactKey: Guid(d03b2d1a48eddaa47b6b49bd9c2b8d98) Importer(2089858483,192608db42251d675da83286b1cce702)
Start importing Assets/Free Wood Door Pack/Mesh using Guid(d03b2d1a48eddaa47b6b49bd9c2b8d98) Importer(2089858483,192608db42251d675da83286b1cce702) (ScriptedImporter) -> (artifact id: '8c91b1a140867c5e37146b9195473df3') in 0.0220264 seconds
Number of updated asset objects reloaded before import = 0Number of asset objects unloaded after import = 1

========================================================================
Received Import Request.
  Time since last request: 0.000226 seconds.
  path: Assets/Tree_Packs/URP_Tree_Pack/Settings/Global Volume Profile.asset
  artifactKey: Guid(ca6bb682be9fc6a4db7edacf7ee83d22) Importer(2089858483,192608db42251d675da83286b1cce702)
Start importing Assets/Tree_Packs/URP_Tree_Pack/Settings/Global Volume Profile.asset using Guid(ca6bb682be9fc6a4db7edacf7ee83d22) Importer(2089858483,192608db42251d675da83286b1cce702) (ScriptedImporter) -> (artifact id: '404c9ecb120f549b7ad7bf05ef7f008f') in 0.0511675 seconds
Number of updated asset objects reloaded before import = 0Number of asset objects unloaded after import = 1

========================================================================
Received Import Request.
  Time since last request: 0.000471 seconds.
  path: Assets/GVOZDY/Cardboard Boxes with Tape/Textures/T_box1_grey_AlbedoTransparency.png
  artifactKey: Guid(26f50e98ecb805742a2fe249614abed3) Importer(2089858483,192608db42251d675da83286b1cce702)
Start importing Assets/GVOZDY/Cardboard Boxes with Tape/Textures/T_box1_grey_AlbedoTransparency.png using Guid(26f50e98ecb805742a2fe249614abed3) Importer(2089858483,192608db42251d675da83286b1cce702) (ScriptedImporter) -> (artifact id: '08f8dbd54a99ea563f5b1c0b05189e89') in 0.0447318 seconds
Number of updated asset objects reloaded before import = 0Number of asset objects unloaded after import = 1

========================================================================
Received Import Request.
  Time since last request: 0.000313 seconds.
  path: Assets/danthaigames/DS Furniture Pack 01/PSDs/Chair/contents.obv
  artifactKey: Guid(de2acc6c1230bb2488ee8f4f1000da9a) Importer(2089858483,192608db42251d675da83286b1cce702)
Start importing Assets/danthaigames/DS Furniture Pack 01/PSDs/Chair/contents.obv using Guid(de2acc6c1230bb2488ee8f4f1000da9a) Importer(2089858483,192608db42251d675da83286b1cce702) (ScriptedImporter) -> (artifact id: 'ba965de5a72f2701a4a5fae1774ea3d7') in 0.0279158 seconds
Number of updated asset objects reloaded before import = 0Number of asset objects unloaded after import = 1

========================================================================
Received Import Request.
  Time since last request: 0.000361 seconds.
  path: Assets/Scenes/ZNS3D/Vintage Living Room Game Pack/Demo/Demo_Scene/ReflectionProbe-0.exr
  artifactKey: Guid(8053083f34f23314c9c187f6da9f884a) Importer(2089858483,192608db42251d675da83286b1cce702)
Start importing Assets/Scenes/ZNS3D/Vintage Living Room Game Pack/Demo/Demo_Scene/ReflectionProbe-0.exr using Guid(8053083f34f23314c9c187f6da9f884a) Importer(2089858483,192608db42251d675da83286b1cce702) (ScriptedImporter) -> (artifact id: 'f1cfeb58e5a204d0b2afe687aa1294ff') in 0.0627092 seconds
Number of updated asset objects reloaded before import = 0Number of asset objects unloaded after import = 1

========================================================================
Received Import Request.
  Time since last request: 0.000288 seconds.
  path: Assets/Phoenix3D/P3D_Wallpaper_Carpet_and_CurtainFabric_Materials_Pack/Upgrade_Renderpipeline/Upgrade_HDRP.unitypackage
  artifactKey: Guid(1ed475ac72adaa449b5f0a58f3ac0031) Importer(2089858483,192608db42251d675da83286b1cce702)
Start importing Assets/Phoenix3D/P3D_Wallpaper_Carpet_and_CurtainFabric_Materials_Pack/Upgrade_Renderpipeline/Upgrade_HDRP.unitypackage using Guid(1ed475ac72adaa449b5f0a58f3ac0031) Importer(2089858483,192608db42251d675da83286b1cce702) (ScriptedImporter) -> (artifact id: 'a5edd15eba8902ab8319e64ad2d31024') in 0.0278473 seconds
Number of updated asset objects reloaded before import = 0Number of asset objects unloaded after import = 1

========================================================================
Received Import Request.
  Time since last request: 0.000445 seconds.
  path: Assets/Scenes/ZNS3D/Vintage Living Room Game Pack/Meshes/ceramic_tea_glass.fbx
  artifactKey: Guid(84fa4c644e6cdf149826efb4d5879848) Importer(2089858483,192608db42251d675da83286b1cce702)
Start importing Assets/Scenes/ZNS3D/Vintage Living Room Game Pack/Meshes/ceramic_tea_glass.fbx using Guid(84fa4c644e6cdf149826efb4d5879848) Importer(2089858483,192608db42251d675da83286b1cce702) (ScriptedImporter) -> (artifact id: '497e1d63552be9937e9e89b4138daecb') in 0.0421327 seconds
Number of updated asset objects reloaded before import = 0Number of asset objects unloaded after import = 10

========================================================================
Received Import Request.
  Time since last request: 0.000039 seconds.
  path: Assets/50 Fabric Materials_VOL01/Scenes
  artifactKey: Guid(a333848b9d804134b8d919a9238e0b36) Importer(2089858483,192608db42251d675da83286b1cce702)
Start importing Assets/50 Fabric Materials_VOL01/Scenes using Guid(a333848b9d804134b8d919a9238e0b36) Importer(2089858483,192608db42251d675da83286b1cce702) (ScriptedImporter) -> (artifact id: '3b355236eb05da0c7b093743b03df0ee') in 0.0234041 seconds
Number of updated asset objects reloaded before import = 0Number of asset objects unloaded after import = 1

========================================================================
Received Import Request.
  Time since last request: 0.000481 seconds.
  path: Assets/danthaigames/DS Furniture Pack 01/PSDs
  artifactKey: Guid(ac0703aa6979a9d4fbb53e8e9967bd26) Importer(2089858483,192608db42251d675da83286b1cce702)
Start importing Assets/danthaigames/DS Furniture Pack 01/PSDs using Guid(ac0703aa6979a9d4fbb53e8e9967bd26) Importer(2089858483,192608db42251d675da83286b1cce702) (ScriptedImporter) -> (artifact id: '02f2d943acadb3fbf81a4eacabffadb7') in 0.0209394 seconds
Number of updated asset objects reloaded before import = 0Number of asset objects unloaded after import = 1

========================================================================
Received Import Request.
  Time since last request: 0.000147 seconds.
  path: Assets/Scenes/ZNS3D/Vintage Living Room Game Pack/Textures/Gramophone
  artifactKey: Guid(2130519d2aab6ed4aae78cd8913b4d5e) Importer(2089858483,192608db42251d675da83286b1cce702)
Start importing Assets/Scenes/ZNS3D/Vintage Living Room Game Pack/Textures/Gramophone using Guid(2130519d2aab6ed4aae78cd8913b4d5e) Importer(2089858483,192608db42251d675da83286b1cce702) (ScriptedImporter) -> (artifact id: 'a152cf0801bf3b51b5b63b39274e40d2') in 0.029978 seconds
Number of updated asset objects reloaded before import = 0Number of asset objects unloaded after import = 1

========================================================================
Received Import Request.
  Time since last request: 0.000295 seconds.
  path: Assets/MC old wood free sample/scene/SampleScene2
  artifactKey: Guid(39a8d1a368d1be74698066c8a287ac51) Importer(2089858483,192608db42251d675da83286b1cce702)
Start importing Assets/MC old wood free sample/scene/SampleScene2 using Guid(39a8d1a368d1be74698066c8a287ac51) Importer(2089858483,192608db42251d675da83286b1cce702) (ScriptedImporter) -> (artifact id: '275a5f76197d34bf272e8755ea776ec3') in 0.0291589 seconds
Number of updated asset objects reloaded before import = 0Number of asset objects unloaded after import = 1

========================================================================
Received Import Request.
  Time since last request: 0.000196 seconds.
  path: Assets/Tree_Packs/URP_Tree_Pack/Models/URP_Tree_2
  artifactKey: Guid(8839daedc8fac254c85fb79888cf2d4c) Importer(2089858483,192608db42251d675da83286b1cce702)
Start importing Assets/Tree_Packs/URP_Tree_Pack/Models/URP_Tree_2 using Guid(8839daedc8fac254c85fb79888cf2d4c) Importer(2089858483,192608db42251d675da83286b1cce702) (ScriptedImporter) -> (artifact id: '96d30babdb81e2afae12a16170918208') in 0.0250866 seconds
Number of updated asset objects reloaded before import = 0Number of asset objects unloaded after import = 1

========================================================================
Received Import Request.
  Time since last request: 0.000586 seconds.
  path: Assets/JJ_InteriorDoorPack_V1/Textures/T_intDoorWhite_AT.png
  artifactKey: Guid(63a72aa542003b0448ff3bd776b2db17) Importer(2089858483,192608db42251d675da83286b1cce702)
Start importing Assets/JJ_InteriorDoorPack_V1/Textures/T_intDoorWhite_AT.png using Guid(63a72aa542003b0448ff3bd776b2db17) Importer(2089858483,192608db42251d675da83286b1cce702) (ScriptedImporter) -> (artifact id: '42dd2c5170017fe3be0b752a8c79eac0') in 0.0372354 seconds
Number of updated asset objects reloaded before import = 0Number of asset objects unloaded after import = 1

========================================================================
Received Import Request.
  Time since last request: 0.000415 seconds.
  path: Assets/Tree_Packs/URP_Tree_Pack/Models/URP_Tree_1/URP_Tree_1_LOD_0.fbx
  artifactKey: Guid(419b474d3d31ef54e9c101d6e7213aee) Importer(2089858483,192608db42251d675da83286b1cce702)
Start importing Assets/Tree_Packs/URP_Tree_Pack/Models/URP_Tree_1/URP_Tree_1_LOD_0.fbx using Guid(419b474d3d31ef54e9c101d6e7213aee) Importer(2089858483,192608db42251d675da83286b1cce702) (ScriptedImporter) -> (artifact id: 'd954c14e270856b1035460c13c128952') in 0.0634382 seconds
Number of updated asset objects reloaded before import = 0Number of asset objects unloaded after import = 9

========================================================================
Received Import Request.
  Time since last request: 0.000028 seconds.
  path: Assets/HighQualityBricks&Walls/Scenes/Showcase Artistic.unity
  artifactKey: Guid(49af710e3bc297b4a9ef525c9fba58d9) Importer(2089858483,192608db42251d675da83286b1cce702)
Start importing Assets/HighQualityBricks&Walls/Scenes/Showcase Artistic.unity using Guid(49af710e3bc297b4a9ef525c9fba58d9) Importer(2089858483,192608db42251d675da83286b1cce702) (ScriptedImporter) -> (artifact id: '38a97439842422d36e1c4edfe52f87bc') in 0.0439901 seconds
Number of updated asset objects reloaded before import = 0Number of asset objects unloaded after import = 1

========================================================================
Received Import Request.
  Time since last request: 0.000244 seconds.
  path: Assets/GVOZDY/Cardboard Boxes with Tape/Textures/T_box1_brown_AlbedoTransparency.png
  artifactKey: Guid(bc798356951d0e341b4e7fb16138d15a) Importer(2089858483,192608db42251d675da83286b1cce702)
Start importing Assets/GVOZDY/Cardboard Boxes with Tape/Textures/T_box1_brown_AlbedoTransparency.png using Guid(bc798356951d0e341b4e7fb16138d15a) Importer(2089858483,192608db42251d675da83286b1cce702) (ScriptedImporter) -> (artifact id: '217b033c40fff1e2a6d4d9ea452c5a2a') in 0.0356757 seconds
Number of updated asset objects reloaded before import = 0Number of asset objects unloaded after import = 1

========================================================================
Received Import Request.
  Time since last request: 0.000271 seconds.
  path: Assets/4K Tiled Ground Textures p2/Scenes
  artifactKey: Guid(c4a7bcdbe36aa4c65a1e12ac0c18e262) Importer(2089858483,192608db42251d675da83286b1cce702)
Start importing Assets/4K Tiled Ground Textures p2/Scenes using Guid(c4a7bcdbe36aa4c65a1e12ac0c18e262) Importer(2089858483,192608db42251d675da83286b1cce702) (ScriptedImporter) -> (artifact id: 'e0dc5b60de607e3140a1c2ce3f490a91') in 0.0225233 seconds
Number of updated asset objects reloaded before import = 0Number of asset objects unloaded after import = 1

========================================================================
Received Import Request.
  Time since last request: 0.000221 seconds.
  path: Assets/danthaigames/DS Furniture Pack 01/PSDs/Bookshelf
  artifactKey: Guid(28bfffbf5c8f0c04aba355b8daf3dd7c) Importer(2089858483,192608db42251d675da83286b1cce702)
Start importing Assets/danthaigames/DS Furniture Pack 01/PSDs/Bookshelf using Guid(28bfffbf5c8f0c04aba355b8daf3dd7c) Importer(2089858483,192608db42251d675da83286b1cce702) (ScriptedImporter) -> (artifact id: 'b465eb41e0b6c83a83402218d7a4fdb7') in 0.0231284 seconds
Number of updated asset objects reloaded before import = 0Number of asset objects unloaded after import = 1

========================================================================
Received Import Request.
  Time since last request: 0.000349 seconds.
  path: Assets/JJ_InteriorDoorPack_V1/Materials/mat_door1.mat
  artifactKey: Guid(ed7456f7ea3eb8c44823541593c9eb3e) Importer(2089858483,192608db42251d675da83286b1cce702)
Start importing Assets/JJ_InteriorDoorPack_V1/Materials/mat_door1.mat using Guid(ed7456f7ea3eb8c44823541593c9eb3e) Importer(2089858483,192608db42251d675da83286b1cce702) (ScriptedImporter) -> (artifact id: '348a750cdbce32bf08b9b238b1009ae7') in 0.036613 seconds
Number of updated asset objects reloaded before import = 0Number of asset objects unloaded after import = 4

========================================================================
Received Import Request.
  Time since last request: 0.000026 seconds.
  path: Assets/Дом/LPPLVW4GUP37SDTPKFJIHRGRE.obj
  artifactKey: Guid(037efff92dad4de4f80169ec1e81c32f) Importer(2089858483,192608db42251d675da83286b1cce702)
Start importing Assets/Дом/LPPLVW4GUP37SDTPKFJIHRGRE.obj using Guid(037efff92dad4de4f80169ec1e81c32f) Importer(2089858483,192608db42251d675da83286b1cce702) (ScriptedImporter) -> (artifact id: '3e99956e2b574f989e307a8a8aeacd37') in 0.0564033 seconds
Number of updated asset objects reloaded before import = 0Number of asset objects unloaded after import = 47

========================================================================
Received Import Request.
  Time since last request: 0.000023 seconds.
  path: Assets/Tree_Packs/URP_Tree_Pack
  artifactKey: Guid(4ff405d588e9c2f4e90e6286fb9ffff4) Importer(2089858483,192608db42251d675da83286b1cce702)
Start importing Assets/Tree_Packs/URP_Tree_Pack using Guid(4ff405d588e9c2f4e90e6286fb9ffff4) Importer(2089858483,192608db42251d675da83286b1cce702) (ScriptedImporter) -> (artifact id: '25f826581f9343d955a7b3c7fa0e9d55') in 0.0272622 seconds
Number of updated asset objects reloaded before import = 0Number of asset objects unloaded after import = 1

========================================================================
Received Import Request.
  Time since last request: 0.000127 seconds.
  path: Assets/50 Fabric Materials_VOL01/Materials/T_HS_fabric_50_AlbedoTransparency 17.mat
  artifactKey: Guid(a17312945f86662409be4aababf4c028) Importer(2089858483,192608db42251d675da83286b1cce702)
Start importing Assets/50 Fabric Materials_VOL01/Materials/T_HS_fabric_50_AlbedoTransparency 17.mat using Guid(a17312945f86662409be4aababf4c028) Importer(2089858483,192608db42251d675da83286b1cce702) (ScriptedImporter) -> (artifact id: 'c622de37bd8915096fee8fd40e754190') in 0.115194 seconds
Number of updated asset objects reloaded before import = 0Number of asset objects unloaded after import = 2

========================================================================
Received Import Request.
  Time since last request: 0.000028 seconds.
  path: Assets/Pegasus Studios/Elegant Interior Decor 3D Models Pack/Resources/Materials/Ornate Door frame.mat
  artifactKey: Guid(d116f31c5c1ed2e4485e067ae8d37d90) Importer(2089858483,192608db42251d675da83286b1cce702)
Start importing Assets/Pegasus Studios/Elegant Interior Decor 3D Models Pack/Resources/Materials/Ornate Door frame.mat using Guid(d116f31c5c1ed2e4485e067ae8d37d90) Importer(2089858483,192608db42251d675da83286b1cce702) (ScriptedImporter) -> (artifact id: 'fa39c5802195471ea06f716fc525c1a7') in 0.0288456 seconds
Number of updated asset objects reloaded before import = 0Number of asset objects unloaded after import = 2

========================================================================
Received Import Request.
  Time since last request: 0.000021 seconds.
  path: Assets/SpaceZeta_StreetLamps/Base Meshes/StreetLamp2_ShortDouble.fbx
  artifactKey: Guid(7c254f7259153db43b84ee9acf8f2e96) Importer(2089858483,192608db42251d675da83286b1cce702)
Start importing Assets/SpaceZeta_StreetLamps/Base Meshes/StreetLamp2_ShortDouble.fbx using Guid(7c254f7259153db43b84ee9acf8f2e96) Importer(2089858483,192608db42251d675da83286b1cce702) (ScriptedImporter) -> (artifact id: 'b694ed18867e4ef6fe384481d7575f5f') in 0.0370167 seconds
Number of updated asset objects reloaded before import = 0Number of asset objects unloaded after import = 8

========================================================================
Received Import Request.
  Time since last request: 0.000024 seconds.
  path: Assets/TextMesh Pro/Shaders/TMP_SDF Overlay.shader
  artifactKey: Guid(dd89cf5b9246416f84610a006f916af7) Importer(2089858483,192608db42251d675da83286b1cce702)
Start importing Assets/TextMesh Pro/Shaders/TMP_SDF Overlay.shader using Guid(dd89cf5b9246416f84610a006f916af7) Importer(2089858483,192608db42251d675da83286b1cce702) (ScriptedImporter) -> (artifact id: 'f4bd24debddf6fb4e61bb290f7a75561') in 0.0275439 seconds
Number of updated asset objects reloaded before import = 0Number of asset objects unloaded after import = 1

========================================================================
Received Import Request.
  Time since last request: 0.000222 seconds.
  path: Assets/ExtrudeMeshAlongBezierTool/Documentation
  artifactKey: Guid(f2b3df0a8d5b60e49a41ab95556dbf6a) Importer(2089858483,192608db42251d675da83286b1cce702)
Start importing Assets/ExtrudeMeshAlongBezierTool/Documentation using Guid(f2b3df0a8d5b60e49a41ab95556dbf6a) Importer(2089858483,192608db42251d675da83286b1cce702) (ScriptedImporter) -> (artifact id: '7966634319930c287522b3221dfae71d') in 0.0244516 seconds
Number of updated asset objects reloaded before import = 0Number of asset objects unloaded after import = 1

========================================================================
Received Import Request.
  Time since last request: 0.000358 seconds.
  path: Assets/Pictures/PicturesSettings.lighting
  artifactKey: Guid(07addf040c2dba84ea23c50204071488) Importer(2089858483,192608db42251d675da83286b1cce702)
Start importing Assets/Pictures/PicturesSettings.lighting using Guid(07addf040c2dba84ea23c50204071488) Importer(2089858483,192608db42251d675da83286b1cce702) (ScriptedImporter) -> (artifact id: '6821ff49fe7e6aaf5a387703514cb840') in 0.0551647 seconds
Number of updated asset objects reloaded before import = 0Number of asset objects unloaded after import = 1

========================================================================
Received Import Request.
  Time since last request: 0.000186 seconds.
  path: Assets/Scenes/ZNS3D/Vintage Living Room Game Pack/Demo/Demo_Scene.unity
  artifactKey: Guid(595372e64ca8f5549b8da2dd680770f3) Importer(2089858483,192608db42251d675da83286b1cce702)
Start importing Assets/Scenes/ZNS3D/Vintage Living Room Game Pack/Demo/Demo_Scene.unity using Guid(595372e64ca8f5549b8da2dd680770f3) Importer(2089858483,192608db42251d675da83286b1cce702) (ScriptedImporter) -> (artifact id: '400114b67da1a2e0f8c6c1b8fad3a037') in 0.065431 seconds
Number of updated asset objects reloaded before import = 0Number of asset objects unloaded after import = 1

========================================================================
Received Import Request.
  Time since last request: 0.000431 seconds.
  path: Assets/SourceFiles/InputSystem/InputSystem_Actions.inputactions
  artifactKey: Guid(1a22ef9595b7b684a9fce843f8c8f834) Importer(2089858483,192608db42251d675da83286b1cce702)
Start importing Assets/SourceFiles/InputSystem/InputSystem_Actions.inputactions using Guid(1a22ef9595b7b684a9fce843f8c8f834) Importer(2089858483,192608db42251d675da83286b1cce702) (ScriptedImporter) -> (artifact id: '5562d475dca0da77ff14626b033cc9cd') in 0.0264481 seconds
Number of updated asset objects reloaded before import = 0Number of asset objects unloaded after import = 1

========================================================================
Received Import Request.
  Time since last request: 0.000346 seconds.
  path: Assets/HDRPFurniturePack/Succulent_Planter
  artifactKey: Guid(1c330eaad3c8e2145a9678be139e6ca9) Importer(2089858483,192608db42251d675da83286b1cce702)
Start importing Assets/HDRPFurniturePack/Succulent_Planter using Guid(1c330eaad3c8e2145a9678be139e6ca9) Importer(2089858483,192608db42251d675da83286b1cce702) (ScriptedImporter) -> (artifact id: '6452e2c4e3753202687671f454a0be5d') in 0.0328465 seconds
Number of updated asset objects reloaded before import = 0Number of asset objects unloaded after import = 1

========================================================================
Received Import Request.
  Time since last request: 0.000367 seconds.
  path: Assets/Scenes/ZNS3D/Vintage Living Room Game Pack/Demo/All_Prefabs.unity
  artifactKey: Guid(fbd171c995df5a847b35c1eb04499191) Importer(2089858483,192608db42251d675da83286b1cce702)
Start importing Assets/Scenes/ZNS3D/Vintage Living Room Game Pack/Demo/All_Prefabs.unity using Guid(fbd171c995df5a847b35c1eb04499191) Importer(2089858483,192608db42251d675da83286b1cce702) (ScriptedImporter) -> (artifact id: '874b7240f5e4836cdb00eb019cbf7f59') in 0.0549099 seconds
Number of updated asset objects reloaded before import = 0Number of asset objects unloaded after import = 1

========================================================================
Received Import Request.
  Time since last request: 0.000423 seconds.
  path: Assets/MC old wood free sample/texture
  artifactKey: Guid(f5846421e7516784381bf0a93004d926) Importer(2089858483,192608db42251d675da83286b1cce702)
Start importing Assets/MC old wood free sample/texture using Guid(f5846421e7516784381bf0a93004d926) Importer(2089858483,192608db42251d675da83286b1cce702) (ScriptedImporter) -> (artifact id: '6132d2910ef4ca203fbbd25a334db664') in 0.0254732 seconds
Number of updated asset objects reloaded before import = 0Number of asset objects unloaded after import = 1

========================================================================
Received Import Request.
  Time since last request: 0.000437 seconds.
  path: Assets/Tree_Packs/URP_Tree_Pack/Models/URP_Tree_3/URP_Tree_3_LOD_3.fbx
  artifactKey: Guid(23f8413d694261647b08c546eb4953af) Importer(2089858483,192608db42251d675da83286b1cce702)
Start importing Assets/Tree_Packs/URP_Tree_Pack/Models/URP_Tree_3/URP_Tree_3_LOD_3.fbx using Guid(23f8413d694261647b08c546eb4953af) Importer(2089858483,192608db42251d675da83286b1cce702) (ScriptedImporter) -> (artifact id: '6a0fb6eb6ddb3af1dc468cd97cdf95d8') in 0.03121 seconds
Number of updated asset objects reloaded before import = 0Number of asset objects unloaded after import = 9

========================================================================
Received Import Request.
  Time since last request: 0.000029 seconds.
  path: Assets/HDRPFurniturePack/Plant_Potted_Monstera_Deliciosa/Models/Plant_Potted_Monstera_Deliciosa.fbx
  artifactKey: Guid(e0bf51c05a4e17e47b94306301d09d5e) Importer(2089858483,192608db42251d675da83286b1cce702)
Start importing Assets/HDRPFurniturePack/Plant_Potted_Monstera_Deliciosa/Models/Plant_Potted_Monstera_Deliciosa.fbx using Guid(e0bf51c05a4e17e47b94306301d09d5e) Importer(2089858483,192608db42251d675da83286b1cce702) (ScriptedImporter) -> (artifact id: '86bc2dd7f9f90b94d8c02fbe94cc2a81') in 0.0601534 seconds
Number of updated asset objects reloaded before import = 0Number of asset objects unloaded after import = 19

========================================================================
Received Import Request.
  Time since last request: 0.000029 seconds.
  path: Assets/Tree_Packs/URP_Tree_Pack/Doc
  artifactKey: Guid(59069989790a0cd45a508718b3f5e50b) Importer(2089858483,192608db42251d675da83286b1cce702)
Start importing Assets/Tree_Packs/URP_Tree_Pack/Doc using Guid(59069989790a0cd45a508718b3f5e50b) Importer(2089858483,192608db42251d675da83286b1cce702) (ScriptedImporter) -> (artifact id: '9bc41664bd292a06c19018a265f55672') in 0.0277434 seconds
Number of updated asset objects reloaded before import = 0Number of asset objects unloaded after import = 1

========================================================================
Received Import Request.
  Time since last request: 0.000200 seconds.
  path: Assets/PolyOne/Cobwebs Pack/Model/SM_Cobwebs_16.fbx
  artifactKey: Guid(77892d7c5d69d194dbd301a75269df4b) Importer(2089858483,192608db42251d675da83286b1cce702)
Start importing Assets/PolyOne/Cobwebs Pack/Model/SM_Cobwebs_16.fbx using Guid(77892d7c5d69d194dbd301a75269df4b) Importer(2089858483,192608db42251d675da83286b1cce702) (ScriptedImporter) -> (artifact id: '1e17f37600ae13e49cc4ea299d47bc3e') in 0.0329363 seconds
Number of updated asset objects reloaded before import = 0Number of asset objects unloaded after import = 8

========================================================================
Received Import Request.
  Time since last request: 0.000025 seconds.
  path: Assets/SourceFiles/Models/CubeHollow.FBX
  artifactKey: Guid(87f98e10f670f9e4a8ef47bb8b815fb2) Importer(2089858483,192608db42251d675da83286b1cce702)
Start importing Assets/SourceFiles/Models/CubeHollow.FBX using Guid(87f98e10f670f9e4a8ef47bb8b815fb2) Importer(2089858483,192608db42251d675da83286b1cce702) (ScriptedImporter) -> (artifact id: '8fffa51b177c5bf5f436307bc4d8b0e7') in 0.0531832 seconds
Number of updated asset objects reloaded before import = 0Number of asset objects unloaded after import = 7

========================================================================
Received Import Request.
  Time since last request: 0.000023 seconds.
  path: Assets/HDRPFurniturePack/Artek/Coffee_Table_90D_Artek/Models
  artifactKey: Guid(12bc4846cb1ba7749885b805d8d7997e) Importer(2089858483,192608db42251d675da83286b1cce702)
Start importing Assets/HDRPFurniturePack/Artek/Coffee_Table_90D_Artek/Models using Guid(12bc4846cb1ba7749885b805d8d7997e) Importer(2089858483,192608db42251d675da83286b1cce702) (ScriptedImporter) -> (artifact id: '025f432a4644164d1257b6a90d3b76d2') in 0.0236889 seconds
Number of updated asset objects reloaded before import = 0Number of asset objects unloaded after import = 1

========================================================================
Received Import Request.
  Time since last request: 0.000190 seconds.
  path: Assets/Pegasus Studios/Elegant Interior Decor 3D Models Pack/Resources/Models/Candle Stand.fbx
  artifactKey: Guid(ea6af5765e69b5049a4d82398a3e4064) Importer(2089858483,192608db42251d675da83286b1cce702)
Start importing Assets/Pegasus Studios/Elegant Interior Decor 3D Models Pack/Resources/Models/Candle Stand.fbx using Guid(ea6af5765e69b5049a4d82398a3e4064) Importer(2089858483,192608db42251d675da83286b1cce702) (ScriptedImporter) -> (artifact id: '8b69a2241337f667e5a4cab54806674a') in 0.0615945 seconds
Number of updated asset objects reloaded before import = 0Number of asset objects unloaded after import = 8

========================================================================
Received Import Request.
  Time since last request: 0.000032 seconds.
  path: Assets/Scenes/ZNS3D/Vintage Living Room Game Pack/Meshes/curtain_2.fbx
  artifactKey: Guid(7c3b83889b7df884785dc243960ac365) Importer(2089858483,192608db42251d675da83286b1cce702)
Start importing Assets/Scenes/ZNS3D/Vintage Living Room Game Pack/Meshes/curtain_2.fbx using Guid(7c3b83889b7df884785dc243960ac365) Importer(2089858483,192608db42251d675da83286b1cce702) (ScriptedImporter) -> (artifact id: '545d117e132871c981cbf42adbb51931') in 0.0449979 seconds
Number of updated asset objects reloaded before import = 0Number of asset objects unloaded after import = 10

========================================================================
Received Import Request.
  Time since last request: 0.000036 seconds.
  path: Assets/50 Fabric Materials_VOL01/Materials/T_HS_fabric_50_AlbedoTransparency 14.mat
  artifactKey: Guid(ab778e4881ff50e4ea430a37d7943d65) Importer(2089858483,192608db42251d675da83286b1cce702)
Start importing Assets/50 Fabric Materials_VOL01/Materials/T_HS_fabric_50_AlbedoTransparency 14.mat using Guid(ab778e4881ff50e4ea430a37d7943d65) Importer(2089858483,192608db42251d675da83286b1cce702) (ScriptedImporter) -> (artifact id: 'e1ba7e3aa458f90a735b0c441320195d') in 0.0328267 seconds
Number of updated asset objects reloaded before import = 0Number of asset objects unloaded after import = 2

========================================================================
Received Import Request.
  Time since last request: 0.000055 seconds.
  path: Assets/Tree_Packs/URP_Tree_Pack/Models/URP_Tree_1/Materials
  artifactKey: Guid(e2f97417032a1a64fa98769026cee808) Importer(2089858483,192608db42251d675da83286b1cce702)
Start importing Assets/Tree_Packs/URP_Tree_Pack/Models/URP_Tree_1/Materials using Guid(e2f97417032a1a64fa98769026cee808) Importer(2089858483,192608db42251d675da83286b1cce702) (ScriptedImporter) -> (artifact id: '323f89865a004afacda59dfa8e0ff310') in 0.0267688 seconds
Number of updated asset objects reloaded before import = 0Number of asset objects unloaded after import = 1

========================================================================
Received Import Request.
  Time since last request: 0.000224 seconds.
  path: Assets/GVOZDY/Cardboard Boxes with Tape/Materials/M_box_1_browntape.mat
  artifactKey: Guid(2f72bea8a466ce048bfff89fb8813aaf) Importer(2089858483,192608db42251d675da83286b1cce702)
Start importing Assets/GVOZDY/Cardboard Boxes with Tape/Materials/M_box_1_browntape.mat using Guid(2f72bea8a466ce048bfff89fb8813aaf) Importer(2089858483,192608db42251d675da83286b1cce702) (ScriptedImporter) -> (artifact id: '6b7b62a693018dfee8895d0f6a8b7681') in 0.0344151 seconds
Number of updated asset objects reloaded before import = 0Number of asset objects unloaded after import = 5

========================================================================
Received Import Request.
  Time since last request: 0.000050 seconds.
  path: Assets/MC old wood free sample/scene/SampleScene2/ReflectionProbe-0.exr
  artifactKey: Guid(ac258608fcc4187439cc2f10a2489b89) Importer(2089858483,192608db42251d675da83286b1cce702)
Start importing Assets/MC old wood free sample/scene/SampleScene2/ReflectionProbe-0.exr using Guid(ac258608fcc4187439cc2f10a2489b89) Importer(2089858483,192608db42251d675da83286b1cce702) (ScriptedImporter) -> (artifact id: 'e6681d42e0dbcff488c737443548cafc') in 0.0649363 seconds
Number of updated asset objects reloaded before import = 0Number of asset objects unloaded after import = 1

========================================================================
Received Import Request.
  Time since last request: 0.000210 seconds.
  path: Assets/GVOZDY/Cardboard Boxes with Tape/Textures/T_box2_brown_MetallicSmoothness.png
  artifactKey: Guid(28ae54eb7348ff846b55739b1349504e) Importer(2089858483,192608db42251d675da83286b1cce702)
Start importing Assets/GVOZDY/Cardboard Boxes with Tape/Textures/T_box2_brown_MetallicSmoothness.png using Guid(28ae54eb7348ff846b55739b1349504e) Importer(2089858483,192608db42251d675da83286b1cce702) (ScriptedImporter) -> (artifact id: '87e07f34ea66751b30397f9e7ac82197') in 0.0365896 seconds
Number of updated asset objects reloaded before import = 0Number of asset objects unloaded after import = 1

========================================================================
Received Import Request.
  Time since last request: 0.000250 seconds.
  path: Assets/SourceFiles/Settings/PC_Renderer.asset
  artifactKey: Guid(4763a14a694f2f24aa24a4ff2f1e7b09) Importer(2089858483,192608db42251d675da83286b1cce702)
Start importing Assets/SourceFiles/Settings/PC_Renderer.asset using Guid(4763a14a694f2f24aa24a4ff2f1e7b09) Importer(2089858483,192608db42251d675da83286b1cce702) (ScriptedImporter) -> (artifact id: 'c68f67172c1c73d70b72b76eadbd35fb') in 0.0505438 seconds
Number of updated asset objects reloaded before import = 0Number of asset objects unloaded after import = 1

========================================================================
Received Import Request.
  Time since last request: 0.000163 seconds.
  path: Assets/HighQualityBricks&Walls/Scenes/Showcase Artistic/LightingData.asset
  artifactKey: Guid(cc71ce40fed2e0044abdb3598fd38869) Importer(2089858483,192608db42251d675da83286b1cce702)
Start importing Assets/HighQualityBricks&Walls/Scenes/Showcase Artistic/LightingData.asset using Guid(cc71ce40fed2e0044abdb3598fd38869) Importer(2089858483,192608db42251d675da83286b1cce702) (ScriptedImporter) -> (artifact id: 'f13c50b81647b65f1d22ff1c2eacd291') in 0.0516431 seconds
Number of updated asset objects reloaded before import = 0Number of asset objects unloaded after import = 2

========================================================================
Received Import Request.
  Time since last request: 0.000322 seconds.
  path: Assets/HDRPFurniturePack/Artek/Floor_Light_A810_Artek/Models/Floor_Light_A810_Artek.fbx
  artifactKey: Guid(c1aea7952634caf4496e08850c55c2df) Importer(2089858483,192608db42251d675da83286b1cce702)
Start importing Assets/HDRPFurniturePack/Artek/Floor_Light_A810_Artek/Models/Floor_Light_A810_Artek.fbx using Guid(c1aea7952634caf4496e08850c55c2df) Importer(2089858483,192608db42251d675da83286b1cce702) (ScriptedImporter) -> (artifact id: '3ff352d8b32bb0712010dfcc4d178972') in 0.0647777 seconds
Number of updated asset objects reloaded before import = 0Number of asset objects unloaded after import = 19

========================================================================
Received Import Request.
  Time since last request: 0.000031 seconds.
  path: Assets/_Tea&coffe_service/Scene/scene/LightingData.asset
  artifactKey: Guid(39898a1f6865bb146b44bcd274137f5d) Importer(2089858483,192608db42251d675da83286b1cce702)
Start importing Assets/_Tea&coffe_service/Scene/scene/LightingData.asset using Guid(39898a1f6865bb146b44bcd274137f5d) Importer(2089858483,192608db42251d675da83286b1cce702) (ScriptedImporter) -> (artifact id: '74301fd471d239061af0874b174ce133') in 0.0449503 seconds
Number of updated asset objects reloaded before import = 0Number of asset objects unloaded after import = 2

========================================================================
Received Import Request.
  Time since last request: 0.000017 seconds.
  path: Assets/Scenes/ZNS3D/Vintage Living Room Game Pack/Meshes/bookshelf.fbx
  artifactKey: Guid(347f56b195029d742b6bd3b4dced4729) Importer(2089858483,192608db42251d675da83286b1cce702)
Start importing Assets/Scenes/ZNS3D/Vintage Living Room Game Pack/Meshes/bookshelf.fbx using Guid(347f56b195029d742b6bd3b4dced4729) Importer(2089858483,192608db42251d675da83286b1cce702) (ScriptedImporter) -> (artifact id: '2a97ef419e0119472cfe5db9334285bd') in 0.0413256 seconds
Number of updated asset objects reloaded before import = 0Number of asset objects unloaded after import = 10

========================================================================
Received Import Request.
  Time since last request: 0.000029 seconds.
  path: Assets/HighQualityBricks&Walls/Shaders/patch-924648.shader
  artifactKey: Guid(f1922e8113827464ba76f5dc2cb8c466) Importer(2089858483,192608db42251d675da83286b1cce702)
Start importing Assets/HighQualityBricks&Walls/Shaders/patch-924648.shader using Guid(f1922e8113827464ba76f5dc2cb8c466) Importer(2089858483,192608db42251d675da83286b1cce702) (ScriptedImporter) -> (artifact id: '05035573368db3b0bd4d14eafc91fda0') in 0.0280879 seconds
Number of updated asset objects reloaded before import = 0Number of asset objects unloaded after import = 1

========================================================================
Received Import Request.
  Time since last request: 0.000368 seconds.
  path: Assets/Tree_Packs/URP_Tree_Pack/Models/URP_Tree_3
  artifactKey: Guid(6eebaafa35ae4ee45a0a7a3bc179f037) Importer(2089858483,192608db42251d675da83286b1cce702)
Start importing Assets/Tree_Packs/URP_Tree_Pack/Models/URP_Tree_3 using Guid(6eebaafa35ae4ee45a0a7a3bc179f037) Importer(2089858483,192608db42251d675da83286b1cce702) (ScriptedImporter) -> (artifact id: '64d5131bca1b2cf71d7345b7453fd1d1') in 0.0261249 seconds
Number of updated asset objects reloaded before import = 0Number of asset objects unloaded after import = 1

========================================================================
Received Import Request.
  Time since last request: 0.000380 seconds.
  path: Assets/danthaigames/DS Furniture Pack 01/PSDs/TV/Screen_Surround_And_Handles_UV_Layouts.psd
  artifactKey: Guid(74b427f65e5a8744fbf63c719699195d) Importer(2089858483,192608db42251d675da83286b1cce702)
Start importing Assets/danthaigames/DS Furniture Pack 01/PSDs/TV/Screen_Surround_And_Handles_UV_Layouts.psd using Guid(74b427f65e5a8744fbf63c719699195d) Importer(2089858483,192608db42251d675da83286b1cce702) (ScriptedImporter) -> (artifact id: 'c9f188dee7f38f58be1f69eb00656376') in 0.0798063 seconds
Number of updated asset objects reloaded before import = 0Number of asset objects unloaded after import = 1

========================================================================
Received Import Request.
  Time since last request: 0.000287 seconds.
  path: Assets/PolyOne/Cobwebs Pack/Prefabs/SM_Cobwebs_16.prefab
  artifactKey: Guid(fdcd2234d2cb27c46bff0eafbdf10a3d) Importer(2089858483,192608db42251d675da83286b1cce702)
Start importing Assets/PolyOne/Cobwebs Pack/Prefabs/SM_Cobwebs_16.prefab using Guid(fdcd2234d2cb27c46bff0eafbdf10a3d) Importer(2089858483,192608db42251d675da83286b1cce702) (ScriptedImporter) -> (artifact id: '6c39f62abbf7e0b33c3e8d0b060164c3') in 0.0734314 seconds
Number of updated asset objects reloaded before import = 0Number of asset objects unloaded after import = 8

========================================================================
Received Import Request.
  Time since last request: 0.000035 seconds.
  path: Assets/HyperLuminal/SlidingTilePuzzle/Art
  artifactKey: Guid(6dd7d125d694981478132cca014bd8b9) Importer(2089858483,192608db42251d675da83286b1cce702)
Start importing Assets/HyperLuminal/SlidingTilePuzzle/Art using Guid(6dd7d125d694981478132cca014bd8b9) Importer(2089858483,192608db42251d675da83286b1cce702) (ScriptedImporter) -> (artifact id: '1d489fac281d1ae34d76347ce08d788a') in 0.0242203 seconds
Number of updated asset objects reloaded before import = 0Number of asset objects unloaded after import = 1

========================================================================
Received Import Request.
  Time since last request: 0.000370 seconds.
  path: Assets/SourceFiles/Fonts/Inter-Variable.ttf
  artifactKey: Guid(990048e0a3cb7674d92aa9670783d789) Importer(2089858483,192608db42251d675da83286b1cce702)
Start importing Assets/SourceFiles/Fonts/Inter-Variable.ttf using Guid(990048e0a3cb7674d92aa9670783d789) Importer(2089858483,192608db42251d675da83286b1cce702) (ScriptedImporter) -> (artifact id: 'a1bea37171f08847cc4232442cf3b50b') in 0.0356955 seconds
Number of updated asset objects reloaded before import = 0Number of asset objects unloaded after import = 3

========================================================================
Received Import Request.
  Time since last request: 0.000019 seconds.
  path: Assets/SourceFiles/Settings/SampleSceneProfile.asset
  artifactKey: Guid(58115c4e320494d4ab5559d4e7d337d0) Importer(2089858483,192608db42251d675da83286b1cce702)
Start importing Assets/SourceFiles/Settings/SampleSceneProfile.asset using Guid(58115c4e320494d4ab5559d4e7d337d0) Importer(2089858483,192608db42251d675da83286b1cce702) (ScriptedImporter) -> (artifact id: '45592dca6f22b93518e80479833fc66b') in 0.0461156 seconds
Number of updated asset objects reloaded before import = 0Number of asset objects unloaded after import = 1

========================================================================
Received Import Request.
  Time since last request: 0.000179 seconds.
  path: Assets/DEMO/Standard Assets/Effects/ImageEffects/Shaders/_DepthOfField/TiltShiftHdrLensBlur.shader
  artifactKey: Guid(bf34d2a25450349699e8ae6456fa7ca9) Importer(2089858483,192608db42251d675da83286b1cce702)
Start importing Assets/DEMO/Standard Assets/Effects/ImageEffects/Shaders/_DepthOfField/TiltShiftHdrLensBlur.shader using Guid(bf34d2a25450349699e8ae6456fa7ca9) Importer(2089858483,192608db42251d675da83286b1cce702) (ScriptedImporter) -> (artifact id: '200e64ee3f35d5ae4e83d92ef47abda6') in 0.0302751 seconds
Number of updated asset objects reloaded before import = 0Number of asset objects unloaded after import = 1

========================================================================
Received Import Request.
  Time since last request: 0.000853 seconds.
  path: Assets/danthaigames/DS Furniture Pack 01/PSDs/Bookshelf/Materials/BookShelf_UV_Layouts.mat
  artifactKey: Guid(31f7eed3c86f0b34fb7b030bc2be09aa) Importer(2089858483,192608db42251d675da83286b1cce702)
Start importing Assets/danthaigames/DS Furniture Pack 01/PSDs/Bookshelf/Materials/BookShelf_UV_Layouts.mat using Guid(31f7eed3c86f0b34fb7b030bc2be09aa) Importer(2089858483,192608db42251d675da83286b1cce702) (ScriptedImporter) -> (artifact id: '23dd35e7f2d4e331d25244cd294ea820') in 0.0344939 seconds
Number of updated asset objects reloaded before import = 0Number of asset objects unloaded after import = 2

========================================================================
Received Import Request.
  Time since last request: 0.000029 seconds.
  path: Assets/PolyOne/Cobwebs Pack/Prefabs/SM_Cobwebs_04.prefab
  artifactKey: Guid(cb54601bec56a2c47b6032cdacd32e60) Importer(2089858483,192608db42251d675da83286b1cce702)
Start importing Assets/PolyOne/Cobwebs Pack/Prefabs/SM_Cobwebs_04.prefab using Guid(cb54601bec56a2c47b6032cdacd32e60) Importer(2089858483,192608db42251d675da83286b1cce702) (ScriptedImporter) -> (artifact id: '8134b3da16a02361e1f445bead6c7e1d') in 0.0745991 seconds
Number of updated asset objects reloaded before import = 0Number of asset objects unloaded after import = 8

========================================================================
Received Import Request.
  Time since last request: 0.000030 seconds.
  path: Assets/Pegasus Studios/Elegant Interior Decor 3D Models Pack/Resources/Materials/Polished Wood.mat
  artifactKey: Guid(1878dda277c71f74f9c87e17bd81cfeb) Importer(2089858483,192608db42251d675da83286b1cce702)
Start importing Assets/Pegasus Studios/Elegant Interior Decor 3D Models Pack/Resources/Materials/Polished Wood.mat using Guid(1878dda277c71f74f9c87e17bd81cfeb) Importer(2089858483,192608db42251d675da83286b1cce702) (ScriptedImporter) -> (artifact id: '28f743efb8d9bfdddf6e5cf3bea86a08') in 0.0286336 seconds
Number of updated asset objects reloaded before import = 0Number of asset objects unloaded after import = 1

========================================================================
Received Import Request.
  Time since last request: 0.000053 seconds.
  path: Assets/Scenes/ZNS3D/Vintage Living Room Game Pack/Textures/Decors_1/decors_1_Mat_decors_1_Normal.png
  artifactKey: Guid(97477f419d2de6c4c8ee663066954430) Importer(2089858483,192608db42251d675da83286b1cce702)
Start importing Assets/Scenes/ZNS3D/Vintage Living Room Game Pack/Textures/Decors_1/decors_1_Mat_decors_1_Normal.png using Guid(97477f419d2de6c4c8ee663066954430) Importer(2089858483,192608db42251d675da83286b1cce702) (ScriptedImporter) -> (artifact id: 'cb982550bdc5629c9eacd6837ef98a0b') in 0.0408707 seconds
Number of updated asset objects reloaded before import = 0Number of asset objects unloaded after import = 1

========================================================================
Received Import Request.
  Time since last request: 0.000229 seconds.
  path: Assets/danthaigames/DS Furniture Pack 01/PSDs/Book/contents.obv
  artifactKey: Guid(6aed77264ec70b140af16a0ca8a00614) Importer(2089858483,192608db42251d675da83286b1cce702)
Start importing Assets/danthaigames/DS Furniture Pack 01/PSDs/Book/contents.obv using Guid(6aed77264ec70b140af16a0ca8a00614) Importer(2089858483,192608db42251d675da83286b1cce702) (ScriptedImporter) -> (artifact id: '74f261d8aa6848d1cd50bc0938e57ef8') in 0.0281423 seconds
Number of updated asset objects reloaded before import = 0Number of asset objects unloaded after import = 1

========================================================================
Received Import Request.
  Time since last request: 0.000354 seconds.
  path: Assets/50 Fabric Materials_VOL01/Materials/T_HS_fabric_50_AlbedoTransparency 19.mat
  artifactKey: Guid(486d084d783eaf94784d850e20f6af68) Importer(2089858483,192608db42251d675da83286b1cce702)
Start importing Assets/50 Fabric Materials_VOL01/Materials/T_HS_fabric_50_AlbedoTransparency 19.mat using Guid(486d084d783eaf94784d850e20f6af68) Importer(2089858483,192608db42251d675da83286b1cce702) (ScriptedImporter) -> (artifact id: '812dd0cc00e47fe4e6cd4f1bf8d45ad7') in 0.0271075 seconds
Number of updated asset objects reloaded before import = 0Number of asset objects unloaded after import = 2

========================================================================
Received Import Request.
  Time since last request: 0.000019 seconds.
  path: Assets/PolyOne/Cobwebs Pack/Prefabs/SM_Cobwebs_11.prefab
  artifactKey: Guid(77d57996dd5931e4ab812fa14b0b8282) Importer(2089858483,192608db42251d675da83286b1cce702)
Start importing Assets/PolyOne/Cobwebs Pack/Prefabs/SM_Cobwebs_11.prefab using Guid(77d57996dd5931e4ab812fa14b0b8282) Importer(2089858483,192608db42251d675da83286b1cce702) (ScriptedImporter) -> (artifact id: '655e1b663fbb57815d17dd6506bd31f8') in 0.0546327 seconds
Number of updated asset objects reloaded before import = 0Number of asset objects unloaded after import = 8

========================================================================
Received Import Request.
  Time since last request: 0.000017 seconds.
  path: Assets/4K Tiled Ground Textures p2/Textures/concrete/Materials
  artifactKey: Guid(248b9d6726ddd594f941f03438010dd9) Importer(2089858483,192608db42251d675da83286b1cce702)
Start importing Assets/4K Tiled Ground Textures p2/Textures/concrete/Materials using Guid(248b9d6726ddd594f941f03438010dd9) Importer(2089858483,192608db42251d675da83286b1cce702) (ScriptedImporter) -> (artifact id: '07701c83ee3e5d6f4e397a8636c40430') in 0.0206762 seconds
Number of updated asset objects reloaded before import = 0Number of asset objects unloaded after import = 1

========================================================================
Received Import Request.
  Time since last request: 0.000029 seconds.
  path: Assets/GVOZDY/Cardboard Boxes with Tape/Textures/T_box2_grey_Normal.png
  artifactKey: Guid(504151ba63bcc3b458a2884ce3092146) Importer(2089858483,192608db42251d675da83286b1cce702)
Start importing Assets/GVOZDY/Cardboard Boxes with Tape/Textures/T_box2_grey_Normal.png using Guid(504151ba63bcc3b458a2884ce3092146) Importer(2089858483,192608db42251d675da83286b1cce702) (ScriptedImporter) -> (artifact id: 'b2a9f7c79cdd68ded7bc4102047cd3c8') in 0.0353405 seconds
Number of updated asset objects reloaded before import = 0Number of asset objects unloaded after import = 1

========================================================================
Received Import Request.
  Time since last request: 0.000169 seconds.
  path: Assets/HDRPFurniturePack/Artek/Armchair_406_Artek
  artifactKey: Guid(21e2c568da4adde4fb22bedff6d744e9) Importer(2089858483,192608db42251d675da83286b1cce702)
Start importing Assets/HDRPFurniturePack/Artek/Armchair_406_Artek using Guid(21e2c568da4adde4fb22bedff6d744e9) Importer(2089858483,192608db42251d675da83286b1cce702) (ScriptedImporter) -> (artifact id: '227b229343f9044b3e6c7e58b141059a') in 0.023754 seconds
Number of updated asset objects reloaded before import = 0Number of asset objects unloaded after import = 1

========================================================================
Received Import Request.
  Time since last request: 0.000048 seconds.
  path: Assets/Scenes/ZNS3D/Vintage Living Room Game Pack/Textures/Furnitures_2
  artifactKey: Guid(9b003fd724ea5854f94f063d0f338c48) Importer(2089858483,192608db42251d675da83286b1cce702)
Start importing Assets/Scenes/ZNS3D/Vintage Living Room Game Pack/Textures/Furnitures_2 using Guid(9b003fd724ea5854f94f063d0f338c48) Importer(2089858483,192608db42251d675da83286b1cce702) (ScriptedImporter) -> (artifact id: 'd7efd1a88ba27975679199c8e571aa3e') in 0.0253294 seconds
Number of updated asset objects reloaded before import = 0Number of asset objects unloaded after import = 1

========================================================================
Received Import Request.
  Time since last request: 0.000154 seconds.
  path: Assets/danthaigames/DS Furniture Pack 01/Assets/Scenes/SampleScene.unity
  artifactKey: Guid(0a25b165f2fa1c749b2e727dc44fba14) Importer(2089858483,192608db42251d675da83286b1cce702)
Start importing Assets/danthaigames/DS Furniture Pack 01/Assets/Scenes/SampleScene.unity using Guid(0a25b165f2fa1c749b2e727dc44fba14) Importer(2089858483,192608db42251d675da83286b1cce702) (ScriptedImporter) -> (artifact id: '69902a2192a114137c905043edd42322') in 0.0464298 seconds
Number of updated asset objects reloaded before import = 0Number of asset objects unloaded after import = 1

========================================================================
Received Import Request.
  Time since last request: 0.000082 seconds.
  path: Assets/SpaceZeta_StreetLamps/Base Meshes/StreetLamp1_Tall.fbx
  artifactKey: Guid(5f762237f251df245951874e04796ecd) Importer(2089858483,192608db42251d675da83286b1cce702)
Start importing Assets/SpaceZeta_StreetLamps/Base Meshes/StreetLamp1_Tall.fbx using Guid(5f762237f251df245951874e04796ecd) Importer(2089858483,192608db42251d675da83286b1cce702) (ScriptedImporter) -> (artifact id: 'f00882ea14d0ca8f9e5e70dfe2f03e05') in 0.0558553 seconds
Number of updated asset objects reloaded before import = 0Number of asset objects unloaded after import = 7

========================================================================
Received Import Request.
  Time since last request: 0.000021 seconds.
  path: Assets/HDRPFurniturePack/Dining_Chair/Models
  artifactKey: Guid(3b069dad3248f0a49b8f993370a1a6e2) Importer(2089858483,192608db42251d675da83286b1cce702)
Start importing Assets/HDRPFurniturePack/Dining_Chair/Models using Guid(3b069dad3248f0a49b8f993370a1a6e2) Importer(2089858483,192608db42251d675da83286b1cce702) (ScriptedImporter) -> (artifact id: 'a288f01aa333a451eece49459def824c') in 0.0228072 seconds
Number of updated asset objects reloaded before import = 0Number of asset objects unloaded after import = 1

========================================================================
Received Import Request.
  Time since last request: 0.000138 seconds.
  path: Assets/JJ_InteriorDoorPack_V1/Textures/Frames/Materials/intDoor_metalFrame_mat_intDoor_metalFrame_white_AlbedoTransparency.mat
  artifactKey: Guid(88f2dda86a17f7640a96122ff70914e0) Importer(2089858483,192608db42251d675da83286b1cce702)
Start importing Assets/JJ_InteriorDoorPack_V1/Textures/Frames/Materials/intDoor_metalFrame_mat_intDoor_metalFrame_white_AlbedoTransparency.mat using Guid(88f2dda86a17f7640a96122ff70914e0) Importer(2089858483,192608db42251d675da83286b1cce702) (ScriptedImporter) -> (artifact id: 'ed58d2b298b81fde6095192d1f83c1fc') in 0.0257437 seconds
Number of updated asset objects reloaded before import = 0Number of asset objects unloaded after import = 2

========================================================================
Received Import Request.
  Time since last request: 0.000022 seconds.
  path: Assets/HDRPFurniturePack/Artek/Table_97_Artek
  artifactKey: Guid(aae35f0194368ed429b04dfbc9db4b1f) Importer(2089858483,192608db42251d675da83286b1cce702)
Start importing Assets/HDRPFurniturePack/Artek/Table_97_Artek using Guid(aae35f0194368ed429b04dfbc9db4b1f) Importer(2089858483,192608db42251d675da83286b1cce702) (ScriptedImporter) -> (artifact id: 'c018f98cbe8bf2345ee3961ac14479ba') in 0.0253671 seconds
Number of updated asset objects reloaded before import = 0Number of asset objects unloaded after import = 1

========================================================================
Received Import Request.
  Time since last request: 0.000179 seconds.
  path: Assets/GVOZDY/Cardboard Boxes with Tape/Prefabs/box_1_greyTape.prefab
  artifactKey: Guid(a797a14e0af7aba40ae32396a5219f88) Importer(2089858483,192608db42251d675da83286b1cce702)
Start importing Assets/GVOZDY/Cardboard Boxes with Tape/Prefabs/box_1_greyTape.prefab using Guid(a797a14e0af7aba40ae32396a5219f88) Importer(2089858483,192608db42251d675da83286b1cce702) (ScriptedImporter) -> (artifact id: '0e076d6e68a8e317de7fbbb9384530fc') in 0.0757453 seconds
Number of updated asset objects reloaded before import = 0Number of asset objects unloaded after import = 9

========================================================================
Received Import Request.
  Time since last request: 0.000038 seconds.
  path: Assets/PolyOne/Cobwebs Pack/Model/SM_Cobwebs_03.fbx
  artifactKey: Guid(1430763e9757ab24788703faa9861acf) Importer(2089858483,192608db42251d675da83286b1cce702)
Start importing Assets/PolyOne/Cobwebs Pack/Model/SM_Cobwebs_03.fbx using Guid(1430763e9757ab24788703faa9861acf) Importer(2089858483,192608db42251d675da83286b1cce702) (ScriptedImporter) -> (artifact id: '0525234e31844e04315f5d146680545d') in 0.0325019 seconds
Number of updated asset objects reloaded before import = 0Number of asset objects unloaded after import = 8

========================================================================
Received Import Request.
  Time since last request: 0.000028 seconds.
  path: Assets/ALP_Assets/Old Floor Linoleum FREE/Scene/Scene.unity
  artifactKey: Guid(1f8472d0353e8844fa1da7814c3aa9bc) Importer(2089858483,192608db42251d675da83286b1cce702)
Start importing Assets/ALP_Assets/Old Floor Linoleum FREE/Scene/Scene.unity using Guid(1f8472d0353e8844fa1da7814c3aa9bc) Importer(2089858483,192608db42251d675da83286b1cce702) (ScriptedImporter) -> (artifact id: '58a36acf21729670541f42abf1128963') in 0.049704 seconds
Number of updated asset objects reloaded before import = 0Number of asset objects unloaded after import = 1

========================================================================
Received Import Request.
  Time since last request: 0.000255 seconds.
  path: Assets/Materials/Material_SandWavey.mat
  artifactKey: Guid(c6becab13816f0f43859fdcd21c5ba66) Importer(2089858483,192608db42251d675da83286b1cce702)
Start importing Assets/Materials/Material_SandWavey.mat using Guid(c6becab13816f0f43859fdcd21c5ba66) Importer(2089858483,192608db42251d675da83286b1cce702) (ScriptedImporter) -> (artifact id: 'f9cbf4d27a27a536372e5bf757eaf08c') in 0.0264322 seconds
Number of updated asset objects reloaded before import = 0Number of asset objects unloaded after import = 3

========================================================================
Received Import Request.
  Time since last request: 0.000028 seconds.
  path: Assets/Часы/5/How to Convert (Obj Fbx...).txt
  artifactKey: Guid(5bfb8809a18d90a419ff77bd473abbf4) Importer(2089858483,192608db42251d675da83286b1cce702)
Start importing Assets/Часы/5/How to Convert (Obj Fbx...).txt using Guid(5bfb8809a18d90a419ff77bd473abbf4) Importer(2089858483,192608db42251d675da83286b1cce702) (ScriptedImporter) -> (artifact id: '7ee9e93f9186ed23867af4c97375faa9') in 0.0470523 seconds
Number of updated asset objects reloaded before import = 0Number of asset objects unloaded after import = 1

========================================================================
Received Import Request.
  Time since last request: 0.000254 seconds.
  path: Assets/TextMesh Pro/Resources/LineBreaking Leading Characters.txt
  artifactKey: Guid(d82c1b31c7e74239bff1220585707d2b) Importer(2089858483,192608db42251d675da83286b1cce702)
Start importing Assets/TextMesh Pro/Resources/LineBreaking Leading Characters.txt using Guid(d82c1b31c7e74239bff1220585707d2b) Importer(2089858483,192608db42251d675da83286b1cce702) (ScriptedImporter) -> (artifact id: 'c69ed178df58447bbe2662ccff33366b') in 0.023601 seconds
Number of updated asset objects reloaded before import = 0Number of asset objects unloaded after import = 1

========================================================================
Received Import Request.
  Time since last request: 0.000026 seconds.
  path: Assets/SourceFiles/StarterAssets/ThirdPersonController/Character/Animations/Stand--Idle.anim.fbx
  artifactKey: Guid(12e52e465ed793a4d801955e9f964a82) Importer(2089858483,192608db42251d675da83286b1cce702)
Start importing Assets/SourceFiles/StarterAssets/ThirdPersonController/Character/Animations/Stand--Idle.anim.fbx using Guid(12e52e465ed793a4d801955e9f964a82) Importer(2089858483,192608db42251d675da83286b1cce702) (ScriptedImporter) -> (artifact id: 'afc18b98b672f35f8c2956124e9326be') in 0.0397126 seconds
Number of updated asset objects reloaded before import = 0Number of asset objects unloaded after import = 144

========================================================================
Received Import Request.
  Time since last request: 0.000295 seconds.
  path: Assets/SourceFiles/TimmyRobot
  artifactKey: Guid(14532514549e07c42a715118cb6549a3) Importer(2089858483,192608db42251d675da83286b1cce702)
Start importing Assets/SourceFiles/TimmyRobot using Guid(14532514549e07c42a715118cb6549a3) Importer(2089858483,192608db42251d675da83286b1cce702) (ScriptedImporter) -> (artifact id: 'a9164cf3d6c398b6182f8647037f89a3') in 0.0254269 seconds
Number of updated asset objects reloaded before import = 0Number of asset objects unloaded after import = 1

========================================================================
Received Import Request.
  Time since last request: 0.000315 seconds.
  path: Assets/Забор/_Smooth_Face_Concrete_Block_.jpg
  artifactKey: Guid(280fe61a181c7254ea7fa91b513cabde) Importer(2089858483,192608db42251d675da83286b1cce702)
Start importing Assets/Забор/_Smooth_Face_Concrete_Block_.jpg using Guid(280fe61a181c7254ea7fa91b513cabde) Importer(2089858483,192608db42251d675da83286b1cce702) (ScriptedImporter) -> (artifact id: '6118f9dabe0a22b93c46579278a762e5') in 0.0367943 seconds
Number of updated asset objects reloaded before import = 0Number of asset objects unloaded after import = 1

========================================================================
Received Import Request.
  Time since last request: 0.000423 seconds.
  path: Assets/SourceFiles/Textures/Skyboxes/SkySunSet.png
  artifactKey: Guid(c7fde95730c7e7542bc1169a9e4638f5) Importer(2089858483,192608db42251d675da83286b1cce702)
Start importing Assets/SourceFiles/Textures/Skyboxes/SkySunSet.png using Guid(c7fde95730c7e7542bc1169a9e4638f5) Importer(2089858483,192608db42251d675da83286b1cce702) (ScriptedImporter) -> (artifact id: 'cfafc7dcc87317785ad9bc755e08f6bb') in 0.0519642 seconds
Number of updated asset objects reloaded before import = 0Number of asset objects unloaded after import = 1

========================================================================
Received Import Request.
  Time since last request: 0.000276 seconds.
  path: Assets/danthaigames/DS Furniture Pack 01/Assets/FBX/CoffeeTable.fbx
  artifactKey: Guid(25e8746c1fb076b4c8babfd257ba35b8) Importer(2089858483,192608db42251d675da83286b1cce702)
Start importing Assets/danthaigames/DS Furniture Pack 01/Assets/FBX/CoffeeTable.fbx using Guid(25e8746c1fb076b4c8babfd257ba35b8) Importer(2089858483,192608db42251d675da83286b1cce702) (ScriptedImporter) -> (artifact id: 'ae6cdb02ab4f6214c6f6fee96b101205') in 0.0378968 seconds
Number of updated asset objects reloaded before import = 0Number of asset objects unloaded after import = 9

========================================================================
Received Import Request.
  Time since last request: 0.000032 seconds.
  path: Assets/Scenes/ZNS3D/Vintage Living Room Game Pack/Textures/Decors_1
  artifactKey: Guid(cb5256c140da2b24e980365938c30da7) Importer(2089858483,192608db42251d675da83286b1cce702)
Start importing Assets/Scenes/ZNS3D/Vintage Living Room Game Pack/Textures/Decors_1 using Guid(cb5256c140da2b24e980365938c30da7) Importer(2089858483,192608db42251d675da83286b1cce702) (ScriptedImporter) -> (artifact id: 'd661b931d31b410bf9f11a536a764343') in 0.0274295 seconds
Number of updated asset objects reloaded before import = 0Number of asset objects unloaded after import = 1

========================================================================
Received Import Request.
  Time since last request: 0.000417 seconds.
  path: Assets/Tree_Packs/URP_Tree_Pack/Textures/Trunk/URP_3_Trunk.png
  artifactKey: Guid(40e021bcdeb33fe4686c63f05609328e) Importer(2089858483,192608db42251d675da83286b1cce702)
Start importing Assets/Tree_Packs/URP_Tree_Pack/Textures/Trunk/URP_3_Trunk.png using Guid(40e021bcdeb33fe4686c63f05609328e) Importer(2089858483,192608db42251d675da83286b1cce702) (ScriptedImporter) -> (artifact id: '57095a25e9e656697a23e52a8083b74c') in 0.0396148 seconds
Number of updated asset objects reloaded before import = 0Number of asset objects unloaded after import = 1

========================================================================
Received Import Request.
  Time since last request: 0.000355 seconds.
  path: Assets/_Tea&coffe_service/Model/Materials/tray_texture.mat
  artifactKey: Guid(d7019f11789791b4eb9a6fda622a6eb8) Importer(2089858483,192608db42251d675da83286b1cce702)
Start importing Assets/_Tea&coffe_service/Model/Materials/tray_texture.mat using Guid(d7019f11789791b4eb9a6fda622a6eb8) Importer(2089858483,192608db42251d675da83286b1cce702) (ScriptedImporter) -> (artifact id: '81fdbc9e635f8b0df5743f62f3baed6b') in 0.0277637 seconds
Number of updated asset objects reloaded before import = 0Number of asset objects unloaded after import = 1

========================================================================
Received Import Request.
  Time since last request: 0.000489 seconds.
  path: Assets/danthaigames/DS Furniture Pack 01/Assets/Scenes
  artifactKey: Guid(6a4eff7c74db98b4682b4f19af9a3ad3) Importer(2089858483,192608db42251d675da83286b1cce702)
Start importing Assets/danthaigames/DS Furniture Pack 01/Assets/Scenes using Guid(6a4eff7c74db98b4682b4f19af9a3ad3) Importer(2089858483,192608db42251d675da83286b1cce702) (ScriptedImporter) -> (artifact id: 'ed04bf2c353399895bc828780f19e32b') in 0.0243751 seconds
Number of updated asset objects reloaded before import = 0Number of asset objects unloaded after import = 1

========================================================================
Received Import Request.
  Time since last request: 0.000225 seconds.
  path: Assets/Tree_Packs/URP_Tree_Pack/Textures/Leaf/URP_2_Leaf.png
  artifactKey: Guid(eff71e4f80e0e1f46ac9d63ca9a9993f) Importer(2089858483,192608db42251d675da83286b1cce702)
Start importing Assets/Tree_Packs/URP_Tree_Pack/Textures/Leaf/URP_2_Leaf.png using Guid(eff71e4f80e0e1f46ac9d63ca9a9993f) Importer(2089858483,192608db42251d675da83286b1cce702) (ScriptedImporter) -> (artifact id: '9807de720cbf03eae063782f4160f9d9') in 0.040074 seconds
Number of updated asset objects reloaded before import = 0Number of asset objects unloaded after import = 1

========================================================================
Received Import Request.
  Time since last request: 0.000228 seconds.
  path: Assets/danthaigames/DS Furniture Pack 01
  artifactKey: Guid(5fdcbfb38c16c404c9a31af8b44f3ec6) Importer(2089858483,192608db42251d675da83286b1cce702)
Start importing Assets/danthaigames/DS Furniture Pack 01 using Guid(5fdcbfb38c16c404c9a31af8b44f3ec6) Importer(2089858483,192608db42251d675da83286b1cce702) (ScriptedImporter) -> (artifact id: '1bd4eaab22aef203523329295814a31d') in 0.0279892 seconds
Number of updated asset objects reloaded before import = 0Number of asset objects unloaded after import = 1

========================================================================
Received Import Request.
  Time since last request: 0.000432 seconds.
  path: Assets/Scenes/ZNS3D/Vintage Living Room Game Pack/Meshes/tea_table.fbx
  artifactKey: Guid(28e5386a8cb06564da7c6d88ce9ff816) Importer(2089858483,192608db42251d675da83286b1cce702)
Start importing Assets/Scenes/ZNS3D/Vintage Living Room Game Pack/Meshes/tea_table.fbx using Guid(28e5386a8cb06564da7c6d88ce9ff816) Importer(2089858483,192608db42251d675da83286b1cce702) (ScriptedImporter) -> (artifact id: '300f62769ccd29c1e6c2780fbfc778aa') in 0.0432889 seconds
Number of updated asset objects reloaded before import = 0Number of asset objects unloaded after import = 10

========================================================================
Received Import Request.
  Time since last request: 0.000131 seconds.
  path: Assets/TextMesh Pro/Resources/Style Sheets
  artifactKey: Guid(4aecb92fff08436c8303b10eab8da368) Importer(2089858483,192608db42251d675da83286b1cce702)
Start importing Assets/TextMesh Pro/Resources/Style Sheets using Guid(4aecb92fff08436c8303b10eab8da368) Importer(2089858483,192608db42251d675da83286b1cce702) (ScriptedImporter) -> (artifact id: 'bffb0877cc25576077caa8b91c3828cf') in 0.0285318 seconds
Number of updated asset objects reloaded before import = 0Number of asset objects unloaded after import = 1

========================================================================
Received Import Request.
  Time since last request: 0.000090 seconds.
  path: Assets/SourceFiles/InputSystem
  artifactKey: Guid(f2258550b46ce85429cb3339731ebacf) Importer(2089858483,192608db42251d675da83286b1cce702)
Start importing Assets/SourceFiles/InputSystem using Guid(f2258550b46ce85429cb3339731ebacf) Importer(2089858483,192608db42251d675da83286b1cce702) (ScriptedImporter) -> (artifact id: '8644c15f72768e928903675b4ea5b8ba') in 0.0267234 seconds
Number of updated asset objects reloaded before import = 0Number of asset objects unloaded after import = 1

========================================================================
Received Import Request.
  Time since last request: 0.000441 seconds.
  path: Assets/Pegasus Studios/Elegant Interior Decor 3D Models Pack/Resources/Models/Pillar Lamp.fbx
  artifactKey: Guid(71cb58b7bca3c4b49a5c9ed634e40ef3) Importer(2089858483,192608db42251d675da83286b1cce702)
Start importing Assets/Pegasus Studios/Elegant Interior Decor 3D Models Pack/Resources/Models/Pillar Lamp.fbx using Guid(71cb58b7bca3c4b49a5c9ed634e40ef3) Importer(2089858483,192608db42251d675da83286b1cce702) (ScriptedImporter) -> (artifact id: '53ba1533170387e309c3d40a7301fc9f') in 0.0597003 seconds
Number of updated asset objects reloaded before import = 0Number of asset objects unloaded after import = 8

========================================================================
Received Import Request.
  Time since last request: 0.000025 seconds.
  path: Assets/Pegasus Studios/Elegant Interior Decor 3D Models Pack/Resources/Documents
  artifactKey: Guid(022e6e80770f5d54bbc8c2afb6e359ca) Importer(2089858483,192608db42251d675da83286b1cce702)
Start importing Assets/Pegasus Studios/Elegant Interior Decor 3D Models Pack/Resources/Documents using Guid(022e6e80770f5d54bbc8c2afb6e359ca) Importer(2089858483,192608db42251d675da83286b1cce702) (ScriptedImporter) -> (artifact id: '7c24706f5c644cdfbc8122da6cdfc083') in 0.0236586 seconds
Number of updated asset objects reloaded before import = 0Number of asset objects unloaded after import = 1

========================================================================
Received Import Request.
  Time since last request: 0.000365 seconds.
  path: Assets/SourceFiles
  artifactKey: Guid(8f8866b13593f734293cda350b0b78da) Importer(2089858483,192608db42251d675da83286b1cce702)
Start importing Assets/SourceFiles using Guid(8f8866b13593f734293cda350b0b78da) Importer(2089858483,192608db42251d675da83286b1cce702) (ScriptedImporter) -> (artifact id: 'f52f3a63ed9e3eff671aa9d03ae21394') in 0.0249766 seconds
Number of updated asset objects reloaded before import = 0Number of asset objects unloaded after import = 1

========================================================================
Received Import Request.
  Time since last request: 0.000292 seconds.
  path: Assets/HDRPFurniturePack/Wall_Decoration_Art_Zebra/Models
  artifactKey: Guid(eebaecabe589987498db551199909902) Importer(2089858483,192608db42251d675da83286b1cce702)
Start importing Assets/HDRPFurniturePack/Wall_Decoration_Art_Zebra/Models using Guid(eebaecabe589987498db551199909902) Importer(2089858483,192608db42251d675da83286b1cce702) (ScriptedImporter) -> (artifact id: '88000d106e8fedb4c30ef2c0031ea7f1') in 0.0236025 seconds
Number of updated asset objects reloaded before import = 0Number of asset objects unloaded after import = 1

========================================================================
Received Import Request.
  Time since last request: 0.000394 seconds.
  path: Assets/_Tea&coffe_service/Model/Materials/texture_tea.mat
  artifactKey: Guid(e928dfe192b0dd245bd8c469277b4702) Importer(2089858483,192608db42251d675da83286b1cce702)
Start importing Assets/_Tea&coffe_service/Model/Materials/texture_tea.mat using Guid(e928dfe192b0dd245bd8c469277b4702) Importer(2089858483,192608db42251d675da83286b1cce702) (ScriptedImporter) -> (artifact id: '8d07515fe31da320a9df8468eddfa6ef') in 0.0243964 seconds
Number of updated asset objects reloaded before import = 0Number of asset objects unloaded after import = 1

========================================================================
Received Import Request.
  Time since last request: 0.000145 seconds.
  path: Assets/ALP_Assets/Old Floor Linoleum FREE/Scene/Scene_Profiles
  artifactKey: Guid(5e7fbf3641ce18847bba74775f6f7141) Importer(2089858483,192608db42251d675da83286b1cce702)
Start importing Assets/ALP_Assets/Old Floor Linoleum FREE/Scene/Scene_Profiles using Guid(5e7fbf3641ce18847bba74775f6f7141) Importer(2089858483,192608db42251d675da83286b1cce702) (ScriptedImporter) -> (artifact id: '9560f8e82cea41f3ab128217e26c37df') in 0.0245358 seconds
Number of updated asset objects reloaded before import = 0Number of asset objects unloaded after import = 1

========================================================================
Received Import Request.
  Time since last request: 0.000165 seconds.
  path: Assets/danthaigames/DS Furniture Pack 01/PSDs/Chair
  artifactKey: Guid(acfb094c28f24344cb0a0bc1ae925e1a) Importer(2089858483,192608db42251d675da83286b1cce702)
Start importing Assets/danthaigames/DS Furniture Pack 01/PSDs/Chair using Guid(acfb094c28f24344cb0a0bc1ae925e1a) Importer(2089858483,192608db42251d675da83286b1cce702) (ScriptedImporter) -> (artifact id: '5cfa377c34717fe3475649c3eb015217') in 0.0259232 seconds
Number of updated asset objects reloaded before import = 0Number of asset objects unloaded after import = 1

========================================================================
Received Import Request.
  Time since last request: 0.000456 seconds.
  path: Assets/Scenes/ZNS3D/Vintage Living Room Game Pack/Textures
  artifactKey: Guid(8e545ff410a44b745b050fd844744ea1) Importer(2089858483,192608db42251d675da83286b1cce702)
Start importing Assets/Scenes/ZNS3D/Vintage Living Room Game Pack/Textures using Guid(8e545ff410a44b745b050fd844744ea1) Importer(2089858483,192608db42251d675da83286b1cce702) (ScriptedImporter) -> (artifact id: '4014cf13b0ac3a9ff40c183619445326') in 0.0236374 seconds
Number of updated asset objects reloaded before import = 0Number of asset objects unloaded after import = 1

========================================================================
Received Import Request.
  Time since last request: 0.000097 seconds.
  path: Assets/HDRPFurniturePack/Rug_High_Pile_Grey/Models
  artifactKey: Guid(d4b7375378231864daee11daeb0572c9) Importer(2089858483,192608db42251d675da83286b1cce702)
Start importing Assets/HDRPFurniturePack/Rug_High_Pile_Grey/Models using Guid(d4b7375378231864daee11daeb0572c9) Importer(2089858483,192608db42251d675da83286b1cce702) (ScriptedImporter) -> (artifact id: '39d8511caadd54bf4216d69112b6260e') in 0.0251982 seconds
Number of updated asset objects reloaded before import = 0Number of asset objects unloaded after import = 1

========================================================================
Received Import Request.
  Time since last request: 0.000069 seconds.
  path: Assets/Забор/color_0.317647-0.317647-0.317647.jpg
  artifactKey: Guid(4743f816903b837469da4f0b06de5bed) Importer(2089858483,192608db42251d675da83286b1cce702)
Start importing Assets/Забор/color_0.317647-0.317647-0.317647.jpg using Guid(4743f816903b837469da4f0b06de5bed) Importer(2089858483,192608db42251d675da83286b1cce702) (ScriptedImporter) -> (artifact id: 'a6ecefe8bd42cbfc2fa204d9ccd6a8be') in 0.0352314 seconds
Number of updated asset objects reloaded before import = 0Number of asset objects unloaded after import = 1

========================================================================
Received Import Request.
  Time since last request: 0.000194 seconds.
  path: Assets/Brick Project Studio/_BPS Basic Assets/Common/Scripts and Animations/Drawer
  artifactKey: Guid(d9c73e9798b69d04da8296ecc1cb4dc8) Importer(2089858483,192608db42251d675da83286b1cce702)
Start importing Assets/Brick Project Studio/_BPS Basic Assets/Common/Scripts and Animations/Drawer using Guid(d9c73e9798b69d04da8296ecc1cb4dc8) Importer(2089858483,192608db42251d675da83286b1cce702) (ScriptedImporter) -> (artifact id: '362989c056064127f9b24df4e2783fb5') in 0.0273124 seconds
Number of updated asset objects reloaded before import = 0Number of asset objects unloaded after import = 1

========================================================================
Received Import Request.
  Time since last request: 0.000323 seconds.
  path: Assets/nappin/OfficeEssentialsPack
  artifactKey: Guid(840384f76e0ba6143986b2d0c6c50094) Importer(2089858483,192608db42251d675da83286b1cce702)
Start importing Assets/nappin/OfficeEssentialsPack using Guid(840384f76e0ba6143986b2d0c6c50094) Importer(2089858483,192608db42251d675da83286b1cce702) (ScriptedImporter) -> (artifact id: 'ebfb9f115543216924f56eb833ab38e1') in 0.0242736 seconds
Number of updated asset objects reloaded before import = 0Number of asset objects unloaded after import = 1

========================================================================
Received Import Request.
  Time since last request: 0.000349 seconds.
  path: Assets/Brick Project Studio/Apartment Kit/_Prefabs/Furniture/Kitchen/Appliances
  artifactKey: Guid(9d1b8e8288d67e24fa563a8d19b1684f) Importer(2089858483,192608db42251d675da83286b1cce702)
Start importing Assets/Brick Project Studio/Apartment Kit/_Prefabs/Furniture/Kitchen/Appliances using Guid(9d1b8e8288d67e24fa563a8d19b1684f) Importer(2089858483,192608db42251d675da83286b1cce702) (ScriptedImporter) -> (artifact id: 'b96591a52bb07495c4bdce78c27b4fc9') in 0.0296674 seconds
Number of updated asset objects reloaded before import = 0Number of asset objects unloaded after import = 1

========================================================================
Received Import Request.
  Time since last request: 0.000164 seconds.
  path: Assets/UnityTechnologies
  artifactKey: Guid(ad93702a0f1694b079a6139c8a082eac) Importer(2089858483,192608db42251d675da83286b1cce702)
Start importing Assets/UnityTechnologies using Guid(ad93702a0f1694b079a6139c8a082eac) Importer(2089858483,192608db42251d675da83286b1cce702) (ScriptedImporter) -> (artifact id: '8d50fdf3f4a0410bfdf5547417e1d532') in 0.0276999 seconds
Number of updated asset objects reloaded before import = 0Number of asset objects unloaded after import = 1

========================================================================
Received Import Request.
  Time since last request: 0.000168 seconds.
  path: Assets/UnityTechnologies/Basic Asset Pack Interior/Prefabs/Walls
  artifactKey: Guid(ab474240f5a71994aad6146347af8e4d) Importer(2089858483,192608db42251d675da83286b1cce702)
Start importing Assets/UnityTechnologies/Basic Asset Pack Interior/Prefabs/Walls using Guid(ab474240f5a71994aad6146347af8e4d) Importer(2089858483,192608db42251d675da83286b1cce702) (ScriptedImporter) -> (artifact id: '77f2a9dd3db065cbea9b5192e5529c5e') in 0.0242688 seconds
Number of updated asset objects reloaded before import = 0Number of asset objects unloaded after import = 1

========================================================================
Received Import Request.
  Time since last request: 0.000249 seconds.
  path: Assets/Brick Project Studio/Apartment Kit/_Prefabs/Furniture/Bedroom
  artifactKey: Guid(226296606f5d6a7448cfcc5294e66b37) Importer(2089858483,192608db42251d675da83286b1cce702)
Start importing Assets/Brick Project Studio/Apartment Kit/_Prefabs/Furniture/Bedroom using Guid(226296606f5d6a7448cfcc5294e66b37) Importer(2089858483,192608db42251d675da83286b1cce702) (ScriptedImporter) -> (artifact id: '3ecdf49d491dbc74aad6dcc43651fac9') in 0.028302 seconds
Number of updated asset objects reloaded before import = 0Number of asset objects unloaded after import = 1

========================================================================
Received Import Request.
  Time since last request: 0.000179 seconds.
  path: Assets/UnityTechnologies/Basic Asset Pack Interior/Prefabs
  artifactKey: Guid(07a6522945a10e143b02c8429cff6011) Importer(2089858483,192608db42251d675da83286b1cce702)
Start importing Assets/UnityTechnologies/Basic Asset Pack Interior/Prefabs using Guid(07a6522945a10e143b02c8429cff6011) Importer(2089858483,192608db42251d675da83286b1cce702) (ScriptedImporter) -> (artifact id: '7f2bf535f0784a0a847ddb0981d23d3e') in 0.0232316 seconds
Number of updated asset objects reloaded before import = 0Number of asset objects unloaded after import = 1

========================================================================
Received Import Request.
  Time since last request: 0.000237 seconds.
  path: Assets/Brick Project Studio/Apartment Kit/_Prefabs
  artifactKey: Guid(3311df2ab1633d845bde5691f2f600f1) Importer(2089858483,192608db42251d675da83286b1cce702)
Start importing Assets/Brick Project Studio/Apartment Kit/_Prefabs using Guid(3311df2ab1633d845bde5691f2f600f1) Importer(2089858483,192608db42251d675da83286b1cce702) (ScriptedImporter) -> (artifact id: '6fa47aa784d5e513b35e8f6b99a8def3') in 0.0291738 seconds
Number of updated asset objects reloaded before import = 0Number of asset objects unloaded after import = 1

========================================================================
Received Import Request.
  Time since last request: 0.000252 seconds.
  path: Assets/asset_store
  artifactKey: Guid(2d981bac8f34599458cbc8a69b1d24b0) Importer(2089858483,192608db42251d675da83286b1cce702)
Start importing Assets/asset_store using Guid(2d981bac8f34599458cbc8a69b1d24b0) Importer(2089858483,192608db42251d675da83286b1cce702) (ScriptedImporter) -> (artifact id: '307db5d2933e1988389aad881c97c15a') in 0.0228484 seconds
Number of updated asset objects reloaded before import = 0Number of asset objects unloaded after import = 1

========================================================================
Received Import Request.
  Time since last request: 0.000110 seconds.
  path: Assets/Brick Project Studio/_BPS Basic Assets/_Prefabs
  artifactKey: Guid(1e9199c64cc88b84683c529b383da19c) Importer(2089858483,192608db42251d675da83286b1cce702)
Start importing Assets/Brick Project Studio/_BPS Basic Assets/_Prefabs using Guid(1e9199c64cc88b84683c529b383da19c) Importer(2089858483,192608db42251d675da83286b1cce702) (ScriptedImporter) -> (artifact id: '64ddaa9d6da4e90e99a93fdb077ab559') in 0.0267842 seconds
Number of updated asset objects reloaded before import = 0Number of asset objects unloaded after import = 1

========================================================================
Received Import Request.
  Time since last request: 0.000031 seconds.
  path: Assets/Brick Project Studio/Apartment Kit/_Prefabs/Props/Wine Liquor Beer and Glassware - Sample
  artifactKey: Guid(bfea097eda748e445af72b19baa5540e) Importer(2089858483,192608db42251d675da83286b1cce702)
Start importing Assets/Brick Project Studio/Apartment Kit/_Prefabs/Props/Wine Liquor Beer and Glassware - Sample using Guid(bfea097eda748e445af72b19baa5540e) Importer(2089858483,192608db42251d675da83286b1cce702) (ScriptedImporter) -> (artifact id: '847876b34f8d3739ba664afee5948ff7') in 0.0321727 seconds
Number of updated asset objects reloaded before import = 0Number of asset objects unloaded after import = 1

========================================================================
Received Import Request.
  Time since last request: 0.000224 seconds.
  path: Assets/3Dfrk/Frames with pictures/Meshes
  artifactKey: Guid(e4f035c9d180f3649bf3d9a103b80b72) Importer(2089858483,192608db42251d675da83286b1cce702)
Start importing Assets/3Dfrk/Frames with pictures/Meshes using Guid(e4f035c9d180f3649bf3d9a103b80b72) Importer(2089858483,192608db42251d675da83286b1cce702) (ScriptedImporter) -> (artifact id: '6e08d8e80d441ef3964fe98959b3bec6') in 0.0352199 seconds
Number of updated asset objects reloaded before import = 0Number of asset objects unloaded after import = 1

========================================================================
Received Import Request.
  Time since last request: 0.000284 seconds.
  path: Assets/Brick Project Studio/Apartment Kit
  artifactKey: Guid(6315d9097f0ef714cb63b945663ecbb3) Importer(2089858483,192608db42251d675da83286b1cce702)
Start importing Assets/Brick Project Studio/Apartment Kit using Guid(6315d9097f0ef714cb63b945663ecbb3) Importer(2089858483,192608db42251d675da83286b1cce702) (ScriptedImporter) -> (artifact id: '6c07e67b63e747fb2d94a634591fd3ba') in 0.0348381 seconds
Number of updated asset objects reloaded before import = 0Number of asset objects unloaded after import = 1

========================================================================
Received Import Request.
  Time since last request: 0.000312 seconds.
  path: Assets/Brick Project Studio/_BPS Basic Assets/Common/Scripts and Animations/Drawer/X Axis
  artifactKey: Guid(f1acf12a24073c140ad0a7dc9cfd6b31) Importer(2089858483,192608db42251d675da83286b1cce702)
Start importing Assets/Brick Project Studio/_BPS Basic Assets/Common/Scripts and Animations/Drawer/X Axis using Guid(f1acf12a24073c140ad0a7dc9cfd6b31) Importer(2089858483,192608db42251d675da83286b1cce702) (ScriptedImporter) -> (artifact id: 'e8128fb64d6720146a3f43346d89bc17') in 0.0315755 seconds
Number of updated asset objects reloaded before import = 0Number of asset objects unloaded after import = 1

========================================================================
Received Import Request.
  Time since last request: 0.000049 seconds.
  path: Assets/asset_store/key_lock/textures/lock
  artifactKey: Guid(be338f46c2ea3034baeaae569b006157) Importer(2089858483,192608db42251d675da83286b1cce702)
Start importing Assets/asset_store/key_lock/textures/lock using Guid(be338f46c2ea3034baeaae569b006157) Importer(2089858483,192608db42251d675da83286b1cce702) (ScriptedImporter) -> (artifact id: 'db43bd09b334dad24b397f374f356535') in 0.0292275 seconds
Number of updated asset objects reloaded before import = 0Number of asset objects unloaded after import = 1

========================================================================
Received Import Request.
  Time since last request: 0.000188 seconds.
  path: Assets/asset_store/key_lock/textures/key/Materials
  artifactKey: Guid(d3ee7b0401be3b048a691040eb1d5a63) Importer(2089858483,192608db42251d675da83286b1cce702)
Start importing Assets/asset_store/key_lock/textures/key/Materials using Guid(d3ee7b0401be3b048a691040eb1d5a63) Importer(2089858483,192608db42251d675da83286b1cce702) (ScriptedImporter) -> (artifact id: '74d89e0a5930fe6e20b32fbda04c3e37') in 0.0295316 seconds
Number of updated asset objects reloaded before import = 0Number of asset objects unloaded after import = 1

========================================================================
Received Import Request.
  Time since last request: 0.000091 seconds.
  path: Assets/Brick Project Studio/Apartment Kit/_Prefabs/Furniture/Bathroom
  artifactKey: Guid(30fe921ee9d943c428556539bba76b97) Importer(2089858483,192608db42251d675da83286b1cce702)
Start importing Assets/Brick Project Studio/Apartment Kit/_Prefabs/Furniture/Bathroom using Guid(30fe921ee9d943c428556539bba76b97) Importer(2089858483,192608db42251d675da83286b1cce702) (ScriptedImporter) -> (artifact id: '421dca03f4ed81cc2f9eacc12ec8d6c4') in 0.0247835 seconds
Number of updated asset objects reloaded before import = 0Number of asset objects unloaded after import = 1

========================================================================
Received Import Request.
  Time since last request: 0.000162 seconds.
  path: Assets/TutorialInfo/Icons
  artifactKey: Guid(8a0c9218a650547d98138cd835033977) Importer(2089858483,192608db42251d675da83286b1cce702)
Start importing Assets/TutorialInfo/Icons using Guid(8a0c9218a650547d98138cd835033977) Importer(2089858483,192608db42251d675da83286b1cce702) (ScriptedImporter) -> (artifact id: '6563c3f1c2a940c232ef4b1a11a71a87') in 0.0257902 seconds
Number of updated asset objects reloaded before import = 0Number of asset objects unloaded after import = 1

========================================================================
Received Import Request.
  Time since last request: 0.000193 seconds.
  path: Assets/MC old wood free sample/texture/wood 0911-01A_SPEC.png
  artifactKey: Guid(84eee869eb9d7db45925eba50d66b9ca) Importer(2089858483,192608db42251d675da83286b1cce702)
Start importing Assets/MC old wood free sample/texture/wood 0911-01A_SPEC.png using Guid(84eee869eb9d7db45925eba50d66b9ca) Importer(2089858483,192608db42251d675da83286b1cce702) (ScriptedImporter) -> (artifact id: '7d488d3a82c3e1a35046907c666c8e12') in 0.0415732 seconds
Number of updated asset objects reloaded before import = 0Number of asset objects unloaded after import = 1

========================================================================
Received Import Request.
  Time since last request: 0.000058 seconds.
  path: Assets/UnityTechnologies/Basic Asset Pack Interior/Models/Walls
  artifactKey: Guid(cefdb150a71df7048a21ef8267db612c) Importer(2089858483,192608db42251d675da83286b1cce702)
Start importing Assets/UnityTechnologies/Basic Asset Pack Interior/Models/Walls using Guid(cefdb150a71df7048a21ef8267db612c) Importer(2089858483,192608db42251d675da83286b1cce702) (ScriptedImporter) -> (artifact id: '0871a4db5f52f4eafc188a351989a12b') in 0.028537 seconds
Number of updated asset objects reloaded before import = 0Number of asset objects unloaded after import = 1

========================================================================
Received Import Request.
  Time since last request: 0.000178 seconds.
  path: Assets/ExtrudeMeshAlongBezierTool/Examples
  artifactKey: Guid(20e279b7ec858524faf232e82393032d) Importer(2089858483,192608db42251d675da83286b1cce702)
Start importing Assets/ExtrudeMeshAlongBezierTool/Examples using Guid(20e279b7ec858524faf232e82393032d) Importer(2089858483,192608db42251d675da83286b1cce702) (ScriptedImporter) -> (artifact id: '0d142725acb66a846852f9b4a489ce8e') in 0.0258706 seconds
Number of updated asset objects reloaded before import = 0Number of asset objects unloaded after import = 1

========================================================================
Received Import Request.
  Time since last request: 0.000336 seconds.
  path: Assets/DEMO/Standard Assets/Effects/ImageEffects/Shaders/_Antialiasing/FXAA3Console.shader
  artifactKey: Guid(c547503fff0e8482ea5793727057041c) Importer(2089858483,192608db42251d675da83286b1cce702)
Start importing Assets/DEMO/Standard Assets/Effects/ImageEffects/Shaders/_Antialiasing/FXAA3Console.shader using Guid(c547503fff0e8482ea5793727057041c) Importer(2089858483,192608db42251d675da83286b1cce702) (ScriptedImporter) -> (artifact id: 'd642791843efcbbf216f0c5e1ecca467') in 0.0248326 seconds
Number of updated asset objects reloaded before import = 0Number of asset objects unloaded after import = 1

========================================================================
Received Import Request.
  Time since last request: 0.000231 seconds.
  path: Assets/Scenes
  artifactKey: Guid(9c53962885c2c4f449125a979d6ad240) Importer(2089858483,192608db42251d675da83286b1cce702)
Start importing Assets/Scenes using Guid(9c53962885c2c4f449125a979d6ad240) Importer(2089858483,192608db42251d675da83286b1cce702) (ScriptedImporter) -> (artifact id: 'b8562a31a6701d72f40a4695f97b91c9') in 0.0267611 seconds
Number of updated asset objects reloaded before import = 0Number of asset objects unloaded after import = 1

========================================================================
Received Import Request.
  Time since last request: 0.000040 seconds.
  path: Assets/asset_store/key_lock
  artifactKey: Guid(4587e4bab34c7414fa54af700019a3a9) Importer(2089858483,192608db42251d675da83286b1cce702)
Start importing Assets/asset_store/key_lock using Guid(4587e4bab34c7414fa54af700019a3a9) Importer(2089858483,192608db42251d675da83286b1cce702) (ScriptedImporter) -> (artifact id: '6dff0d774d72bae25c51ab448be810da') in 0.02399 seconds
Number of updated asset objects reloaded before import = 0Number of asset objects unloaded after import = 1

========================================================================
Received Import Request.
  Time since last request: 0.000139 seconds.
  path: Assets/Brick Project Studio/Apartment Kit/_Prefabs/Furniture/Living Room
  artifactKey: Guid(53e140c5a0581424493108af1eb65836) Importer(2089858483,192608db42251d675da83286b1cce702)
Start importing Assets/Brick Project Studio/Apartment Kit/_Prefabs/Furniture/Living Room using Guid(53e140c5a0581424493108af1eb65836) Importer(2089858483,192608db42251d675da83286b1cce702) (ScriptedImporter) -> (artifact id: 'c7076ecfb9f60383cefadfe496efc927') in 0.0296723 seconds
Number of updated asset objects reloaded before import = 0Number of asset objects unloaded after import = 1

========================================================================
Received Import Request.
  Time since last request: 0.000420 seconds.
  path: Assets/Brick Project Studio/Apartment Kit/Common
  artifactKey: Guid(f258763b685e7924685dcc28219c17df) Importer(2089858483,192608db42251d675da83286b1cce702)
Start importing Assets/Brick Project Studio/Apartment Kit/Common using Guid(f258763b685e7924685dcc28219c17df) Importer(2089858483,192608db42251d675da83286b1cce702) (ScriptedImporter) -> (artifact id: 'bae087705191a5a3b78d415740a90204') in 0.0345443 seconds
Number of updated asset objects reloaded before import = 0Number of asset objects unloaded after import = 1

========================================================================
Received Import Request.
  Time since last request: 0.000223 seconds.
  path: Assets/Brick Project Studio/Apartment Kit/_Prefabs/Props
  artifactKey: Guid(02e76bb95b2116e42b266711b1f8545c) Importer(2089858483,192608db42251d675da83286b1cce702)
Start importing Assets/Brick Project Studio/Apartment Kit/_Prefabs/Props using Guid(02e76bb95b2116e42b266711b1f8545c) Importer(2089858483,192608db42251d675da83286b1cce702) (ScriptedImporter) -> (artifact id: 'fbec32b014312a4144b8d9cbb42bdbe2') in 0.0341663 seconds
Number of updated asset objects reloaded before import = 0Number of asset objects unloaded after import = 1

========================================================================
Received Import Request.
  Time since last request: 0.000144 seconds.
  path: Assets/asset_store/key_lock/material
  artifactKey: Guid(795ede00665c54b47a7ff37f86c53295) Importer(2089858483,192608db42251d675da83286b1cce702)
Start importing Assets/asset_store/key_lock/material using Guid(795ede00665c54b47a7ff37f86c53295) Importer(2089858483,192608db42251d675da83286b1cce702) (ScriptedImporter) -> (artifact id: 'facc6fa74903e1be9f6dcaf203d252cb') in 0.0294566 seconds
Number of updated asset objects reloaded before import = 0Number of asset objects unloaded after import = 1

========================================================================
Received Import Request.
  Time since last request: 0.000275 seconds.
  path: Assets/HDRPFurniturePack/Curtain/Models/Curtain_240x140.fbx
  artifactKey: Guid(b9ad5a30f6ddfb04ead4a475b2911054) Importer(2089858483,192608db42251d675da83286b1cce702)
Start importing Assets/HDRPFurniturePack/Curtain/Models/Curtain_240x140.fbx using Guid(b9ad5a30f6ddfb04ead4a475b2911054) Importer(2089858483,192608db42251d675da83286b1cce702) (ScriptedImporter) -> (artifact id: '33ce388310f57e5ecbd11ee31c155870') in 0.0661279 seconds
Number of updated asset objects reloaded before import = 0Number of asset objects unloaded after import = 7

========================================================================
Received Import Request.
  Time since last request: 0.000040 seconds.
  path: Assets/PolyOne/Cobwebs Pack/Prefabs/SM_Cobwebs_13.prefab
  artifactKey: Guid(d983a59476287384481d0b60b3e62c98) Importer(2089858483,192608db42251d675da83286b1cce702)
Start importing Assets/PolyOne/Cobwebs Pack/Prefabs/SM_Cobwebs_13.prefab using Guid(d983a59476287384481d0b60b3e62c98) Importer(2089858483,192608db42251d675da83286b1cce702) (ScriptedImporter) -> (artifact id: '48dcfdc4d6327fffd641c5111411206c') in 0.0788792 seconds
Number of updated asset objects reloaded before import = 0Number of asset objects unloaded after import = 8

========================================================================
Received Import Request.
  Time since last request: 0.000029 seconds.
  path: Assets/Scenes/Scripts
  artifactKey: Guid(223df3ff7516a1d4a827853e9ca9e695) Importer(2089858483,192608db42251d675da83286b1cce702)
Start importing Assets/Scenes/Scripts using Guid(223df3ff7516a1d4a827853e9ca9e695) Importer(2089858483,192608db42251d675da83286b1cce702) (ScriptedImporter) -> (artifact id: 'b844e2fe98afbe81c8655fd8934a0daf') in 0.0253847 seconds
Number of updated asset objects reloaded before import = 0Number of asset objects unloaded after import = 1

========================================================================
Received Import Request.
  Time since last request: 0.000273 seconds.
  path: Assets/Phoenix3D/P3D_Wallpaper_Carpet_and_CurtainFabric_Materials_Pack/Textures/Skybox
  artifactKey: Guid(4f32bd075e14b4349909526358286237) Importer(2089858483,192608db42251d675da83286b1cce702)
Start importing Assets/Phoenix3D/P3D_Wallpaper_Carpet_and_CurtainFabric_Materials_Pack/Textures/Skybox using Guid(4f32bd075e14b4349909526358286237) Importer(2089858483,192608db42251d675da83286b1cce702) (ScriptedImporter) -> (artifact id: '72ba84364837d250fe9c5e598b4e1449') in 0.0214954 seconds
Number of updated asset objects reloaded before import = 0Number of asset objects unloaded after import = 1

========================================================================
Received Import Request.
  Time since last request: 0.000217 seconds.
  path: Assets/Scenes/ZNS3D/Vintage Living Room Game Pack/Meshes/vase_1.fbx
  artifactKey: Guid(78e32fe7f6751714eaa12b5bc8b92f92) Importer(2089858483,192608db42251d675da83286b1cce702)
Start importing Assets/Scenes/ZNS3D/Vintage Living Room Game Pack/Meshes/vase_1.fbx using Guid(78e32fe7f6751714eaa12b5bc8b92f92) Importer(2089858483,192608db42251d675da83286b1cce702) (ScriptedImporter) -> (artifact id: '8b5f10b239e7d55d2ec5dcb51542ac6a') in 0.0348363 seconds
Number of updated asset objects reloaded before import = 0Number of asset objects unloaded after import = 10

========================================================================
Received Import Request.
  Time since last request: 0.000025 seconds.
  path: Assets/Scenes/ZNS3D/Vintage Living Room Game Pack/Meshes/vase_3.fbx
  artifactKey: Guid(9dfe8949ad56ab7439a5db5d2745db7c) Importer(2089858483,192608db42251d675da83286b1cce702)
Start importing Assets/Scenes/ZNS3D/Vintage Living Room Game Pack/Meshes/vase_3.fbx using Guid(9dfe8949ad56ab7439a5db5d2745db7c) Importer(2089858483,192608db42251d675da83286b1cce702) (ScriptedImporter) -> (artifact id: 'a3bd0ced6be54d783784d694c37522a0') in 0.0341156 seconds
Number of updated asset objects reloaded before import = 0Number of asset objects unloaded after import = 10

========================================================================
Received Import Request.
  Time since last request: 0.000023 seconds.
  path: Assets/PolyOne/Cobwebs Pack/Model/SM_Cobwebs_06.fbx
  artifactKey: Guid(9b077db4ed4ab9b4aa193de9c4efa04e) Importer(2089858483,192608db42251d675da83286b1cce702)
Start importing Assets/PolyOne/Cobwebs Pack/Model/SM_Cobwebs_06.fbx using Guid(9b077db4ed4ab9b4aa193de9c4efa04e) Importer(2089858483,192608db42251d675da83286b1cce702) (ScriptedImporter) -> (artifact id: '5414eb45a78ecd61f0c3729d0f74c01f') in 0.0353537 seconds
Number of updated asset objects reloaded before import = 0Number of asset objects unloaded after import = 8

========================================================================
Received Import Request.
  Time since last request: 0.000034 seconds.
  path: Assets/Scenes/ZNS3D/Vintage Living Room Game Pack/Meshes/book_6.fbx
  artifactKey: Guid(d8f5e1916fdecca4280e9f2d4c34fd9e) Importer(2089858483,192608db42251d675da83286b1cce702)
Start importing Assets/Scenes/ZNS3D/Vintage Living Room Game Pack/Meshes/book_6.fbx using Guid(d8f5e1916fdecca4280e9f2d4c34fd9e) Importer(2089858483,192608db42251d675da83286b1cce702) (ScriptedImporter) -> (artifact id: '0a2e14d651aeb8d43e49e99dcb4b355b') in 0.04022 seconds
Number of updated asset objects reloaded before import = 0Number of asset objects unloaded after import = 10

========================================================================
Received Import Request.
  Time since last request: 0.000041 seconds.
  path: Assets/NextGen Furniture Pack/Models/table_4.FBX
  artifactKey: Guid(bdbb5fd02f22b004a8038b92860b165a) Importer(2089858483,192608db42251d675da83286b1cce702)
Start importing Assets/NextGen Furniture Pack/Models/table_4.FBX using Guid(bdbb5fd02f22b004a8038b92860b165a) Importer(2089858483,192608db42251d675da83286b1cce702) (ScriptedImporter) -> (artifact id: '2126fe24743a51c6f4e5727727a54ad6') in 0.0567459 seconds
Number of updated asset objects reloaded before import = 0Number of asset objects unloaded after import = 7

========================================================================
Received Import Request.
  Time since last request: 0.000033 seconds.
  path: Assets/HDRPFurniturePack/Plant_Potted_Monstera_Deliciosa
  artifactKey: Guid(2634bfcb89da5b3439024fa0f76be265) Importer(2089858483,192608db42251d675da83286b1cce702)
Start importing Assets/HDRPFurniturePack/Plant_Potted_Monstera_Deliciosa using Guid(2634bfcb89da5b3439024fa0f76be265) Importer(2089858483,192608db42251d675da83286b1cce702) (ScriptedImporter) -> (artifact id: 'e86e9646e22d99c98c5ef1d998a15208') in 0.0274789 seconds
Number of updated asset objects reloaded before import = 0Number of asset objects unloaded after import = 1

========================================================================
Received Import Request.
  Time since last request: 0.000564 seconds.
  path: Assets/Tree_Packs
  artifactKey: Guid(3ddcbf5beefd7a3478412a00f1cb4752) Importer(2089858483,192608db42251d675da83286b1cce702)
Start importing Assets/Tree_Packs using Guid(3ddcbf5beefd7a3478412a00f1cb4752) Importer(2089858483,192608db42251d675da83286b1cce702) (ScriptedImporter) -> (artifact id: 'bcbf0fb6fdd414f895c4faf0cc40bc66') in 0.025699 seconds
Number of updated asset objects reloaded before import = 0Number of asset objects unloaded after import = 1

========================================================================
Received Import Request.
  Time since last request: 0.000027 seconds.
  path: Assets/HDRPFurniturePack/Decorative_Throw_Pillows
  artifactKey: Guid(d5536319c7b1a3446b426a61d277b141) Importer(2089858483,192608db42251d675da83286b1cce702)
Start importing Assets/HDRPFurniturePack/Decorative_Throw_Pillows using Guid(d5536319c7b1a3446b426a61d277b141) Importer(2089858483,192608db42251d675da83286b1cce702) (ScriptedImporter) -> (artifact id: 'b08e4f4a0fda7e75f227da37cfda1d49') in 0.0281873 seconds
Number of updated asset objects reloaded before import = 0Number of asset objects unloaded after import = 1

========================================================================
Received Import Request.
  Time since last request: 0.000142 seconds.
  path: Assets/HDRPFurniturePack/Sofa_SL03_Allemuir_Stirling/Models
  artifactKey: Guid(96cb948fe195e0a4b892a9a6b51e57bf) Importer(2089858483,192608db42251d675da83286b1cce702)
Start importing Assets/HDRPFurniturePack/Sofa_SL03_Allemuir_Stirling/Models using Guid(96cb948fe195e0a4b892a9a6b51e57bf) Importer(2089858483,192608db42251d675da83286b1cce702) (ScriptedImporter) -> (artifact id: '8c8d5ff2d16797b7682a84ce7ddf350b') in 0.0263471 seconds
Number of updated asset objects reloaded before import = 0Number of asset objects unloaded after import = 1

========================================================================
Received Import Request.
  Time since last request: 0.000221 seconds.
  path: Assets/HDRPFurniturePack/Plant_Potted_Monstera_Deliciosa/Models
  artifactKey: Guid(e1ce3e2b5326a71428692bbf3d312714) Importer(2089858483,192608db42251d675da83286b1cce702)
Start importing Assets/HDRPFurniturePack/Plant_Potted_Monstera_Deliciosa/Models using Guid(e1ce3e2b5326a71428692bbf3d312714) Importer(2089858483,192608db42251d675da83286b1cce702) (ScriptedImporter) -> (artifact id: '3a289d25edefc078bd0c284560d5580d') in 0.0231356 seconds
Number of updated asset objects reloaded before import = 0Number of asset objects unloaded after import = 1

========================================================================
Received Import Request.
  Time since last request: 0.000159 seconds.
  path: Assets/Scenes/ZNS3D/Vintage Living Room Game Pack/Textures/Decors_2/decors_2_Mat_Decors_2_Normal.png
  artifactKey: Guid(9b772f37664ca2944bbca73b6a1dd36c) Importer(2089858483,192608db42251d675da83286b1cce702)
Start importing Assets/Scenes/ZNS3D/Vintage Living Room Game Pack/Textures/Decors_2/decors_2_Mat_Decors_2_Normal.png using Guid(9b772f37664ca2944bbca73b6a1dd36c) Importer(2089858483,192608db42251d675da83286b1cce702) (ScriptedImporter) -> (artifact id: '5797ebd06fb54ca2409cb6ed27453529') in 0.0361827 seconds
Number of updated asset objects reloaded before import = 0Number of asset objects unloaded after import = 1

========================================================================
Received Import Request.
  Time since last request: 0.000204 seconds.
  path: Assets/Scenes/ZNS3D/Vintage Living Room Game Pack/Meshes/ceiling_small.fbx
  artifactKey: Guid(12add6c454ec1314592235850b7760ed) Importer(2089858483,192608db42251d675da83286b1cce702)
Start importing Assets/Scenes/ZNS3D/Vintage Living Room Game Pack/Meshes/ceiling_small.fbx using Guid(12add6c454ec1314592235850b7760ed) Importer(2089858483,192608db42251d675da83286b1cce702) (ScriptedImporter) -> (artifact id: '1f19784765823ca631a845b9a696642e') in 0.0357767 seconds
Number of updated asset objects reloaded before import = 0Number of asset objects unloaded after import = 8

========================================================================
Received Import Request.
  Time since last request: 0.000032 seconds.
  path: Assets/ExtrudeMeshAlongBezierTool
  artifactKey: Guid(dfc9353ce39d9194191fc0a1cda68b90) Importer(2089858483,192608db42251d675da83286b1cce702)
Start importing Assets/ExtrudeMeshAlongBezierTool using Guid(dfc9353ce39d9194191fc0a1cda68b90) Importer(2089858483,192608db42251d675da83286b1cce702) (ScriptedImporter) -> (artifact id: 'd3200f1424e560185fd0743b51918ffd') in 0.0241062 seconds
Number of updated asset objects reloaded before import = 0Number of asset objects unloaded after import = 1

========================================================================
Received Import Request.
  Time since last request: 0.000068 seconds.
  path: Assets/danthaigames/DS Furniture Pack 01/PSDs/Bookshelf/BookShelf_UV_Layouts.psd
  artifactKey: Guid(0d69c262f84b2d149a19ca1890bd807d) Importer(2089858483,192608db42251d675da83286b1cce702)
Start importing Assets/danthaigames/DS Furniture Pack 01/PSDs/Bookshelf/BookShelf_UV_Layouts.psd using Guid(0d69c262f84b2d149a19ca1890bd807d) Importer(2089858483,192608db42251d675da83286b1cce702) (ScriptedImporter) -> (artifact id: '8e28735d2ab2139927ac2fa0a2ac8f31') in 0.0340463 seconds
Number of updated asset objects reloaded before import = 0Number of asset objects unloaded after import = 1

========================================================================
Received Import Request.
  Time since last request: 0.000168 seconds.
  path: Assets/JJ_InteriorDoorPack_V1/Materials/Knobs/mat_doorKnob_brass.mat
  artifactKey: Guid(f5ff2560e39df5b4db5703fd2fcabd3f) Importer(2089858483,192608db42251d675da83286b1cce702)
Start importing Assets/JJ_InteriorDoorPack_V1/Materials/Knobs/mat_doorKnob_brass.mat using Guid(f5ff2560e39df5b4db5703fd2fcabd3f) Importer(2089858483,192608db42251d675da83286b1cce702) (ScriptedImporter) -> (artifact id: 'fd1bbbe7a5ef9a87b99214c73612d0ca') in 0.0308403 seconds
Number of updated asset objects reloaded before import = 0Number of asset objects unloaded after import = 4

========================================================================
Received Import Request.
  Time since last request: 0.000031 seconds.
  path: Assets/GVOZDY/Cardboard Boxes with Tape/Materials/T_box2_brown_MetallicSmoothness.mat
  artifactKey: Guid(ab04c15665b97de4b90a3e947a7a627b) Importer(2089858483,192608db42251d675da83286b1cce702)
Start importing Assets/GVOZDY/Cardboard Boxes with Tape/Materials/T_box2_brown_MetallicSmoothness.mat using Guid(ab04c15665b97de4b90a3e947a7a627b) Importer(2089858483,192608db42251d675da83286b1cce702) (ScriptedImporter) -> (artifact id: '1231782e58471761fd278f86ca727a5f') in 0.0334674 seconds
Number of updated asset objects reloaded before import = 0Number of asset objects unloaded after import = 2

========================================================================
Received Import Request.
  Time since last request: 0.000039 seconds.
  path: Assets/Scenes/ZNS3D/Vintage Living Room Game Pack/Textures/Furnitures_1/furnitures_1_Mat_Furnitures_1_BaseColor.png
  artifactKey: Guid(3e47c6f284d21ca4cb1f80f71bf383a7) Importer(2089858483,192608db42251d675da83286b1cce702)
Start importing Assets/Scenes/ZNS3D/Vintage Living Room Game Pack/Textures/Furnitures_1/furnitures_1_Mat_Furnitures_1_BaseColor.png using Guid(3e47c6f284d21ca4cb1f80f71bf383a7) Importer(2089858483,192608db42251d675da83286b1cce702) (ScriptedImporter) -> (artifact id: 'd7c9fda3ff0e0b62aaf924e1d936765f') in 0.0398208 seconds
Number of updated asset objects reloaded before import = 0Number of asset objects unloaded after import = 1

========================================================================
Received Import Request.
  Time since last request: 0.000197 seconds.
  path: Assets/Забор/color_0.839216-0.839216-0.839216.jpg
  artifactKey: Guid(7e25badb5e0eb034b9875975d5731f59) Importer(2089858483,192608db42251d675da83286b1cce702)
Start importing Assets/Забор/color_0.839216-0.839216-0.839216.jpg using Guid(7e25badb5e0eb034b9875975d5731f59) Importer(2089858483,192608db42251d675da83286b1cce702) (ScriptedImporter) -> (artifact id: '3e819c1e83022779e6a0f67eb5836b16') in 0.0319587 seconds
Number of updated asset objects reloaded before import = 0Number of asset objects unloaded after import = 1

========================================================================
Received Import Request.
  Time since last request: 0.000269 seconds.
  path: Assets/SourceFiles/StarterAssets/ThirdPersonController/Character/Animations/Locomotion--Walk_N_Land.anim.fbx
  artifactKey: Guid(325a26d62b61fa94cb3c97c435efebc5) Importer(2089858483,192608db42251d675da83286b1cce702)
Start importing Assets/SourceFiles/StarterAssets/ThirdPersonController/Character/Animations/Locomotion--Walk_N_Land.anim.fbx using Guid(325a26d62b61fa94cb3c97c435efebc5) Importer(2089858483,192608db42251d675da83286b1cce702) (ScriptedImporter) -> (artifact id: '9d75666e0ad5147fc916b28c3f17bcfc') in 0.0306378 seconds
Number of updated asset objects reloaded before import = 0Number of asset objects unloaded after import = 144

========================================================================
Received Import Request.
  Time since last request: 0.000027 seconds.
  path: Assets/_Tea&coffe_service/Model
  artifactKey: Guid(4ad8d34ac2e27bf4e93e9a3893320c0e) Importer(2089858483,192608db42251d675da83286b1cce702)
Start importing Assets/_Tea&coffe_service/Model using Guid(4ad8d34ac2e27bf4e93e9a3893320c0e) Importer(2089858483,192608db42251d675da83286b1cce702) (ScriptedImporter) -> (artifact id: '49ec08e55318b347a9de6c0a483f5862') in 0.0241717 seconds
Number of updated asset objects reloaded before import = 0Number of asset objects unloaded after import = 1

========================================================================
Received Import Request.
  Time since last request: 0.000319 seconds.
  path: Assets/Tree_Packs/URP_Tree_Pack/Models/URP_Tree_1/URP_Tree_1_LOD_3.fbx
  artifactKey: Guid(690b2391c32f7744eb70ac3f0795c1eb) Importer(2089858483,192608db42251d675da83286b1cce702)
Start importing Assets/Tree_Packs/URP_Tree_Pack/Models/URP_Tree_1/URP_Tree_1_LOD_3.fbx using Guid(690b2391c32f7744eb70ac3f0795c1eb) Importer(2089858483,192608db42251d675da83286b1cce702) (ScriptedImporter) -> (artifact id: 'ca068eac622eafbb4e35083df9d0f388') in 0.0339426 seconds
Number of updated asset objects reloaded before import = 0Number of asset objects unloaded after import = 9

========================================================================
Received Import Request.
  Time since last request: 0.000034 seconds.
  path: Assets/HDRPFurniturePack/Coffee_Table_Books/Models/Coffee_Table_Books.fbx
  artifactKey: Guid(5bb3f8a9fa8f5fc4c984867835a018b6) Importer(2089858483,192608db42251d675da83286b1cce702)
Start importing Assets/HDRPFurniturePack/Coffee_Table_Books/Models/Coffee_Table_Books.fbx using Guid(5bb3f8a9fa8f5fc4c984867835a018b6) Importer(2089858483,192608db42251d675da83286b1cce702) (ScriptedImporter) -> (artifact id: 'c5234dfafb35d765d577b160f903d60d') in 0.0555149 seconds
Number of updated asset objects reloaded before import = 0Number of asset objects unloaded after import = 7

========================================================================
Received Import Request.
  Time since last request: 0.000042 seconds.
  path: Assets/JJ_InteriorDoorPack_V1/Textures/T_intDoorWhite_MS.png
  artifactKey: Guid(979672cde837faa48a1a2f640d0f1954) Importer(2089858483,192608db42251d675da83286b1cce702)
Start importing Assets/JJ_InteriorDoorPack_V1/Textures/T_intDoorWhite_MS.png using Guid(979672cde837faa48a1a2f640d0f1954) Importer(2089858483,192608db42251d675da83286b1cce702) (ScriptedImporter) -> (artifact id: 'cac5ea28decefcdd17f050c620538130') in 0.032701 seconds
Number of updated asset objects reloaded before import = 0Number of asset objects unloaded after import = 1

========================================================================
Received Import Request.
  Time since last request: 0.000258 seconds.
  path: Assets/HighQualityBricks&Walls/Shaders/shading-671263.shader
  artifactKey: Guid(f9fa246e44c4031468fb93874b9ec91e) Importer(2089858483,192608db42251d675da83286b1cce702)
Start importing Assets/HighQualityBricks&Walls/Shaders/shading-671263.shader using Guid(f9fa246e44c4031468fb93874b9ec91e) Importer(2089858483,192608db42251d675da83286b1cce702) (ScriptedImporter) -> (artifact id: '14251b38b60c2c9772fd70040375e733') in 0.027235 seconds
Number of updated asset objects reloaded before import = 0Number of asset objects unloaded after import = 1

========================================================================
Received Import Request.
  Time since last request: 0.000039 seconds.
  path: Assets/HighQualityBricks&Walls/Scenes/Showcase Artistic/ReflectionProbe-0.exr
  artifactKey: Guid(3341e49d9bd3ee94288823dd5afc697e) Importer(2089858483,192608db42251d675da83286b1cce702)
Start importing Assets/HighQualityBricks&Walls/Scenes/Showcase Artistic/ReflectionProbe-0.exr using Guid(3341e49d9bd3ee94288823dd5afc697e) Importer(2089858483,192608db42251d675da83286b1cce702) (ScriptedImporter) -> (artifact id: '3854c91db3f672ddd99fe55f36a84e01') in 0.0540971 seconds
Number of updated asset objects reloaded before import = 0Number of asset objects unloaded after import = 1

========================================================================
Received Import Request.
  Time since last request: 119.213639 seconds.
  path: Assets/Scenes/Materials/Materials/4bb284e66b7e7eaf0f519c9601e0f5a6.mat
  artifactKey: Guid(6d566c1f81f906c4aa189024b1bb1a8f) Importer(2089858483,192608db42251d675da83286b1cce702)
Start importing Assets/Scenes/Materials/Materials/4bb284e66b7e7eaf0f519c9601e0f5a6.mat using Guid(6d566c1f81f906c4aa189024b1bb1a8f) Importer(2089858483,192608db42251d675da83286b1cce702) (ScriptedImporter) -> (artifact id: 'ab26d0c14a2eae175008bf1f41f39524') in 0.0397808 seconds
Number of updated asset objects reloaded before import = 0Number of asset objects unloaded after import = 1

========================================================================
Received Import Request.
  Time since last request: 0.000130 seconds.
  path: Assets/50 Fabric Materials_VOL01/Materials/T_HS_fabric_50_AlbedoTransparency 11.mat
  artifactKey: Guid(e9f9be8dd914bba4496c61a94cd3d1b2) Importer(2089858483,192608db42251d675da83286b1cce702)
Start importing Assets/50 Fabric Materials_VOL01/Materials/T_HS_fabric_50_AlbedoTransparency 11.mat using Guid(e9f9be8dd914bba4496c61a94cd3d1b2) Importer(2089858483,192608db42251d675da83286b1cce702) (ScriptedImporter) -> (artifact id: 'e44f633c84265bf08da178ad1c4f8a6b') in 0.0343817 seconds
Number of updated asset objects reloaded before import = 0Number of asset objects unloaded after import = 2

========================================================================
Received Import Request.
  Time since last request: 0.000021 seconds.
  path: Assets/UnityTechnologies/Basic Asset Pack Interior/Materials/StripesBeige.mat
  artifactKey: Guid(c13cdbe0c9bba8f40952f29c03590864) Importer(2089858483,192608db42251d675da83286b1cce702)
Start importing Assets/UnityTechnologies/Basic Asset Pack Interior/Materials/StripesBeige.mat using Guid(c13cdbe0c9bba8f40952f29c03590864) Importer(2089858483,192608db42251d675da83286b1cce702) (ScriptedImporter) -> (artifact id: '6d8489277e0fd9e19cb030ada5e810a4') in 0.0250029 seconds
Number of updated asset objects reloaded before import = 0Number of asset objects unloaded after import = 2

========================================================================
Received Import Request.
  Time since last request: 0.000035 seconds.
  path: Assets/3Dfrk/Frames with pictures/Materials/Paint_4.mat
  artifactKey: Guid(22906ca4e7c9d77429f7c2842d063e3e) Importer(2089858483,192608db42251d675da83286b1cce702)
Start importing Assets/3Dfrk/Frames with pictures/Materials/Paint_4.mat using Guid(22906ca4e7c9d77429f7c2842d063e3e) Importer(2089858483,192608db42251d675da83286b1cce702) (ScriptedImporter) -> (artifact id: '65298079022deec2f22001ebfce99369') in 0.0264011 seconds
Number of updated asset objects reloaded before import = 0Number of asset objects unloaded after import = 2

========================================================================
Received Import Request.
  Time since last request: 0.000029 seconds.
  path: Assets/Scenes/Materials/New Material 10.mat
  artifactKey: Guid(3ed349ce61e52b34090c7b15b2d3fdb3) Importer(2089858483,192608db42251d675da83286b1cce702)
Start importing Assets/Scenes/Materials/New Material 10.mat using Guid(3ed349ce61e52b34090c7b15b2d3fdb3) Importer(2089858483,192608db42251d675da83286b1cce702) (ScriptedImporter) -> (artifact id: '1a6aa57f8cee122dd55a460865a3dc84') in 0.0237407 seconds
Number of updated asset objects reloaded before import = 0Number of asset objects unloaded after import = 1

========================================================================
Received Import Request.
  Time since last request: 0.000081 seconds.
  path: Assets/50 Fabric Materials_VOL01/Materials/T_HS_fabric_50_AlbedoTransparency 12.mat
  artifactKey: Guid(dc3d24170fd1c5b4e836ddc60bce3b34) Importer(2089858483,192608db42251d675da83286b1cce702)
Start importing Assets/50 Fabric Materials_VOL01/Materials/T_HS_fabric_50_AlbedoTransparency 12.mat using Guid(dc3d24170fd1c5b4e836ddc60bce3b34) Importer(2089858483,192608db42251d675da83286b1cce702) (ScriptedImporter) -> (artifact id: 'd12a8b0021a1ac2fe1f6f183dcd28490') in 0.0287673 seconds
Number of updated asset objects reloaded before import = 0Number of asset objects unloaded after import = 2

========================================================================
Received Import Request.
  Time since last request: 0.000033 seconds.
  path: Assets/JJ_InteriorDoorPack_V1/Textures/Frames/Materials/intDoor_metalFrame_mat_intDoor_metalFrame_white_AlbedoTransparency.mat
  artifactKey: Guid(88f2dda86a17f7640a96122ff70914e0) Importer(2089858483,192608db42251d675da83286b1cce702)
Start importing Assets/JJ_InteriorDoorPack_V1/Textures/Frames/Materials/intDoor_metalFrame_mat_intDoor_metalFrame_white_AlbedoTransparency.mat using Guid(88f2dda86a17f7640a96122ff70914e0) Importer(2089858483,192608db42251d675da83286b1cce702) (ScriptedImporter) -> (artifact id: '33951dd0e31087f5642172cae6eca6ed') in 0.0281017 seconds
Number of updated asset objects reloaded before import = 0Number of asset objects unloaded after import = 2

========================================================================
Received Import Request.
  Time since last request: 0.000020 seconds.
  path: Assets/3Dfrk/Frames with pictures/Materials/Paint_3.mat
  artifactKey: Guid(7fd5267455a13f94596a279c5dc4538f) Importer(2089858483,192608db42251d675da83286b1cce702)
Start importing Assets/3Dfrk/Frames with pictures/Materials/Paint_3.mat using Guid(7fd5267455a13f94596a279c5dc4538f) Importer(2089858483,192608db42251d675da83286b1cce702) (ScriptedImporter) -> (artifact id: '45d5035b1d828384704e8c2b955b7138') in 0.0212818 seconds
Number of updated asset objects reloaded before import = 0Number of asset objects unloaded after import = 2

========================================================================
Received Import Request.
  Time since last request: 0.000027 seconds.
  path: Assets/UnityTechnologies/Basic Asset Pack Interior/Materials/WallGrey.mat
  artifactKey: Guid(9e8597a68e94e804d9874df594ebb10c) Importer(2089858483,192608db42251d675da83286b1cce702)
Start importing Assets/UnityTechnologies/Basic Asset Pack Interior/Materials/WallGrey.mat using Guid(9e8597a68e94e804d9874df594ebb10c) Importer(2089858483,192608db42251d675da83286b1cce702) (ScriptedImporter) -> (artifact id: '15095653160f634f9d73f6c9229c6c93') in 0.0333782 seconds
Number of updated asset objects reloaded before import = 0Number of asset objects unloaded after import = 2

========================================================================
Received Import Request.
  Time since last request: 0.000019 seconds.
  path: Assets/UnityTechnologies/Basic Asset Pack Interior/Materials/TrimSheetPurple.mat
  artifactKey: Guid(1129d8d1a7b3fa340bd265a35536bafe) Importer(2089858483,192608db42251d675da83286b1cce702)
Start importing Assets/UnityTechnologies/Basic Asset Pack Interior/Materials/TrimSheetPurple.mat using Guid(1129d8d1a7b3fa340bd265a35536bafe) Importer(2089858483,192608db42251d675da83286b1cce702) (ScriptedImporter) -> (artifact id: 'd639a25f73b9837f7a48640caf58cc06') in 0.0301616 seconds
Number of updated asset objects reloaded before import = 0Number of asset objects unloaded after import = 2

========================================================================
Received Import Request.
  Time since last request: 0.000034 seconds.
  path: Assets/UnityTechnologies/Basic Asset Pack Interior/Materials/PatternStripeGreenBlue.mat
  artifactKey: Guid(4dbfe01969382b44c98a833441d8d1ab) Importer(2089858483,192608db42251d675da83286b1cce702)
Start importing Assets/UnityTechnologies/Basic Asset Pack Interior/Materials/PatternStripeGreenBlue.mat using Guid(4dbfe01969382b44c98a833441d8d1ab) Importer(2089858483,192608db42251d675da83286b1cce702) (ScriptedImporter) -> (artifact id: '05037037658907ac875360b7d8ef75d0') in 0.0297518 seconds
Number of updated asset objects reloaded before import = 0Number of asset objects unloaded after import = 2

========================================================================
Received Import Request.
  Time since last request: 0.000018 seconds.
  path: Assets/JJ_InteriorDoorPack_V1/Textures/Knobs/Materials/intDoor_knob01_mat_doorKnob_MetallicSmoothness.mat
  artifactKey: Guid(fde0b01d1e75f14449209295e3f8cd21) Importer(2089858483,192608db42251d675da83286b1cce702)
Start importing Assets/JJ_InteriorDoorPack_V1/Textures/Knobs/Materials/intDoor_knob01_mat_doorKnob_MetallicSmoothness.mat using Guid(fde0b01d1e75f14449209295e3f8cd21) Importer(2089858483,192608db42251d675da83286b1cce702) (ScriptedImporter) -> (artifact id: 'bf3c395e89201274c8c8cee94e200af9') in 0.0252804 seconds
Number of updated asset objects reloaded before import = 0Number of asset objects unloaded after import = 2

========================================================================
Received Import Request.
  Time since last request: 0.000021 seconds.
  path: Assets/Scenes/Materials/Materials/wood-floor-pictures-1600-x-924-8g2yht1nyfcz0j0g.mat
  artifactKey: Guid(f3974a4d1e671c34d93f1e4648b16ba9) Importer(2089858483,192608db42251d675da83286b1cce702)
Start importing Assets/Scenes/Materials/Materials/wood-floor-pictures-1600-x-924-8g2yht1nyfcz0j0g.mat using Guid(f3974a4d1e671c34d93f1e4648b16ba9) Importer(2089858483,192608db42251d675da83286b1cce702) (ScriptedImporter) -> (artifact id: 'bf556bcaf82638b327a9ca8c88047e7e') in 0.0246956 seconds
Number of updated asset objects reloaded before import = 0Number of asset objects unloaded after import = 1

========================================================================
Received Import Request.
  Time since last request: 0.000139 seconds.
  path: Assets/50 Fabric Materials_VOL01/Materials/T_HS_fabric_50_AlbedoTransparency 14.mat
  artifactKey: Guid(ab778e4881ff50e4ea430a37d7943d65) Importer(2089858483,192608db42251d675da83286b1cce702)
Start importing Assets/50 Fabric Materials_VOL01/Materials/T_HS_fabric_50_AlbedoTransparency 14.mat using Guid(ab778e4881ff50e4ea430a37d7943d65) Importer(2089858483,192608db42251d675da83286b1cce702) (ScriptedImporter) -> (artifact id: '8c88d30f2c0a4d70cc3fe74626bd93e5') in 0.0370189 seconds
Number of updated asset objects reloaded before import = 0Number of asset objects unloaded after import = 2

========================================================================
Received Import Request.
  Time since last request: 0.000023 seconds.
  path: Assets/50 Fabric Materials_VOL01/Materials/T_HS_fabric_50_AlbedoTransparency 17.mat
  artifactKey: Guid(a17312945f86662409be4aababf4c028) Importer(2089858483,192608db42251d675da83286b1cce702)
Start importing Assets/50 Fabric Materials_VOL01/Materials/T_HS_fabric_50_AlbedoTransparency 17.mat using Guid(a17312945f86662409be4aababf4c028) Importer(2089858483,192608db42251d675da83286b1cce702) (ScriptedImporter) -> (artifact id: 'd6d955b01b44118fb7f60c452e533f9c') in 0.0323247 seconds
Number of updated asset objects reloaded before import = 0Number of asset objects unloaded after import = 2

========================================================================
Received Import Request.
  Time since last request: 0.000021 seconds.
  path: Assets/ExtrudeMeshAlongBezierTool/Examples/Materials/Materials/SimpleRoadTexture.mat
  artifactKey: Guid(f9c62d8a2a2d5634bbb6b7ad251dfb27) Importer(2089858483,192608db42251d675da83286b1cce702)
Start importing Assets/ExtrudeMeshAlongBezierTool/Examples/Materials/Materials/SimpleRoadTexture.mat using Guid(f9c62d8a2a2d5634bbb6b7ad251dfb27) Importer(2089858483,192608db42251d675da83286b1cce702) (ScriptedImporter) -> (artifact id: '62fcd0df917742f6856b095001f8c3ec') in 0.0314686 seconds
Number of updated asset objects reloaded before import = 0Number of asset objects unloaded after import = 2

========================================================================
Received Import Request.
  Time since last request: 0.000022 seconds.
  path: Assets/UnityTechnologies/Basic Asset Pack Interior/Materials/PatternSpotGreenBlue.mat
  artifactKey: Guid(c973da09dfcff7f4b9b2ef6c7074636d) Importer(2089858483,192608db42251d675da83286b1cce702)
Start importing Assets/UnityTechnologies/Basic Asset Pack Interior/Materials/PatternSpotGreenBlue.mat using Guid(c973da09dfcff7f4b9b2ef6c7074636d) Importer(2089858483,192608db42251d675da83286b1cce702) (ScriptedImporter) -> (artifact id: 'a6a5833f96bb926dc1c44ffacb14df3c') in 0.0243237 seconds
Number of updated asset objects reloaded before import = 0Number of asset objects unloaded after import = 2

========================================================================
Received Import Request.
  Time since last request: 0.000033 seconds.
  path: Assets/Scenes/Materials/New Material 2.mat
  artifactKey: Guid(5153901d5d3a4c94eac9feb5877c0c7c) Importer(2089858483,192608db42251d675da83286b1cce702)
Start importing Assets/Scenes/Materials/New Material 2.mat using Guid(5153901d5d3a4c94eac9feb5877c0c7c) Importer(2089858483,192608db42251d675da83286b1cce702) (ScriptedImporter) -> (artifact id: '422d7a4d3b16de149c0205ff96efb181') in 0.0229387 seconds
Number of updated asset objects reloaded before import = 0Number of asset objects unloaded after import = 1

========================================================================
Received Import Request.
  Time since last request: 0.000064 seconds.
  path: Assets/Scenes/Materials/New Material 9.mat
  artifactKey: Guid(aac821dc3d9062b4e88dbbac307ab5ae) Importer(2089858483,192608db42251d675da83286b1cce702)
Start importing Assets/Scenes/Materials/New Material 9.mat using Guid(aac821dc3d9062b4e88dbbac307ab5ae) Importer(2089858483,192608db42251d675da83286b1cce702) (ScriptedImporter) -> (artifact id: '07e0be561d58d77df29d78c1418b5d25') in 0.0224686 seconds
Number of updated asset objects reloaded before import = 0Number of asset objects unloaded after import = 1

========================================================================
Received Import Request.
  Time since last request: 0.000095 seconds.
  path: Assets/3Dfrk/Frames with pictures/Materials/Paint_11.mat
  artifactKey: Guid(6beeede1a278b6247b5cd49fc7f14427) Importer(2089858483,192608db42251d675da83286b1cce702)
Start importing Assets/3Dfrk/Frames with pictures/Materials/Paint_11.mat using Guid(6beeede1a278b6247b5cd49fc7f14427) Importer(2089858483,192608db42251d675da83286b1cce702) (ScriptedImporter) -> (artifact id: '410e49911961397027820448f20da069') in 0.0243378 seconds
Number of updated asset objects reloaded before import = 0Number of asset objects unloaded after import = 2

========================================================================
Received Import Request.
  Time since last request: 0.000019 seconds.
  path: Assets/3Dfrk/Frames with pictures/Materials/Paint_9.mat
  artifactKey: Guid(9e02967829037794c87ae173efc25338) Importer(2089858483,192608db42251d675da83286b1cce702)
Start importing Assets/3Dfrk/Frames with pictures/Materials/Paint_9.mat using Guid(9e02967829037794c87ae173efc25338) Importer(2089858483,192608db42251d675da83286b1cce702) (ScriptedImporter) -> (artifact id: 'a5d6e9068aaf9d67376945f6889daa01') in 0.0278177 seconds
Number of updated asset objects reloaded before import = 0Number of asset objects unloaded after import = 2

========================================================================
Received Import Request.
  Time since last request: 0.000022 seconds.
  path: Assets/UnityTechnologies/Basic Asset Pack Interior/Materials/Cream.mat
  artifactKey: Guid(3f6142e08336f4e46811b4f657bc9b94) Importer(2089858483,192608db42251d675da83286b1cce702)
Start importing Assets/UnityTechnologies/Basic Asset Pack Interior/Materials/Cream.mat using Guid(3f6142e08336f4e46811b4f657bc9b94) Importer(2089858483,192608db42251d675da83286b1cce702) (ScriptedImporter) -> (artifact id: '923d2002335cbcbba5f99b2c98b6066e') in 0.0244434 seconds
Number of updated asset objects reloaded before import = 0Number of asset objects unloaded after import = 1

========================================================================
Received Import Request.
  Time since last request: 0.000023 seconds.
  path: Assets/4K Tiled Ground Textures p2/Textures/concrete/Materials/concrete_10.mat
  artifactKey: Guid(978904251c531c04c89610d16af52245) Importer(2089858483,192608db42251d675da83286b1cce702)
Start importing Assets/4K Tiled Ground Textures p2/Textures/concrete/Materials/concrete_10.mat using Guid(978904251c531c04c89610d16af52245) Importer(2089858483,192608db42251d675da83286b1cce702) (ScriptedImporter) -> (artifact id: 'dabc5beaa4ce0da9999acf1b46e9e2eb') in 0.0570688 seconds
Number of updated asset objects reloaded before import = 0Number of asset objects unloaded after import = 2

========================================================================
Received Import Request.
  Time since last request: 0.000022 seconds.
  path: Assets/GVOZDY/Cardboard Boxes with Tape/Materials/T_box2_grey_MetallicSmoothness.mat
  artifactKey: Guid(ce06962d878d10b47851444806cb82df) Importer(2089858483,192608db42251d675da83286b1cce702)
Start importing Assets/GVOZDY/Cardboard Boxes with Tape/Materials/T_box2_grey_MetallicSmoothness.mat using Guid(ce06962d878d10b47851444806cb82df) Importer(2089858483,192608db42251d675da83286b1cce702) (ScriptedImporter) -> (artifact id: 'aeedfecd0ccceee30ad71deed54fd31a') in 0.0311593 seconds
Number of updated asset objects reloaded before import = 0Number of asset objects unloaded after import = 2

========================================================================
Received Import Request.
  Time since last request: 0.000030 seconds.
  path: Assets/UnityTechnologies/Basic Asset Pack Interior/Materials/WallPurple.mat
  artifactKey: Guid(991a2f3f1e99b1649b5c043cf6efe0d0) Importer(2089858483,192608db42251d675da83286b1cce702)
Start importing Assets/UnityTechnologies/Basic Asset Pack Interior/Materials/WallPurple.mat using Guid(991a2f3f1e99b1649b5c043cf6efe0d0) Importer(2089858483,192608db42251d675da83286b1cce702) (ScriptedImporter) -> (artifact id: '6c5219ecfa731db405b02e85ddd954ab') in 0.0273145 seconds
Number of updated asset objects reloaded before import = 0Number of asset objects unloaded after import = 2

========================================================================
Received Import Request.
  Time since last request: 0.000025 seconds.
  path: Assets/UnityTechnologies/Basic Asset Pack Interior/Materials/PatternSpotGreenSmall.mat
  artifactKey: Guid(a4ce96baccb03d24e8484ae0d02b6c3f) Importer(2089858483,192608db42251d675da83286b1cce702)
Start importing Assets/UnityTechnologies/Basic Asset Pack Interior/Materials/PatternSpotGreenSmall.mat using Guid(a4ce96baccb03d24e8484ae0d02b6c3f) Importer(2089858483,192608db42251d675da83286b1cce702) (ScriptedImporter) -> (artifact id: '97bb4f58ba0e838fbe0d8f120142959a') in 0.0271987 seconds
Number of updated asset objects reloaded before import = 0Number of asset objects unloaded after import = 2

========================================================================
Received Import Request.
  Time since last request: 0.000027 seconds.
  path: Assets/GVOZDY/Cardboard Boxes with Tape/Materials/T_box1_brown_AlbedoTransparency.mat
  artifactKey: Guid(d1aecdfe1705a8840801d868ae99285b) Importer(2089858483,192608db42251d675da83286b1cce702)
Start importing Assets/GVOZDY/Cardboard Boxes with Tape/Materials/T_box1_brown_AlbedoTransparency.mat using Guid(d1aecdfe1705a8840801d868ae99285b) Importer(2089858483,192608db42251d675da83286b1cce702) (ScriptedImporter) -> (artifact id: '88cf6fa91f5714688179afdae3bb6d3f') in 0.0520648 seconds
Number of updated asset objects reloaded before import = 0Number of asset objects unloaded after import = 2

========================================================================
Received Import Request.
  Time since last request: 0.000030 seconds.
  path: Assets/Pegasus Studios/Elegant Interior Decor 3D Models Pack/Resources/Materials/Polished Wood.mat
  artifactKey: Guid(1878dda277c71f74f9c87e17bd81cfeb) Importer(2089858483,192608db42251d675da83286b1cce702)
Start importing Assets/Pegasus Studios/Elegant Interior Decor 3D Models Pack/Resources/Materials/Polished Wood.mat using Guid(1878dda277c71f74f9c87e17bd81cfeb) Importer(2089858483,192608db42251d675da83286b1cce702) (ScriptedImporter) -> (artifact id: '97a612be1b5bafc6f5c5ec6c8c0cda31') in 0.0366736 seconds
Number of updated asset objects reloaded before import = 0Number of asset objects unloaded after import = 1

========================================================================
Received Import Request.
  Time since last request: 0.000172 seconds.
  path: Assets/Scenes/Materials/New Material 3.mat
  artifactKey: Guid(ebf2d985c473cc040b361ba132e7f111) Importer(2089858483,192608db42251d675da83286b1cce702)
Start importing Assets/Scenes/Materials/New Material 3.mat using Guid(ebf2d985c473cc040b361ba132e7f111) Importer(2089858483,192608db42251d675da83286b1cce702) (ScriptedImporter) -> (artifact id: '52443fd5a3d358865d926a9def69b3fa') in 0.026262 seconds
Number of updated asset objects reloaded before import = 0Number of asset objects unloaded after import = 1

========================================================================
Received Import Request.
  Time since last request: 0.000221 seconds.
  path: Assets/UnityTechnologies/Basic Asset Pack Interior/Materials/TrimSheetBlues.mat
  artifactKey: Guid(e4fdbc2bd3766404e99488c6115482f3) Importer(2089858483,192608db42251d675da83286b1cce702)
Start importing Assets/UnityTechnologies/Basic Asset Pack Interior/Materials/TrimSheetBlues.mat using Guid(e4fdbc2bd3766404e99488c6115482f3) Importer(2089858483,192608db42251d675da83286b1cce702) (ScriptedImporter) -> (artifact id: 'd29458daf64ac1f2e3ac7c896c61731d') in 0.0358402 seconds
Number of updated asset objects reloaded before import = 0Number of asset objects unloaded after import = 2

========================================================================
Received Import Request.
  Time since last request: 0.000025 seconds.
  path: Assets/50 Fabric Materials_VOL01/Materials/T_HS_fabric_50_AlbedoTransparency 19.mat
  artifactKey: Guid(486d084d783eaf94784d850e20f6af68) Importer(2089858483,192608db42251d675da83286b1cce702)
Start importing Assets/50 Fabric Materials_VOL01/Materials/T_HS_fabric_50_AlbedoTransparency 19.mat using Guid(486d084d783eaf94784d850e20f6af68) Importer(2089858483,192608db42251d675da83286b1cce702) (ScriptedImporter) -> (artifact id: '2eda6b040a8ccb5e4734046a76628c21') in 0.0284084 seconds
Number of updated asset objects reloaded before import = 0Number of asset objects unloaded after import = 2

========================================================================
Received Import Request.
  Time since last request: 0.000052 seconds.
  path: Assets/Pegasus Studios/Elegant Interior Decor 3D Models Pack/Resources/Materials/Door Handle Holder.mat
  artifactKey: Guid(058c953d52ee2404fa0926c8f0c4e387) Importer(2089858483,192608db42251d675da83286b1cce702)
Start importing Assets/Pegasus Studios/Elegant Interior Decor 3D Models Pack/Resources/Materials/Door Handle Holder.mat using Guid(058c953d52ee2404fa0926c8f0c4e387) Importer(2089858483,192608db42251d675da83286b1cce702) (ScriptedImporter) -> (artifact id: '1a32cbe71ece52d9eee223a0f8a5b3da') in 0.0264245 seconds
Number of updated asset objects reloaded before import = 0Number of asset objects unloaded after import = 1

========================================================================
Received Import Request.
  Time since last request: 0.000056 seconds.
  path: Assets/GVOZDY/Cardboard Boxes with Tape/Materials/T_box1_grey_AlbedoTransparency.mat
  artifactKey: Guid(6129179eefda5ad4b9c955552b4939b4) Importer(2089858483,192608db42251d675da83286b1cce702)
Start importing Assets/GVOZDY/Cardboard Boxes with Tape/Materials/T_box1_grey_AlbedoTransparency.mat using Guid(6129179eefda5ad4b9c955552b4939b4) Importer(2089858483,192608db42251d675da83286b1cce702) (ScriptedImporter) -> (artifact id: '155a2644f7548bb5017242643b8c52b5') in 0.0282818 seconds
Number of updated asset objects reloaded before import = 0Number of asset objects unloaded after import = 2

========================================================================
Received Import Request.
  Time since last request: 0.000022 seconds.
  path: Assets/UnityTechnologies/Basic Asset Pack Interior/Materials/PatternStripeGreen.mat
  artifactKey: Guid(f22528325483e2746a2c633d7a2ae22c) Importer(2089858483,192608db42251d675da83286b1cce702)
Start importing Assets/UnityTechnologies/Basic Asset Pack Interior/Materials/PatternStripeGreen.mat using Guid(f22528325483e2746a2c633d7a2ae22c) Importer(2089858483,192608db42251d675da83286b1cce702) (ScriptedImporter) -> (artifact id: '77e71c678980c15e1019603047a32672') in 0.0267513 seconds
Number of updated asset objects reloaded before import = 0Number of asset objects unloaded after import = 2

========================================================================
Received Import Request.
  Time since last request: 0.000029 seconds.
  path: Assets/Scenes/Materials/New Material 8.mat
  artifactKey: Guid(b6dbe12a9c714954b88ed59e43565afe) Importer(2089858483,192608db42251d675da83286b1cce702)
Start importing Assets/Scenes/Materials/New Material 8.mat using Guid(b6dbe12a9c714954b88ed59e43565afe) Importer(2089858483,192608db42251d675da83286b1cce702) (ScriptedImporter) -> (artifact id: '3570ffb2bb1ba67a90b6b9d15ab3bb79') in 0.0278841 seconds
Number of updated asset objects reloaded before import = 0Number of asset objects unloaded after import = 1

========================================================================
Received Import Request.
  Time since last request: 0.000081 seconds.
  path: Assets/50 Fabric Materials_VOL01/Materials/T_HS_fabric_50_AlbedoTransparency 16.mat
  artifactKey: Guid(c1a219ed311c64e4290818cd8638f11c) Importer(2089858483,192608db42251d675da83286b1cce702)
Start importing Assets/50 Fabric Materials_VOL01/Materials/T_HS_fabric_50_AlbedoTransparency 16.mat using Guid(c1a219ed311c64e4290818cd8638f11c) Importer(2089858483,192608db42251d675da83286b1cce702) (ScriptedImporter) -> (artifact id: '15ec07bdb1272d7129bdc7e73bae89cc') in 0.031107 seconds
Number of updated asset objects reloaded before import = 0Number of asset objects unloaded after import = 2

========================================================================
Received Import Request.
  Time since last request: 0.000029 seconds.
  path: Assets/UnityTechnologies/Basic Asset Pack Interior/Materials/SmallProps.mat
  artifactKey: Guid(ec3aef968e8b7cd4dbde72f86144a923) Importer(2089858483,192608db42251d675da83286b1cce702)
Start importing Assets/UnityTechnologies/Basic Asset Pack Interior/Materials/SmallProps.mat using Guid(ec3aef968e8b7cd4dbde72f86144a923) Importer(2089858483,192608db42251d675da83286b1cce702) (ScriptedImporter) -> (artifact id: 'e9be51b6eef723fa3ffd74c958455d3d') in 0.0285918 seconds
Number of updated asset objects reloaded before import = 0Number of asset objects unloaded after import = 2

========================================================================
Received Import Request.
  Time since last request: 0.000021 seconds.
  path: Assets/Scenes/Materials/New Material 13.mat
  artifactKey: Guid(39e986b7521a0f64e940f68920f8f26f) Importer(2089858483,192608db42251d675da83286b1cce702)
Start importing Assets/Scenes/Materials/New Material 13.mat using Guid(39e986b7521a0f64e940f68920f8f26f) Importer(2089858483,192608db42251d675da83286b1cce702) (ScriptedImporter) -> (artifact id: 'bd319dc78a49ec5cef8aea2334f4a745') in 0.0209478 seconds
Number of updated asset objects reloaded before import = 0Number of asset objects unloaded after import = 1

========================================================================
Received Import Request.
  Time since last request: 0.000032 seconds.
  path: Assets/Pegasus Studios/Elegant Interior Decor 3D Models Pack/Resources/Materials/Red Gold.mat
  artifactKey: Guid(98ffad6f97019c7459bf304786919cca) Importer(2089858483,192608db42251d675da83286b1cce702)
Start importing Assets/Pegasus Studios/Elegant Interior Decor 3D Models Pack/Resources/Materials/Red Gold.mat using Guid(98ffad6f97019c7459bf304786919cca) Importer(2089858483,192608db42251d675da83286b1cce702) (ScriptedImporter) -> (artifact id: '7168db82ced3cb87af4560e70a6f49b2') in 0.0248409 seconds
Number of updated asset objects reloaded before import = 0Number of asset objects unloaded after import = 1

========================================================================
Received Import Request.
  Time since last request: 0.000019 seconds.
  path: Assets/50 Fabric Materials_VOL01/Materials/T_HS_fabric_50_AlbedoTransparency 20.mat
  artifactKey: Guid(9ae91c213d10a2740afde484b47e4c4d) Importer(2089858483,192608db42251d675da83286b1cce702)
Start importing Assets/50 Fabric Materials_VOL01/Materials/T_HS_fabric_50_AlbedoTransparency 20.mat using Guid(9ae91c213d10a2740afde484b47e4c4d) Importer(2089858483,192608db42251d675da83286b1cce702) (ScriptedImporter) -> (artifact id: 'c8acaea75eea9bdde37a6496125265c5') in 0.0290041 seconds
Number of updated asset objects reloaded before import = 0Number of asset objects unloaded after import = 2

========================================================================
Received Import Request.
  Time since last request: 0.000020 seconds.
  path: Assets/UnityTechnologies/Basic Asset Pack Interior/Materials/PatternSpotBlue.mat
  artifactKey: Guid(1112486a62debb048943434535c19d5f) Importer(2089858483,192608db42251d675da83286b1cce702)
Start importing Assets/UnityTechnologies/Basic Asset Pack Interior/Materials/PatternSpotBlue.mat using Guid(1112486a62debb048943434535c19d5f) Importer(2089858483,192608db42251d675da83286b1cce702) (ScriptedImporter) -> (artifact id: '15bdd63f14353b052f314a3d9f2b7673') in 0.0300542 seconds
Number of updated asset objects reloaded before import = 0Number of asset objects unloaded after import = 2

========================================================================
Received Import Request.
  Time since last request: 0.000031 seconds.
  path: Assets/UnityTechnologies/Basic Asset Pack Interior/Materials/WallGreenDarker.mat
  artifactKey: Guid(fda5f98a2190baf4eba512ae9655e2ff) Importer(2089858483,192608db42251d675da83286b1cce702)
Start importing Assets/UnityTechnologies/Basic Asset Pack Interior/Materials/WallGreenDarker.mat using Guid(fda5f98a2190baf4eba512ae9655e2ff) Importer(2089858483,192608db42251d675da83286b1cce702) (ScriptedImporter) -> (artifact id: '67d682d5267202bd3b3603923101bd57') in 0.0243944 seconds
Number of updated asset objects reloaded before import = 0Number of asset objects unloaded after import = 2

========================================================================
Received Import Request.
  Time since last request: 0.000021 seconds.
  path: Assets/4K Tiled Ground Textures p2/Textures/concrete/Materials/concrete_4.mat
  artifactKey: Guid(9cd5073e0222a344581b53d024468e41) Importer(2089858483,192608db42251d675da83286b1cce702)
Start importing Assets/4K Tiled Ground Textures p2/Textures/concrete/Materials/concrete_4.mat using Guid(9cd5073e0222a344581b53d024468e41) Importer(2089858483,192608db42251d675da83286b1cce702) (ScriptedImporter) -> (artifact id: 'f96437ab3d698cdce66962b9c00b24be') in 0.0558096 seconds
Number of updated asset objects reloaded before import = 0Number of asset objects unloaded after import = 2

========================================================================
Received Import Request.
  Time since last request: 0.000024 seconds.
  path: Assets/nappin/OfficeEssentialsPack/Textures/New Material.mat
  artifactKey: Guid(36d8176e5f9128d438098b8a276ada6c) Importer(2089858483,192608db42251d675da83286b1cce702)
Start importing Assets/nappin/OfficeEssentialsPack/Textures/New Material.mat using Guid(36d8176e5f9128d438098b8a276ada6c) Importer(2089858483,192608db42251d675da83286b1cce702) (ScriptedImporter) -> (artifact id: '415e3111bf02a2989702278ce99a61dc') in 0.0238577 seconds
Number of updated asset objects reloaded before import = 0Number of asset objects unloaded after import = 1

========================================================================
Received Import Request.
  Time since last request: 1.747441 seconds.
  path: Assets/PolyOne/Cobwebs Pack/Materials/Cobwebs_BaseColor_M.mat
  artifactKey: Guid(0e768a84b4adf9341a6355fd6aba0ab3) Importer(2089858483,192608db42251d675da83286b1cce702)
Start importing Assets/PolyOne/Cobwebs Pack/Materials/Cobwebs_BaseColor_M.mat using Guid(0e768a84b4adf9341a6355fd6aba0ab3) Importer(2089858483,192608db42251d675da83286b1cce702) (ScriptedImporter) -> (artifact id: '4e0c9afcec4c03fe1060746f82e5002a') in 0.0298047 seconds
Number of updated asset objects reloaded before import = 0Number of asset objects unloaded after import = 2

========================================================================
Received Import Request.
  Time since last request: 7.163518 seconds.
  path: Assets/PolyOne/Cobwebs Pack
  artifactKey: Guid(55c1191d96ff132468158d94fca4aa2d) Importer(815301076,1909f56bfc062723c751e8b465ee728b)
Start importing Assets/PolyOne/Cobwebs Pack using Guid(55c1191d96ff132468158d94fca4aa2d) Importer(815301076,1909f56bfc062723c751e8b465ee728b) (PreviewImporter) -> (artifact id: '4ce0011db512e7f48c7afdc0f4eaa6e9') in 0.0005695 seconds
Number of updated asset objects reloaded before import = 0Number of asset objects unloaded after import = 0

========================================================================
Received Import Request.
  Time since last request: 2.322807 seconds.
  path: Assets/PolyOne/Cobwebs Pack/Texture
  artifactKey: Guid(38526726c4cb5b34daeea3361b504860) Importer(815301076,1909f56bfc062723c751e8b465ee728b)
Start importing Assets/PolyOne/Cobwebs Pack/Texture using Guid(38526726c4cb5b34daeea3361b504860) Importer(815301076,1909f56bfc062723c751e8b465ee728b) (PreviewImporter) -> (artifact id: 'be0da9103d9ac952842528b64b78ef74') in 0.0005553 seconds
Number of updated asset objects reloaded before import = 0Number of asset objects unloaded after import = 0

========================================================================
Received Import Request.
  Time since last request: 2.718872 seconds.
  path: Assets/PolyOne/Cobwebs Pack/Prefabs
  artifactKey: Guid(0510cb9019c19794a8bcb67e54c6adc8) Importer(815301076,1909f56bfc062723c751e8b465ee728b)
Start importing Assets/PolyOne/Cobwebs Pack/Prefabs using Guid(0510cb9019c19794a8bcb67e54c6adc8) Importer(815301076,1909f56bfc062723c751e8b465ee728b) (PreviewImporter) -> (artifact id: '28ae7b99e8487f16306800bd9f4f3041') in 0.0006021 seconds
Number of updated asset objects reloaded before import = 0Number of asset objects unloaded after import = 0

========================================================================
Received Import Request.
  Time since last request: 0.258075 seconds.
  path: Assets/PolyOne/Cobwebs Pack/Prefabs/SM_Cobwebs_01.prefab
  artifactKey: Guid(5c41c6baf722cc1478511f65e03e5be5) Importer(815301076,1909f56bfc062723c751e8b465ee728b)
Start importing Assets/PolyOne/Cobwebs Pack/Prefabs/SM_Cobwebs_01.prefab using Guid(5c41c6baf722cc1478511f65e03e5be5) Importer(815301076,1909f56bfc062723c751e8b465ee728b) (PreviewImporter) -> (artifact id: '83d461cc59ea10ff459331d85b560b9a') in 0.0977925 seconds
Number of updated asset objects reloaded before import = 0Number of asset objects unloaded after import = 9

========================================================================
Received Import Request.
  Time since last request: 0.000033 seconds.
  path: Assets/PolyOne/Cobwebs Pack/Prefabs/SM_Cobwebs_05.prefab
  artifactKey: Guid(a58f31540db66414f860cf90b7ffb792) Importer(815301076,1909f56bfc062723c751e8b465ee728b)
Start importing Assets/PolyOne/Cobwebs Pack/Prefabs/SM_Cobwebs_05.prefab using Guid(a58f31540db66414f860cf90b7ffb792) Importer(815301076,1909f56bfc062723c751e8b465ee728b) (PreviewImporter) -> (artifact id: '54c092625e46033699143259e9e28b32') in 0.0284369 seconds
Number of updated asset objects reloaded before import = 0Number of asset objects unloaded after import = 9

========================================================================
Received Import Request.
  Time since last request: 0.000030 seconds.
  path: Assets/PolyOne/Cobwebs Pack/Prefabs/SM_Cobwebs_04.prefab
  artifactKey: Guid(cb54601bec56a2c47b6032cdacd32e60) Importer(815301076,1909f56bfc062723c751e8b465ee728b)
Start importing Assets/PolyOne/Cobwebs Pack/Prefabs/SM_Cobwebs_04.prefab using Guid(cb54601bec56a2c47b6032cdacd32e60) Importer(815301076,1909f56bfc062723c751e8b465ee728b) (PreviewImporter) -> (artifact id: 'a1f493e820cc27974a94bab2b6f97343') in 0.0327515 seconds
Number of updated asset objects reloaded before import = 0Number of asset objects unloaded after import = 9

========================================================================
Received Import Request.
  Time since last request: 0.000023 seconds.
  path: Assets/PolyOne/Cobwebs Pack/Prefabs/SM_Cobwebs_08.prefab
  artifactKey: Guid(1da579bc30f41054eac61ecca254cd6b) Importer(815301076,1909f56bfc062723c751e8b465ee728b)
Start importing Assets/PolyOne/Cobwebs Pack/Prefabs/SM_Cobwebs_08.prefab using Guid(1da579bc30f41054eac61ecca254cd6b) Importer(815301076,1909f56bfc062723c751e8b465ee728b) (PreviewImporter) -> (artifact id: '83348410f9bb235e781fdaa85c9d66bf') in 0.0274075 seconds
Number of updated asset objects reloaded before import = 0Number of asset objects unloaded after import = 9

========================================================================
Received Import Request.
  Time since last request: 0.000019 seconds.
  path: Assets/PolyOne/Cobwebs Pack/Prefabs/SM_Cobwebs_12.prefab
  artifactKey: Guid(2f399a3a4a3440d4cb2720f561b06d2c) Importer(815301076,1909f56bfc062723c751e8b465ee728b)
Start importing Assets/PolyOne/Cobwebs Pack/Prefabs/SM_Cobwebs_12.prefab using Guid(2f399a3a4a3440d4cb2720f561b06d2c) Importer(815301076,1909f56bfc062723c751e8b465ee728b) (PreviewImporter) -> (artifact id: '3cd3bf024be3807cfea6614cf1094249') in 0.029463 seconds
Number of updated asset objects reloaded before import = 0Number of asset objects unloaded after import = 9

========================================================================
Received Import Request.
  Time since last request: 2.033308 seconds.
  path: Assets/PolyOne/Cobwebs Pack/Model
  artifactKey: Guid(a3825f5be5e5b7c40bfa8cc5786ee2b9) Importer(815301076,1909f56bfc062723c751e8b465ee728b)
Start importing Assets/PolyOne/Cobwebs Pack/Model using Guid(a3825f5be5e5b7c40bfa8cc5786ee2b9) Importer(815301076,1909f56bfc062723c751e8b465ee728b) (PreviewImporter) -> (artifact id: '0f032746712a46a1a7f7c12ece61ac7c') in 0.0005403 seconds
Number of updated asset objects reloaded before import = 0Number of asset objects unloaded after import = 0

========================================================================
Received Import Request.
  Time since last request: 0.259321 seconds.
  path: Assets/PolyOne/Cobwebs Pack/Model/SM_Cobwebs_01.fbx
  artifactKey: Guid(b34f1682f338e134ea71e5e19aef491f) Importer(815301076,1909f56bfc062723c751e8b465ee728b)
Start importing Assets/PolyOne/Cobwebs Pack/Model/SM_Cobwebs_01.fbx using Guid(b34f1682f338e134ea71e5e19aef491f) Importer(815301076,1909f56bfc062723c751e8b465ee728b) (PreviewImporter) -> (artifact id: '2a49a4ad73d5222ca2992f68a063c94f') in 0.0528848 seconds
Number of updated asset objects reloaded before import = 0Number of asset objects unloaded after import = 9

========================================================================
Received Import Request.
  Time since last request: 13.793209 seconds.
  path: Assets/PolyOne/Cobwebs Pack/Materials
  artifactKey: Guid(58b1c88efd308da45a3a6773eeab5acc) Importer(815301076,1909f56bfc062723c751e8b465ee728b)
Start importing Assets/PolyOne/Cobwebs Pack/Materials using Guid(58b1c88efd308da45a3a6773eeab5acc) Importer(815301076,1909f56bfc062723c751e8b465ee728b) (PreviewImporter) -> (artifact id: '247a9ee29dcdde81de9f760c3107686d') in 0.0005783 seconds
Number of updated asset objects reloaded before import = 0Number of asset objects unloaded after import = 0

========================================================================
Received Import Request.
  Time since last request: 0.128587 seconds.
  path: Assets/PolyOne/Cobwebs Pack/Materials/Cobwebs_BaseColor_M.mat
  artifactKey: Guid(0e768a84b4adf9341a6355fd6aba0ab3) Importer(815301076,1909f56bfc062723c751e8b465ee728b)
Start importing Assets/PolyOne/Cobwebs Pack/Materials/Cobwebs_BaseColor_M.mat using Guid(0e768a84b4adf9341a6355fd6aba0ab3) Importer(815301076,1909f56bfc062723c751e8b465ee728b) (PreviewImporter) -> (artifact id: 'e7f1add3b4ec5f1171c818234bcd096e') in 0.0383031 seconds
Number of updated asset objects reloaded before import = 0Number of asset objects unloaded after import = 2

========================================================================
Received Import Request.
  Time since last request: 19.271504 seconds.
  path: Assets/PolyOne/Cobwebs Pack/Scene
  artifactKey: Guid(b47d5bf73d9d50643bf53589dfa251d3) Importer(815301076,1909f56bfc062723c751e8b465ee728b)
Start importing Assets/PolyOne/Cobwebs Pack/Scene using Guid(b47d5bf73d9d50643bf53589dfa251d3) Importer(815301076,1909f56bfc062723c751e8b465ee728b) (PreviewImporter) -> (artifact id: 'f5d5407bcb6166ed8955bef97b349ed7') in 0.0006442 seconds
Number of updated asset objects reloaded before import = 0Number of asset objects unloaded after import = 0

========================================================================
Received Import Request.
  Time since last request: 63.342990 seconds.
  path: Assets/PolyOne/Cobwebs Pack/Texture/Materials
  artifactKey: Guid(7b5b5fec3893f964d8c1fccaace6a110) Importer(2089858483,192608db42251d675da83286b1cce702)
Start importing Assets/PolyOne/Cobwebs Pack/Texture/Materials using Guid(7b5b5fec3893f964d8c1fccaace6a110) Importer(2089858483,192608db42251d675da83286b1cce702) (ScriptedImporter) -> (artifact id: 'dd2df12ce3148f120ed2e1ffd2a5c59f') in 0.0208809 seconds
Number of updated asset objects reloaded before import = 0Number of asset objects unloaded after import = 1

========================================================================
Received Import Request.
  Time since last request: 71.368596 seconds.
  path: Assets/PolyOne/Cobwebs Pack/Texture/Materials
  artifactKey: Guid(7b5b5fec3893f964d8c1fccaace6a110) Importer(815301076,1909f56bfc062723c751e8b465ee728b)
Start importing Assets/PolyOne/Cobwebs Pack/Texture/Materials using Guid(7b5b5fec3893f964d8c1fccaace6a110) Importer(815301076,1909f56bfc062723c751e8b465ee728b) (PreviewImporter) -> (artifact id: '59ea6bc0aa8b797c58f323712117c30e') in 0.0008521 seconds
Number of updated asset objects reloaded before import = 0Number of asset objects unloaded after import = 0

========================================================================
Received Import Request.
  Time since last request: 0.065639 seconds.
  path: Assets/PolyOne/Cobwebs Pack/Texture/Materials/Cobwebs_BaseColor.mat
  artifactKey: Guid(ab97c0ceb5df39d41afe3948665cbe99) Importer(815301076,1909f56bfc062723c751e8b465ee728b)
Start importing Assets/PolyOne/Cobwebs Pack/Texture/Materials/Cobwebs_BaseColor.mat using Guid(ab97c0ceb5df39d41afe3948665cbe99) Importer(815301076,1909f56bfc062723c751e8b465ee728b) (PreviewImporter) -> (artifact id: 'df3bfe67db27c61cc0a4c36155f2f8ea') in 0.018847 seconds
Number of updated asset objects reloaded before import = 0Number of asset objects unloaded after import = 1

========================================================================
Received Import Request.
  Time since last request: 69.086262 seconds.
  path: Assets/PolyOne/Cobwebs Pack/Texture/Materials/Cobwebs_BaseColor.mat
  artifactKey: Guid(ab97c0ceb5df39d41afe3948665cbe99) Importer(2089858483,192608db42251d675da83286b1cce702)
Start importing Assets/PolyOne/Cobwebs Pack/Texture/Materials/Cobwebs_BaseColor.mat using Guid(ab97c0ceb5df39d41afe3948665cbe99) Importer(2089858483,192608db42251d675da83286b1cce702) (ScriptedImporter) -> (artifact id: '382ca1f980241777bb96ab617d5351b1') in 0.0297454 seconds
Number of updated asset objects reloaded before import = 0Number of asset objects unloaded after import = 2

========================================================================
Received Import Request.
  Time since last request: 10.131112 seconds.
  path: Assets/PolyOne/Cobwebs Pack/Texture/Materials/Cobwebs_BaseColor 1.mat
  artifactKey: Guid(8d29504f7f3a4d641afdc3e0c9f098a8) Importer(2089858483,192608db42251d675da83286b1cce702)
Start importing Assets/PolyOne/Cobwebs Pack/Texture/Materials/Cobwebs_BaseColor 1.mat using Guid(8d29504f7f3a4d641afdc3e0c9f098a8) Importer(2089858483,192608db42251d675da83286b1cce702) (ScriptedImporter) -> (artifact id: 'f4068b48483bcdd8dbdf70c212e87853') in 0.0316648 seconds
Number of updated asset objects reloaded before import = 0Number of asset objects unloaded after import = 2

========================================================================
Received Import Request.
  Time since last request: 24.346924 seconds.
  path: Assets/PolyOne/Cobwebs Pack/Texture/Materials/Cobwebs_BaseColor.mat
  artifactKey: Guid(ab97c0ceb5df39d41afe3948665cbe99) Importer(815301076,1909f56bfc062723c751e8b465ee728b)
Start importing Assets/PolyOne/Cobwebs Pack/Texture/Materials/Cobwebs_BaseColor.mat using Guid(ab97c0ceb5df39d41afe3948665cbe99) Importer(815301076,1909f56bfc062723c751e8b465ee728b) (PreviewImporter) -> (artifact id: '35aa8adadf7dd8529130b99a76b327c7') in 0.0450954 seconds
Number of updated asset objects reloaded before import = 0Number of asset objects unloaded after import = 2

========================================================================
Received Prepare
WARNING: Shader Unsupported: 'Hidden/Universal Render Pipeline/Terrain/Lit (Base Pass)' - All subshaders removed
WARNING: Shader Did you use #pragma only_renderers and omit this platform?
WARNING: Shader If subshaders removal was intentional, you may have forgotten turning Fallback off?
WARNING: Shader Unsupported: 'Hidden/Universal Render Pipeline/Terrain/Lit (Base Pass)' - All subshaders removed
WARNING: Shader Did you use #pragma only_renderers and omit this platform?
WARNING: Shader If subshaders removal was intentional, you may have forgotten turning Fallback off?
WARNING: Shader Unsupported: 'Universal Render Pipeline/Terrain/Lit' - All subshaders removed
WARNING: Shader Did you use #pragma only_renderers and omit this platform?
WARNING: Shader If subshaders removal was intentional, you may have forgotten turning Fallback off?
WARNING: Shader Unsupported: 'Universal Render Pipeline/Terrain/Lit' - All subshaders removed
WARNING: Shader Did you use #pragma only_renderers and omit this platform?
WARNING: Shader If subshaders removal was intentional, you may have forgotten turning Fallback off?
Refreshing native plugins compatible for Editor in 0.77 ms, found 0 plugins.
Preloading 0 native plugins for Editor in 0.00 ms.
Unloading 34 Unused Serialized files (Serialized files now loaded: 0)
Unloading 6111 unused Assets / (6.9 MB). Loaded Objects now: 6768.
Memory consumption went from 127.3 MB to 120.4 MB.
Total: 15.341100 ms (FindLiveObjects: 0.799400 ms CreateObjectMapping: 0.893500 ms MarkObjects: 9.333200 ms  DeleteObjects: 4.312200 ms)

Prepare: number of updated asset objects reloaded= 0
========================================================================
Received Import Request.
  Time since last request: 323.305586 seconds.
  path: Assets/Tree_Packs/URP_Tree_Pack/Prefabs/URP_Tree_2.prefab
  artifactKey: Guid(40cc2dd6b744b344a9a4ea56076c47fb) Importer(2089858483,192608db42251d675da83286b1cce702)
Start importing Assets/Tree_Packs/URP_Tree_Pack/Prefabs/URP_Tree_2.prefab using Guid(40cc2dd6b744b344a9a4ea56076c47fb) Importer(2089858483,192608db42251d675da83286b1cce702) (ScriptedImporter) -> (artifact id: '70f3a0ca38e3cf7f0c43c450c4ec6c01') in 0.045914 seconds
Number of updated asset objects reloaded before import = 0Number of asset objects unloaded after import = 25

========================================================================
Received Import Request.
  Time since last request: 0.000027 seconds.
  path: Assets/Tree_Packs/URP_Tree_Pack/Scripts/LB_CameraMove.cs
  artifactKey: Guid(96cec0ad715c2a042bd9921922d2ed22) Importer(2089858483,192608db42251d675da83286b1cce702)
Start importing Assets/Tree_Packs/URP_Tree_Pack/Scripts/LB_CameraMove.cs using Guid(96cec0ad715c2a042bd9921922d2ed22) Importer(2089858483,192608db42251d675da83286b1cce702) (ScriptedImporter) -> (artifact id: '79e5ec3d6dae3af503e6c36592968da4') in 0.0299604 seconds
Number of updated asset objects reloaded before import = 0Number of asset objects unloaded after import = 0

========================================================================
Received Import Request.
  Time since last request: 0.000031 seconds.
  path: Assets/Tree_Packs/URP_Tree_Pack/Scripts/Tree_Packs.cs
  artifactKey: Guid(0447bde6a836ff8469f99c2ba035cdac) Importer(2089858483,192608db42251d675da83286b1cce702)
Start importing Assets/Tree_Packs/URP_Tree_Pack/Scripts/Tree_Packs.cs using Guid(0447bde6a836ff8469f99c2ba035cdac) Importer(2089858483,192608db42251d675da83286b1cce702) (ScriptedImporter) -> (artifact id: 'f3ecd0ba672fca67c5a2792476402ae5') in 0.0244007 seconds
Number of updated asset objects reloaded before import = 0Number of asset objects unloaded after import = 0

========================================================================
Received Import Request.
  Time since last request: 0.000066 seconds.
  path: Assets/Tree_Packs/URP_Tree_Pack/Models/URP_Tree_2/Materials/Leaf.mat
  artifactKey: Guid(7b70eedbfdda69340a0654a023bbfa72) Importer(2089858483,192608db42251d675da83286b1cce702)
Start importing Assets/Tree_Packs/URP_Tree_Pack/Models/URP_Tree_2/Materials/Leaf.mat using Guid(7b70eedbfdda69340a0654a023bbfa72) Importer(2089858483,192608db42251d675da83286b1cce702) (ScriptedImporter) -> (artifact id: '8b2861136043fb69d24fc39070f9def9') in 0.021835 seconds
Number of updated asset objects reloaded before import = 0Number of asset objects unloaded after import = 2

========================================================================
Received Import Request.
  Time since last request: 0.000024 seconds.
  path: Assets/Tree_Packs/URP_Tree_Pack/Models/URP_Tree_3/Materials/Leaf.mat
  artifactKey: Guid(6a3720bc3012dca4fbea486b3c6854dd) Importer(2089858483,192608db42251d675da83286b1cce702)
Start importing Assets/Tree_Packs/URP_Tree_Pack/Models/URP_Tree_3/Materials/Leaf.mat using Guid(6a3720bc3012dca4fbea486b3c6854dd) Importer(2089858483,192608db42251d675da83286b1cce702) (ScriptedImporter) -> (artifact id: 'e7644de15f917408f5c2d03d780ff884') in 0.0252797 seconds
Number of updated asset objects reloaded before import = 0Number of asset objects unloaded after import = 2

========================================================================
Received Import Request.
  Time since last request: 0.000021 seconds.
  path: Assets/Tree_Packs/URP_Tree_Pack/Prefabs/URP_Tree_1.prefab
  artifactKey: Guid(022485ff60e4a26418217d8ab778a812) Importer(2089858483,192608db42251d675da83286b1cce702)
Start importing Assets/Tree_Packs/URP_Tree_Pack/Prefabs/URP_Tree_1.prefab using Guid(022485ff60e4a26418217d8ab778a812) Importer(2089858483,192608db42251d675da83286b1cce702) (ScriptedImporter) -> (artifact id: '8e8d631cbacdf8a55860d4c120b9e0de') in 0.0278816 seconds
Number of updated asset objects reloaded before import = 0Number of asset objects unloaded after import = 25

========================================================================
Received Import Request.
  Time since last request: 0.000022 seconds.
  path: Assets/Tree_Packs/URP_Tree_Pack/Textures/Global/Floor.mat
  artifactKey: Guid(6b664be96faef8f4ebef4a2d21041ecc) Importer(2089858483,192608db42251d675da83286b1cce702)
Start importing Assets/Tree_Packs/URP_Tree_Pack/Textures/Global/Floor.mat using Guid(6b664be96faef8f4ebef4a2d21041ecc) Importer(2089858483,192608db42251d675da83286b1cce702) (ScriptedImporter) -> (artifact id: '8529288498bdc8eabb02da764e98b2bd') in 0.0242543 seconds
Number of updated asset objects reloaded before import = 0Number of asset objects unloaded after import = 1

========================================================================
Received Import Request.
  Time since last request: 0.000221 seconds.
  path: Assets/Tree_Packs/URP_Tree_Pack/Prefabs/URP_Tree_3.prefab
  artifactKey: Guid(af90fe2f0f252bf4b8c2ab79bcd41edf) Importer(2089858483,192608db42251d675da83286b1cce702)
Start importing Assets/Tree_Packs/URP_Tree_Pack/Prefabs/URP_Tree_3.prefab using Guid(af90fe2f0f252bf4b8c2ab79bcd41edf) Importer(2089858483,192608db42251d675da83286b1cce702) (ScriptedImporter) -> (artifact id: 'c266e63ff587b3ace88992a82acb22c8') in 0.0215112 seconds
Number of updated asset objects reloaded before import = 0Number of asset objects unloaded after import = 25

========================================================================
Received Import Request.
  Time since last request: 0.000059 seconds.
  path: Assets/Tree_Packs/URP_Tree_Pack/Models/URP_Tree_1/Materials/Trunk.mat
  artifactKey: Guid(5075ca828a84d014a8a20f00c0b63146) Importer(2089858483,192608db42251d675da83286b1cce702)
Start importing Assets/Tree_Packs/URP_Tree_Pack/Models/URP_Tree_1/Materials/Trunk.mat using Guid(5075ca828a84d014a8a20f00c0b63146) Importer(2089858483,192608db42251d675da83286b1cce702) (ScriptedImporter) -> (artifact id: 'c0e1567e1f79a67c3ec221585f4003cb') in 0.0240778 seconds
Number of updated asset objects reloaded before import = 0Number of asset objects unloaded after import = 2

========================================================================
Received Import Request.
  Time since last request: 0.000024 seconds.
  path: Assets/Tree_Packs/URP_Tree_Pack/Prefabs
  artifactKey: Guid(104ba43d6e95fd44db012a78eabe3748) Importer(2089858483,192608db42251d675da83286b1cce702)
Start importing Assets/Tree_Packs/URP_Tree_Pack/Prefabs using Guid(104ba43d6e95fd44db012a78eabe3748) Importer(2089858483,192608db42251d675da83286b1cce702) (ScriptedImporter) -> (artifact id: 'd109f1606e443c9ca85c069a4eb20492') in 0.0227154 seconds
Number of updated asset objects reloaded before import = 0Number of asset objects unloaded after import = 1

========================================================================
Received Import Request.
  Time since last request: 0.000044 seconds.
  path: Assets/Tree_Packs/URP_Tree_Pack/Models/URP_Tree_2/Materials/Trunk.mat
  artifactKey: Guid(946553a4511af924ea54b2840e9b3b21) Importer(2089858483,192608db42251d675da83286b1cce702)
Start importing Assets/Tree_Packs/URP_Tree_Pack/Models/URP_Tree_2/Materials/Trunk.mat using Guid(946553a4511af924ea54b2840e9b3b21) Importer(2089858483,192608db42251d675da83286b1cce702) (ScriptedImporter) -> (artifact id: '59f368b7eab5b513c041486b5f77b606') in 0.0259206 seconds
Number of updated asset objects reloaded before import = 0Number of asset objects unloaded after import = 2

========================================================================
Received Import Request.
  Time since last request: 12.020144 seconds.
  path: Assets/Scenes/Tutorial.unity
  artifactKey: Guid(560334c4c1e06664bad46f92ac2c65f9) Importer(815301076,1909f56bfc062723c751e8b465ee728b)
Start importing Assets/Scenes/Tutorial.unity using Guid(560334c4c1e06664bad46f92ac2c65f9) Importer(815301076,1909f56bfc062723c751e8b465ee728b) (PreviewImporter) -> (artifact id: '2c1fe6652abb956fbca3897fbbc6eb23') in 0.0006115 seconds
Number of updated asset objects reloaded before import = 0Number of asset objects unloaded after import = 0

========================================================================
Received Import Request.
  Time since last request: 3.553771 seconds.
  path: Assets/Scenes/ProjectScene.unity
  artifactKey: Guid(c0dc50c85e974584c87929a1328b2d84) Importer(2089858483,192608db42251d675da83286b1cce702)
Start importing Assets/Scenes/ProjectScene.unity using Guid(c0dc50c85e974584c87929a1328b2d84) Importer(2089858483,192608db42251d675da83286b1cce702) (ScriptedImporter) -> (artifact id: '6a1ea3fd49936c27cf5aad092eab638b') in 0.0331688 seconds
Number of updated asset objects reloaded before import = 0Number of asset objects unloaded after import = 1

========================================================================
Received Import Request.
  Time since last request: 0.325593 seconds.
  path: Assets/Scenes/TestScene.unity
  artifactKey: Guid(99c9720ab356a0642a771bea13969a05) Importer(815301076,1909f56bfc062723c751e8b465ee728b)
Start importing Assets/Scenes/TestScene.unity using Guid(99c9720ab356a0642a771bea13969a05) Importer(815301076,1909f56bfc062723c751e8b465ee728b) (PreviewImporter) -> (artifact id: 'efd776e3b24ce85886bb41f96af2a819') in 0.0005795 seconds
Number of updated asset objects reloaded before import = 0Number of asset objects unloaded after import = 0

========================================================================
Received Import Request.
  Time since last request: 4.527789 seconds.
  path: Assets/Scenes/Scene1.unity
  artifactKey: Guid(5f50f9c8e0b41394a9d7e860f43ab389) Importer(815301076,1909f56bfc062723c751e8b465ee728b)
Start importing Assets/Scenes/Scene1.unity using Guid(5f50f9c8e0b41394a9d7e860f43ab389) Importer(815301076,1909f56bfc062723c751e8b465ee728b) (PreviewImporter) -> (artifact id: 'ba64de53d1a90174f6583647e6b79a17') in 0.0007367 seconds
Number of updated asset objects reloaded before import = 0Number of asset objects unloaded after import = 0

========================================================================
Received Import Request.
  Time since last request: 2.720375 seconds.
  path: Assets/Scenes/SampleScene.unity
  artifactKey: Guid(15e9cb45bed9e174ba723d17ea17954a) Importer(815301076,1909f56bfc062723c751e8b465ee728b)
Start importing Assets/Scenes/SampleScene.unity using Guid(15e9cb45bed9e174ba723d17ea17954a) Importer(815301076,1909f56bfc062723c751e8b465ee728b) (PreviewImporter) -> (artifact id: 'bdf5605f73e0b650bdb456b33a5f45e1') in 0.000693 seconds
Number of updated asset objects reloaded before import = 0Number of asset objects unloaded after import = 0

========================================================================
Received Import Request.
  Time since last request: 1.771168 seconds.
  path: Assets/Scenes/ProjectScene.unity
  artifactKey: Guid(c0dc50c85e974584c87929a1328b2d84) Importer(815301076,1909f56bfc062723c751e8b465ee728b)
Start importing Assets/Scenes/ProjectScene.unity using Guid(c0dc50c85e974584c87929a1328b2d84) Importer(815301076,1909f56bfc062723c751e8b465ee728b) (PreviewImporter) -> (artifact id: '4559e1d294fee0623be581973d3ef470') in 0.0009534 seconds
Number of updated asset objects reloaded before import = 0Number of asset objects unloaded after import = 0

========================================================================
Received Import Request.
  Time since last request: 2.997769 seconds.
  path: Assets/Scenes/Prefabs.unity
  artifactKey: Guid(0a3988e10241db84aa84ac261753c72a) Importer(815301076,1909f56bfc062723c751e8b465ee728b)
Start importing Assets/Scenes/Prefabs.unity using Guid(0a3988e10241db84aa84ac261753c72a) Importer(815301076,1909f56bfc062723c751e8b465ee728b) (PreviewImporter) -> (artifact id: '2be1b77547b80dd07c444244e2a686e8') in 0.0009677 seconds
Number of updated asset objects reloaded before import = 0Number of asset objects unloaded after import = 0

========================================================================
Received Import Request.
  Time since last request: 11.345576 seconds.
  path: Assets/Scenes/Outdoor1.unity
  artifactKey: Guid(18d74ec7b72afb14f81fe8f991db2121) Importer(815301076,1909f56bfc062723c751e8b465ee728b)
Start importing Assets/Scenes/Outdoor1.unity using Guid(18d74ec7b72afb14f81fe8f991db2121) Importer(815301076,1909f56bfc062723c751e8b465ee728b) (PreviewImporter) -> (artifact id: '8c6c9c0e0eb5a45e4bfd421e271f4463') in 0.0007048 seconds
Number of updated asset objects reloaded before import = 0Number of asset objects unloaded after import = 0

========================================================================
Received Import Request.
  Time since last request: 1.223273 seconds.
  path: Assets/Scenes/New Scene.unity
  artifactKey: Guid(4b1128eb82f2cb5429982c67a8059225) Importer(815301076,1909f56bfc062723c751e8b465ee728b)
Start importing Assets/Scenes/New Scene.unity using Guid(4b1128eb82f2cb5429982c67a8059225) Importer(815301076,1909f56bfc062723c751e8b465ee728b) (PreviewImporter) -> (artifact id: 'd572289589dc387a5af7f9468c52744f') in 0.0010502 seconds
Number of updated asset objects reloaded before import = 0Number of asset objects unloaded after import = 0

========================================================================
Received Import Request.
  Time since last request: 1.060712 seconds.
  path: Assets/Scenes/GetStarted_Scene.unity
  artifactKey: Guid(6888813f2bd9e4521b9b1343abf0c60f) Importer(815301076,1909f56bfc062723c751e8b465ee728b)
Start importing Assets/Scenes/GetStarted_Scene.unity using Guid(6888813f2bd9e4521b9b1343abf0c60f) Importer(815301076,1909f56bfc062723c751e8b465ee728b) (PreviewImporter) -> (artifact id: 'bfe23e60881eaa638e8eff1924050f71') in 0.0006358 seconds
Number of updated asset objects reloaded before import = 0Number of asset objects unloaded after import = 0

========================================================================
Received Import Request.
  Time since last request: 74.502641 seconds.
  path: Assets/Tree_Packs/URP_Tree_Pack
  artifactKey: Guid(4ff405d588e9c2f4e90e6286fb9ffff4) Importer(815301076,1909f56bfc062723c751e8b465ee728b)
Start importing Assets/Tree_Packs/URP_Tree_Pack using Guid(4ff405d588e9c2f4e90e6286fb9ffff4) Importer(815301076,1909f56bfc062723c751e8b465ee728b) (PreviewImporter) -> (artifact id: 'a684f56187a49ee3c8ede804dd890a3b') in 0.0005806 seconds
Number of updated asset objects reloaded before import = 0Number of asset objects unloaded after import = 0

========================================================================
Received Import Request.
  Time since last request: 2.032103 seconds.
  path: Assets/Tree_Packs/URP_Tree_Pack/Textures
  artifactKey: Guid(42d77cd5ec560df4b8e679a984e050e9) Importer(815301076,1909f56bfc062723c751e8b465ee728b)
Start importing Assets/Tree_Packs/URP_Tree_Pack/Textures using Guid(42d77cd5ec560df4b8e679a984e050e9) Importer(815301076,1909f56bfc062723c751e8b465ee728b) (PreviewImporter) -> (artifact id: '686619f713b69fd80cd9144eca284196') in 0.0009148 seconds
Number of updated asset objects reloaded before import = 0Number of asset objects unloaded after import = 0

========================================================================
Received Import Request.
  Time since last request: 1.693682 seconds.
  path: Assets/Tree_Packs/URP_Tree_Pack/Textures/Trunk
  artifactKey: Guid(e9c0073cc25e5b340b4d1dc0f71a176f) Importer(815301076,1909f56bfc062723c751e8b465ee728b)
Start importing Assets/Tree_Packs/URP_Tree_Pack/Textures/Trunk using Guid(e9c0073cc25e5b340b4d1dc0f71a176f) Importer(815301076,1909f56bfc062723c751e8b465ee728b) (PreviewImporter) -> (artifact id: 'debbf0138d62bce3325cbb75a9a898f6') in 0.0008132 seconds
Number of updated asset objects reloaded before import = 0Number of asset objects unloaded after import = 0

========================================================================
Received Import Request.
  Time since last request: 3.516032 seconds.
  path: Assets/Tree_Packs/URP_Tree_Pack/Models
  artifactKey: Guid(5da983813db86b64d89e5fb188408d1f) Importer(815301076,1909f56bfc062723c751e8b465ee728b)
Start importing Assets/Tree_Packs/URP_Tree_Pack/Models using Guid(5da983813db86b64d89e5fb188408d1f) Importer(815301076,1909f56bfc062723c751e8b465ee728b) (PreviewImporter) -> (artifact id: '33a4c8d4c39289064b72f2e39f3d167a') in 0.0005422 seconds
Number of updated asset objects reloaded before import = 0Number of asset objects unloaded after import = 0

========================================================================
Received Import Request.
  Time since last request: 0.932776 seconds.
  path: Assets/Tree_Packs/URP_Tree_Pack/Models/URP_Tree_1
  artifactKey: Guid(3fa40130eb05583498f4049fd75bc062) Importer(815301076,1909f56bfc062723c751e8b465ee728b)
Start importing Assets/Tree_Packs/URP_Tree_Pack/Models/URP_Tree_1 using Guid(3fa40130eb05583498f4049fd75bc062) Importer(815301076,1909f56bfc062723c751e8b465ee728b) (PreviewImporter) -> (artifact id: '73ee08905f6ffc90968c2c54f3c47347') in 0.0006665 seconds
Number of updated asset objects reloaded before import = 0Number of asset objects unloaded after import = 0

========================================================================
Received Import Request.
  Time since last request: 0.091898 seconds.
  path: Assets/Tree_Packs/URP_Tree_Pack/Models/URP_Tree_1/URP_Tree_1_LOD_0.fbx
  artifactKey: Guid(419b474d3d31ef54e9c101d6e7213aee) Importer(815301076,1909f56bfc062723c751e8b465ee728b)
Start importing Assets/Tree_Packs/URP_Tree_Pack/Models/URP_Tree_1/URP_Tree_1_LOD_0.fbx using Guid(419b474d3d31ef54e9c101d6e7213aee) Importer(815301076,1909f56bfc062723c751e8b465ee728b) (PreviewImporter) -> (artifact id: 'c321d4e5cb7867ff1d319d47c42b4a1b') in 0.0422619 seconds
Number of updated asset objects reloaded before import = 0Number of asset objects unloaded after import = 11

========================================================================
Received Import Request.
  Time since last request: 0.000018 seconds.
  path: Assets/Tree_Packs/URP_Tree_Pack/Models/URP_Tree_1/URP_Tree_1_LOD_3.fbx
  artifactKey: Guid(690b2391c32f7744eb70ac3f0795c1eb) Importer(815301076,1909f56bfc062723c751e8b465ee728b)
Start importing Assets/Tree_Packs/URP_Tree_Pack/Models/URP_Tree_1/URP_Tree_1_LOD_3.fbx using Guid(690b2391c32f7744eb70ac3f0795c1eb) Importer(815301076,1909f56bfc062723c751e8b465ee728b) (PreviewImporter) -> (artifact id: '03332e5307e9757d4877ec1fd22cd6c9') in 0.0304402 seconds
Number of updated asset objects reloaded before import = 0Number of asset objects unloaded after import = 11

========================================================================
Received Import Request.
  Time since last request: 0.000017 seconds.
  path: Assets/Tree_Packs/URP_Tree_Pack/Models/URP_Tree_1/URP_Tree_1_LOD_2.fbx
  artifactKey: Guid(0a9ad2b5edd0c6d49bc3aebe133e3850) Importer(815301076,1909f56bfc062723c751e8b465ee728b)
Start importing Assets/Tree_Packs/URP_Tree_Pack/Models/URP_Tree_1/URP_Tree_1_LOD_2.fbx using Guid(0a9ad2b5edd0c6d49bc3aebe133e3850) Importer(815301076,1909f56bfc062723c751e8b465ee728b) (PreviewImporter) -> (artifact id: '2fc12bc8dc2f494b2006e4c4e3d7f592') in 0.0297308 seconds
Number of updated asset objects reloaded before import = 0Number of asset objects unloaded after import = 11

========================================================================
Received Import Request.
  Time since last request: 4.510077 seconds.
  path: Assets/Tree_Packs/URP_Tree_Pack/Models/URP_Tree_2
  artifactKey: Guid(8839daedc8fac254c85fb79888cf2d4c) Importer(815301076,1909f56bfc062723c751e8b465ee728b)
Start importing Assets/Tree_Packs/URP_Tree_Pack/Models/URP_Tree_2 using Guid(8839daedc8fac254c85fb79888cf2d4c) Importer(815301076,1909f56bfc062723c751e8b465ee728b) (PreviewImporter) -> (artifact id: 'dda27c91c3844807e946714842c77442') in 0.0005335 seconds
Number of updated asset objects reloaded before import = 0Number of asset objects unloaded after import = 0

========================================================================
Received Import Request.
  Time since last request: 0.091095 seconds.
  path: Assets/Tree_Packs/URP_Tree_Pack/Models/URP_Tree_2/URP_Tree_2_LOD_0.fbx
  artifactKey: Guid(b45cc48d62b4ade468a90cbc817aecaf) Importer(815301076,1909f56bfc062723c751e8b465ee728b)
Start importing Assets/Tree_Packs/URP_Tree_Pack/Models/URP_Tree_2/URP_Tree_2_LOD_0.fbx using Guid(b45cc48d62b4ade468a90cbc817aecaf) Importer(815301076,1909f56bfc062723c751e8b465ee728b) (PreviewImporter) -> (artifact id: 'c20705bd3d8c065b206e3eb7801ffe8a') in 0.0404817 seconds
Number of updated asset objects reloaded before import = 0Number of asset objects unloaded after import = 11

========================================================================
Received Import Request.
  Time since last request: 0.000034 seconds.
  path: Assets/Tree_Packs/URP_Tree_Pack/Models/URP_Tree_2/URP_Tree_2_LOD_2.fbx
  artifactKey: Guid(61f51b872cc42644c84858116165c248) Importer(815301076,1909f56bfc062723c751e8b465ee728b)
Start importing Assets/Tree_Packs/URP_Tree_Pack/Models/URP_Tree_2/URP_Tree_2_LOD_2.fbx using Guid(61f51b872cc42644c84858116165c248) Importer(815301076,1909f56bfc062723c751e8b465ee728b) (PreviewImporter) -> (artifact id: '46388a01a483bb8b00da63f29ddc6281') in 0.0371265 seconds
Number of updated asset objects reloaded before import = 0Number of asset objects unloaded after import = 11

========================================================================
Received Import Request.
  Time since last request: 7.782178 seconds.
  path: Assets/Tree_Packs/URP_Tree_Pack/Models/URP_Tree_3
  artifactKey: Guid(6eebaafa35ae4ee45a0a7a3bc179f037) Importer(815301076,1909f56bfc062723c751e8b465ee728b)
Start importing Assets/Tree_Packs/URP_Tree_Pack/Models/URP_Tree_3 using Guid(6eebaafa35ae4ee45a0a7a3bc179f037) Importer(815301076,1909f56bfc062723c751e8b465ee728b) (PreviewImporter) -> (artifact id: '5877bd5a063db6266cdb6b41b106b207') in 0.0005365 seconds
Number of updated asset objects reloaded before import = 0Number of asset objects unloaded after import = 0

========================================================================
Received Import Request.
  Time since last request: 0.649400 seconds.
  path: Assets/Tree_Packs/URP_Tree_Pack/Models/URP_Tree_3/URP_Tree_3_LOD_0.fbx
  artifactKey: Guid(8d5f15814e2635b4caac8162f5b244b5) Importer(815301076,1909f56bfc062723c751e8b465ee728b)
Start importing Assets/Tree_Packs/URP_Tree_Pack/Models/URP_Tree_3/URP_Tree_3_LOD_0.fbx using Guid(8d5f15814e2635b4caac8162f5b244b5) Importer(815301076,1909f56bfc062723c751e8b465ee728b) (PreviewImporter) -> (artifact id: '761233d1412926997ad024f60cfe3c93') in 0.0341802 seconds
Number of updated asset objects reloaded before import = 0Number of asset objects unloaded after import = 11

========================================================================
Received Import Request.
  Time since last request: 0.000019 seconds.
  path: Assets/Tree_Packs/URP_Tree_Pack/Models/URP_Tree_3/URP_Tree_3_LOD_2.fbx
  artifactKey: Guid(512754d39f33a364db254fe00aeb0868) Importer(815301076,1909f56bfc062723c751e8b465ee728b)
Start importing Assets/Tree_Packs/URP_Tree_Pack/Models/URP_Tree_3/URP_Tree_3_LOD_2.fbx using Guid(512754d39f33a364db254fe00aeb0868) Importer(815301076,1909f56bfc062723c751e8b465ee728b) (PreviewImporter) -> (artifact id: '0c603eb4b2a7d669d64eb3d71314b775') in 0.033957 seconds
Number of updated asset objects reloaded before import = 0Number of asset objects unloaded after import = 11

========================================================================
Received Import Request.
  Time since last request: 20.897535 seconds.
  path: Assets/Tree_Packs/URP_Tree_Pack/Textures/Global
  artifactKey: Guid(6954e84f6f0524a45b27517c4945f096) Importer(815301076,1909f56bfc062723c751e8b465ee728b)
Start importing Assets/Tree_Packs/URP_Tree_Pack/Textures/Global using Guid(6954e84f6f0524a45b27517c4945f096) Importer(815301076,1909f56bfc062723c751e8b465ee728b) (PreviewImporter) -> (artifact id: '56b1f09f55661f7cc7ab27516c250332') in 0.0005328 seconds
Number of updated asset objects reloaded before import = 0Number of asset objects unloaded after import = 0

========================================================================
Received Import Request.
  Time since last request: 0.728288 seconds.
  path: Assets/Tree_Packs/URP_Tree_Pack/Textures/Global/501-free-hdri-skies-com.hdr
  artifactKey: Guid(0a5be2fdf196bca48b0ea83ffbf90357) Importer(815301076,1909f56bfc062723c751e8b465ee728b)
Start importing Assets/Tree_Packs/URP_Tree_Pack/Textures/Global/501-free-hdri-skies-com.hdr using Guid(0a5be2fdf196bca48b0ea83ffbf90357) Importer(815301076,1909f56bfc062723c751e8b465ee728b) (PreviewImporter) -> (artifact id: 'da127401f5f3e3c8a14f89804d53d616') in 0.2255806 seconds
Number of updated asset objects reloaded before import = 0Number of asset objects unloaded after import = 1

========================================================================
Received Import Request.
  Time since last request: 6.192206 seconds.
  path: Assets/Tree_Packs/URP_Tree_Pack/Textures/Trunk/Materials
  artifactKey: Guid(5dbc04cd86b05cb4fb3ff02bd476058f) Importer(2089858483,192608db42251d675da83286b1cce702)
Start importing Assets/Tree_Packs/URP_Tree_Pack/Textures/Trunk/Materials using Guid(5dbc04cd86b05cb4fb3ff02bd476058f) Importer(2089858483,192608db42251d675da83286b1cce702) (ScriptedImporter) -> (artifact id: '714457a9e54507ae7ef49afb7cf342d0') in 0.026908 seconds
Number of updated asset objects reloaded before import = 0Number of asset objects unloaded after import = 1

========================================================================
Received Import Request.
  Time since last request: 6.857302 seconds.
  path: Assets/Tree_Packs/URP_Tree_Pack/Textures/Trunk/Materials/URP_2_Trunk.mat
  artifactKey: Guid(cf15cff09791a324faa6f0889e1622dd) Importer(2089858483,192608db42251d675da83286b1cce702)
Start importing Assets/Tree_Packs/URP_Tree_Pack/Textures/Trunk/Materials/URP_2_Trunk.mat using Guid(cf15cff09791a324faa6f0889e1622dd) Importer(2089858483,192608db42251d675da83286b1cce702) (ScriptedImporter) -> (artifact id: '84e3e71f352208c42d3432dd86167559') in 0.0262057 seconds
Number of updated asset objects reloaded before import = 0Number of asset objects unloaded after import = 2

========================================================================
Received Import Request.
  Time since last request: 4.757126 seconds.
  path: Assets/nappin/OfficeEssentialsPack/Models/(Msh)BigDrawer.fbx
  artifactKey: Guid(49c0e5468435e4f4c947e2e2d0c5c6cf) Importer(815301076,1909f56bfc062723c751e8b465ee728b)
Start importing Assets/nappin/OfficeEssentialsPack/Models/(Msh)BigDrawer.fbx using Guid(49c0e5468435e4f4c947e2e2d0c5c6cf) Importer(815301076,1909f56bfc062723c751e8b465ee728b) (PreviewImporter) -> (artifact id: 'f9629a484c6277273e3957adfd511796') in 0.0468003 seconds
Number of updated asset objects reloaded before import = 0Number of asset objects unloaded after import = 49

========================================================================
Received Import Request.
  Time since last request: 0.000025 seconds.
  path: Assets/nappin/OfficeEssentialsPack/Models/(Msh)BookPile1.fbx
  artifactKey: Guid(a271b7bf9ed385c42928c5c8b77e1053) Importer(815301076,1909f56bfc062723c751e8b465ee728b)
Start importing Assets/nappin/OfficeEssentialsPack/Models/(Msh)BookPile1.fbx using Guid(a271b7bf9ed385c42928c5c8b77e1053) Importer(815301076,1909f56bfc062723c751e8b465ee728b) (PreviewImporter) -> (artifact id: '8d315bdeaaa5d9b646fc8cac464f23f6') in 0.028852 seconds
Number of updated asset objects reloaded before import = 0Number of asset objects unloaded after import = 9

========================================================================
Received Import Request.
  Time since last request: 0.000028 seconds.
  path: Assets/nappin/OfficeEssentialsPack/Models/(Msh)CeilingFan.fbx
  artifactKey: Guid(b8382dad890a52e499e640be2fba6e18) Importer(815301076,1909f56bfc062723c751e8b465ee728b)
Start importing Assets/nappin/OfficeEssentialsPack/Models/(Msh)CeilingFan.fbx using Guid(b8382dad890a52e499e640be2fba6e18) Importer(815301076,1909f56bfc062723c751e8b465ee728b) (PreviewImporter) -> (artifact id: 'e7da18c500281b7d48f183759077f5f8') in 0.0323025 seconds
Number of updated asset objects reloaded before import = 0Number of asset objects unloaded after import = 16

========================================================================
Received Import Request.
  Time since last request: 0.000027 seconds.
  path: Assets/nappin/OfficeEssentialsPack/Models/(Msh)CeilingLight1.fbx
  artifactKey: Guid(a3391ff75e6a3d847a21fe59dccd4a8a) Importer(815301076,1909f56bfc062723c751e8b465ee728b)
Start importing Assets/nappin/OfficeEssentialsPack/Models/(Msh)CeilingLight1.fbx using Guid(a3391ff75e6a3d847a21fe59dccd4a8a) Importer(815301076,1909f56bfc062723c751e8b465ee728b) (PreviewImporter) -> (artifact id: '027654993cd1b95b78d45f3454bc13dc') in 0.0446809 seconds
Number of updated asset objects reloaded before import = 0Number of asset objects unloaded after import = 9

========================================================================
Received Import Request.
  Time since last request: 0.000019 seconds.
  path: Assets/nappin/OfficeEssentialsPack/Models/(Msh)DeskLight.fbx
  artifactKey: Guid(6742d9d0591e16e48b701a5fd806e2ad) Importer(815301076,1909f56bfc062723c751e8b465ee728b)
Start importing Assets/nappin/OfficeEssentialsPack/Models/(Msh)DeskLight.fbx using Guid(6742d9d0591e16e48b701a5fd806e2ad) Importer(815301076,1909f56bfc062723c751e8b465ee728b) (PreviewImporter) -> (artifact id: 'a0c777eb83750c76accb1ff077e90825') in 0.0483919 seconds
Number of updated asset objects reloaded before import = 0Number of asset objects unloaded after import = 26

========================================================================
Received Import Request.
  Time since last request: 0.000020 seconds.
  path: Assets/nappin/OfficeEssentialsPack/Models/(Msh)OfficeChair.fbx
  artifactKey: Guid(bf186ae0c211e3b46b8c3cf9bc7b1d27) Importer(815301076,1909f56bfc062723c751e8b465ee728b)
Start importing Assets/nappin/OfficeEssentialsPack/Models/(Msh)OfficeChair.fbx using Guid(bf186ae0c211e3b46b8c3cf9bc7b1d27) Importer(815301076,1909f56bfc062723c751e8b465ee728b) (PreviewImporter) -> (artifact id: 'a6fcc7063b16eac91cbf16a1b8ab36f2') in 0.0357569 seconds
Number of updated asset objects reloaded before import = 0Number of asset objects unloaded after import = 9

========================================================================
Received Import Request.
  Time since last request: 0.000020 seconds.
  path: Assets/nappin/OfficeEssentialsPack/Models/(Msh)CeilingLight2.fbx
  artifactKey: Guid(db6ea0fd984528c49ab939f5eb5d660e) Importer(815301076,1909f56bfc062723c751e8b465ee728b)
Start importing Assets/nappin/OfficeEssentialsPack/Models/(Msh)CeilingLight2.fbx using Guid(db6ea0fd984528c49ab939f5eb5d660e) Importer(815301076,1909f56bfc062723c751e8b465ee728b) (PreviewImporter) -> (artifact id: '2df769e7f0714404bd40c5e93425e724') in 0.0335876 seconds
Number of updated asset objects reloaded before import = 0Number of asset objects unloaded after import = 9

========================================================================
Received Import Request.
  Time since last request: 0.000093 seconds.
  path: Assets/nappin/OfficeEssentialsPack/Models/(Msh)DeskPlant.fbx
  artifactKey: Guid(3978e0eca0f17684d8cd75e9959471bb) Importer(815301076,1909f56bfc062723c751e8b465ee728b)
Start importing Assets/nappin/OfficeEssentialsPack/Models/(Msh)DeskPlant.fbx using Guid(3978e0eca0f17684d8cd75e9959471bb) Importer(815301076,1909f56bfc062723c751e8b465ee728b) (PreviewImporter) -> (artifact id: 'a7ae7bcfabb8a2afd8444fd1c956ea2f') in 0.0341456 seconds
Number of updated asset objects reloaded before import = 0Number of asset objects unloaded after import = 9

========================================================================
Received Import Request.
  Time since last request: 0.000018 seconds.
  path: Assets/nappin/OfficeEssentialsPack/Models/(Msh)SmokeDetector.fbx
  artifactKey: Guid(301abaee6ba74544ab12d31480dcbb27) Importer(815301076,1909f56bfc062723c751e8b465ee728b)
Start importing Assets/nappin/OfficeEssentialsPack/Models/(Msh)SmokeDetector.fbx using Guid(301abaee6ba74544ab12d31480dcbb27) Importer(815301076,1909f56bfc062723c751e8b465ee728b) (PreviewImporter) -> (artifact id: '2d6daacde45193df702051108c99ed4d') in 0.0325414 seconds
Number of updated asset objects reloaded before import = 0Number of asset objects unloaded after import = 9

========================================================================
Received Import Request.
  Time since last request: 0.000019 seconds.
  path: Assets/nappin/OfficeEssentialsPack/Models/(Msh)Drawer1.fbx
  artifactKey: Guid(c2433cdade6af034d875648a6e47c001) Importer(815301076,1909f56bfc062723c751e8b465ee728b)
Start importing Assets/nappin/OfficeEssentialsPack/Models/(Msh)Drawer1.fbx using Guid(c2433cdade6af034d875648a6e47c001) Importer(815301076,1909f56bfc062723c751e8b465ee728b) (PreviewImporter) -> (artifact id: '5c4398015d4197b4656da7d86a4c4161') in 0.0418595 seconds
Number of updated asset objects reloaded before import = 0Number of asset objects unloaded after import = 21

========================================================================
Received Import Request.
  Time since last request: 0.000018 seconds.
  path: Assets/Brick Project Studio/Apartment Kit/Common/Models/Apt_Props_01.fbx
  artifactKey: Guid(34e386a75bb8feb4aa0f48b512cbb268) Importer(815301076,1909f56bfc062723c751e8b465ee728b)
Start importing Assets/Brick Project Studio/Apartment Kit/Common/Models/Apt_Props_01.fbx using Guid(34e386a75bb8feb4aa0f48b512cbb268) Importer(815301076,1909f56bfc062723c751e8b465ee728b) (PreviewImporter) -> (artifact id: '762223bb2ff408f0e7cfb26a329dae19') in 0.4427409 seconds
Number of updated asset objects reloaded before import = 0Number of asset objects unloaded after import = 414

========================================================================
Received Import Request.
  Time since last request: 0.000025 seconds.
  path: Assets/nappin/OfficeEssentialsPack/Models/(Msh)Plant1.fbx
  artifactKey: Guid(7b03297d5fa5a384aa16d9aabd94ff93) Importer(815301076,1909f56bfc062723c751e8b465ee728b)
Start importing Assets/nappin/OfficeEssentialsPack/Models/(Msh)Plant1.fbx using Guid(7b03297d5fa5a384aa16d9aabd94ff93) Importer(815301076,1909f56bfc062723c751e8b465ee728b) (PreviewImporter) -> (artifact id: '1594914ec2bfbdbca11b0f6b7b655a28') in 0.0391905 seconds
Number of updated asset objects reloaded before import = 0Number of asset objects unloaded after import = 9

========================================================================
Received Import Request.
  Time since last request: 0.000028 seconds.
  path: Assets/nappin/OfficeEssentialsPack/Models/(Msh)Drawer2.fbx
  artifactKey: Guid(cf1dfec5e0b6df84697e78615469e93b) Importer(815301076,1909f56bfc062723c751e8b465ee728b)
Start importing Assets/nappin/OfficeEssentialsPack/Models/(Msh)Drawer2.fbx using Guid(cf1dfec5e0b6df84697e78615469e93b) Importer(815301076,1909f56bfc062723c751e8b465ee728b) (PreviewImporter) -> (artifact id: 'a7eef37081027263103cb424576fa338') in 0.0332102 seconds
Number of updated asset objects reloaded before import = 0Number of asset objects unloaded after import = 21

========================================================================
Received Import Request.
  Time since last request: 0.000021 seconds.
  path: Assets/UnityTechnologies/Basic Asset Pack Interior/Models/BedSingle.FBX
  artifactKey: Guid(143675af431aa314f83da80f5aff8dbe) Importer(815301076,1909f56bfc062723c751e8b465ee728b)
Start importing Assets/UnityTechnologies/Basic Asset Pack Interior/Models/BedSingle.FBX using Guid(143675af431aa314f83da80f5aff8dbe) Importer(815301076,1909f56bfc062723c751e8b465ee728b) (PreviewImporter) -> (artifact id: '847dfa4a70d207ed741c2ff1b7cf6b44') in 0.028296 seconds
Number of updated asset objects reloaded before import = 0Number of asset objects unloaded after import = 8

========================================================================
Received Import Request.
  Time since last request: 0.000021 seconds.
  path: Assets/nappin/OfficeEssentialsPack/Models/(Msh)Shelves1.fbx
  artifactKey: Guid(cab363a401b518845bbac7b1c89c7a23) Importer(815301076,1909f56bfc062723c751e8b465ee728b)
Start importing Assets/nappin/OfficeEssentialsPack/Models/(Msh)Shelves1.fbx using Guid(cab363a401b518845bbac7b1c89c7a23) Importer(815301076,1909f56bfc062723c751e8b465ee728b) (PreviewImporter) -> (artifact id: '30aeb888bf0c5a283f408000ab5bd643') in 0.0300684 seconds
Number of updated asset objects reloaded before import = 0Number of asset objects unloaded after import = 9

========================================================================
Received Import Request.
  Time since last request: 0.000020 seconds.
  path: Assets/nappin/OfficeEssentialsPack/Models/(Msh)Printer.fbx
  artifactKey: Guid(2f30491044634fa4d8b267131f5216fe) Importer(815301076,1909f56bfc062723c751e8b465ee728b)
Start importing Assets/nappin/OfficeEssentialsPack/Models/(Msh)Printer.fbx using Guid(2f30491044634fa4d8b267131f5216fe) Importer(815301076,1909f56bfc062723c751e8b465ee728b) (PreviewImporter) -> (artifact id: '802ee8b4668bd6f22fef3d197bbacbd4') in 0.032241 seconds
Number of updated asset objects reloaded before import = 0Number of asset objects unloaded after import = 9

========================================================================
Received Import Request.
  Time since last request: 0.000017 seconds.
  path: Assets/nappin/OfficeEssentialsPack/Models/(Msh)Shelves3.fbx
  artifactKey: Guid(4a83103d843ef4d43abfd3b25ad47b44) Importer(815301076,1909f56bfc062723c751e8b465ee728b)
Start importing Assets/nappin/OfficeEssentialsPack/Models/(Msh)Shelves3.fbx using Guid(4a83103d843ef4d43abfd3b25ad47b44) Importer(815301076,1909f56bfc062723c751e8b465ee728b) (PreviewImporter) -> (artifact id: 'e7710a83ea3fede513796165d09d35fb') in 0.0320164 seconds
Number of updated asset objects reloaded before import = 0Number of asset objects unloaded after import = 9

========================================================================
Received Import Request.
  Time since last request: 0.000020 seconds.
  path: Assets/nappin/OfficeEssentialsPack/Models/(Msh)PCCase.fbx
  artifactKey: Guid(63434af8d15cb5840a1965b4ee99f420) Importer(815301076,1909f56bfc062723c751e8b465ee728b)
Start importing Assets/nappin/OfficeEssentialsPack/Models/(Msh)PCCase.fbx using Guid(63434af8d15cb5840a1965b4ee99f420) Importer(815301076,1909f56bfc062723c751e8b465ee728b) (PreviewImporter) -> (artifact id: 'a9a19cdfa88097b91f5eb5349155c8d6') in 0.0282056 seconds
Number of updated asset objects reloaded before import = 0Number of asset objects unloaded after import = 9

========================================================================
Received Import Request.
  Time since last request: 0.000022 seconds.
  path: Assets/nappin/OfficeEssentialsPack/Models/(Msh)Shelves2.fbx
  artifactKey: Guid(9c2b74f6542c6ff45ac65189228585cb) Importer(815301076,1909f56bfc062723c751e8b465ee728b)
Start importing Assets/nappin/OfficeEssentialsPack/Models/(Msh)Shelves2.fbx using Guid(9c2b74f6542c6ff45ac65189228585cb) Importer(815301076,1909f56bfc062723c751e8b465ee728b) (PreviewImporter) -> (artifact id: '122edbd3e5ac4142e7d805f7f437eade') in 0.0345286 seconds
Number of updated asset objects reloaded before import = 0Number of asset objects unloaded after import = 9

========================================================================
Received Import Request.
  Time since last request: 0.000027 seconds.
  path: Assets/nappin/OfficeEssentialsPack/Models/(Msh)Mug.fbx
  artifactKey: Guid(d283a93eb62894849b3a3aea9ca0c8fb) Importer(815301076,1909f56bfc062723c751e8b465ee728b)
Start importing Assets/nappin/OfficeEssentialsPack/Models/(Msh)Mug.fbx using Guid(d283a93eb62894849b3a3aea9ca0c8fb) Importer(815301076,1909f56bfc062723c751e8b465ee728b) (PreviewImporter) -> (artifact id: 'ef4aa7fe2ea7b12e855f6f4da7dbb9cf') in 0.0335164 seconds
Number of updated asset objects reloaded before import = 0Number of asset objects unloaded after import = 16

========================================================================
Received Import Request.
  Time since last request: 0.000020 seconds.
  path: Assets/nappin/OfficeEssentialsPack/Models/(Msh)DeskPrinter.fbx
  artifactKey: Guid(92df708222820ea4ea7635007b379d57) Importer(815301076,1909f56bfc062723c751e8b465ee728b)
Start importing Assets/nappin/OfficeEssentialsPack/Models/(Msh)DeskPrinter.fbx using Guid(92df708222820ea4ea7635007b379d57) Importer(815301076,1909f56bfc062723c751e8b465ee728b) (PreviewImporter) -> (artifact id: 'f94c9fcaf86262041f9c80c92b6ac2d8') in 0.0368131 seconds
Number of updated asset objects reloaded before import = 0Number of asset objects unloaded after import = 9

========================================================================
Received Import Request.
  Time since last request: 0.000066 seconds.
  path: Assets/nappin/OfficeEssentialsPack/Models/(Msh)BookPile5.fbx
  artifactKey: Guid(d30e7e864c6f0f44fa1d73fa877e268f) Importer(815301076,1909f56bfc062723c751e8b465ee728b)
Start importing Assets/nappin/OfficeEssentialsPack/Models/(Msh)BookPile5.fbx using Guid(d30e7e864c6f0f44fa1d73fa877e268f) Importer(815301076,1909f56bfc062723c751e8b465ee728b) (PreviewImporter) -> (artifact id: 'd96362f739ccdf3ad2dd8cd5cd77e826') in 0.0952153 seconds
Number of updated asset objects reloaded before import = 0Number of asset objects unloaded after import = 96

========================================================================
Received Import Request.
  Time since last request: 0.000017 seconds.
  path: Assets/nappin/OfficeEssentialsPack/Models/(Msh)Stapler.fbx
  artifactKey: Guid(dfe416dbdccccb0449425356461d7c67) Importer(815301076,1909f56bfc062723c751e8b465ee728b)
Start importing Assets/nappin/OfficeEssentialsPack/Models/(Msh)Stapler.fbx using Guid(dfe416dbdccccb0449425356461d7c67) Importer(815301076,1909f56bfc062723c751e8b465ee728b) (PreviewImporter) -> (artifact id: 'a48c791cef6c1de129a38f2b80129249') in 0.029048 seconds
Number of updated asset objects reloaded before import = 0Number of asset objects unloaded after import = 9

========================================================================
Received Import Request.
  Time since last request: 0.000022 seconds.
  path: Assets/nappin/OfficeEssentialsPack/Models/(Msh)Sofa3.fbx
  artifactKey: Guid(a2926ab1cfa2245478d20ad4f0331477) Importer(815301076,1909f56bfc062723c751e8b465ee728b)
Start importing Assets/nappin/OfficeEssentialsPack/Models/(Msh)Sofa3.fbx using Guid(a2926ab1cfa2245478d20ad4f0331477) Importer(815301076,1909f56bfc062723c751e8b465ee728b) (PreviewImporter) -> (artifact id: 'f5cf2231bf1d341f063d40e61d561bac') in 0.0325528 seconds
Number of updated asset objects reloaded before import = 0Number of asset objects unloaded after import = 9

========================================================================
Received Import Request.
  Time since last request: 0.004537 seconds.
  path: Assets/nappin/OfficeEssentialsPack/Models/(Msh)PC.fbx
  artifactKey: Guid(18566a61b75973749b7a37b617d7fa4b) Importer(815301076,1909f56bfc062723c751e8b465ee728b)
Start importing Assets/nappin/OfficeEssentialsPack/Models/(Msh)PC.fbx using Guid(18566a61b75973749b7a37b617d7fa4b) Importer(815301076,1909f56bfc062723c751e8b465ee728b) (PreviewImporter) -> (artifact id: '5c57e803560655dde429a1f487ae454a') in 0.0404809 seconds
Number of updated asset objects reloaded before import = 0Number of asset objects unloaded after import = 26

========================================================================
Received Import Request.
  Time since last request: 0.000017 seconds.
  path: Assets/nappin/OfficeEssentialsPack/Models/(Msh)Desk2.fbx
  artifactKey: Guid(e0d31913657846c4e9344974cc7f73dd) Importer(815301076,1909f56bfc062723c751e8b465ee728b)
Start importing Assets/nappin/OfficeEssentialsPack/Models/(Msh)Desk2.fbx using Guid(e0d31913657846c4e9344974cc7f73dd) Importer(815301076,1909f56bfc062723c751e8b465ee728b) (PreviewImporter) -> (artifact id: 'c97bbf4a1d83d1dc888f61c43eeccd20') in 0.0378068 seconds
Number of updated asset objects reloaded before import = 0Number of asset objects unloaded after import = 28

========================================================================
Received Import Request.
  Time since last request: 0.000022 seconds.
  path: Assets/nappin/OfficeEssentialsPack/Models/(Msh)BookPile6.fbx
  artifactKey: Guid(6234a3511ba58734dab033286d60136a) Importer(815301076,1909f56bfc062723c751e8b465ee728b)
Start importing Assets/nappin/OfficeEssentialsPack/Models/(Msh)BookPile6.fbx using Guid(6234a3511ba58734dab033286d60136a) Importer(815301076,1909f56bfc062723c751e8b465ee728b) (PreviewImporter) -> (artifact id: 'c956bbc3811c36cc5109ef38eeaf6394') in 0.1930765 seconds
Number of updated asset objects reloaded before import = 0Number of asset objects unloaded after import = 196

========================================================================
Received Import Request.
  Time since last request: 0.000023 seconds.
  path: Assets/Scenes/Materials/Materials/4bb284e66b7e7eaf0f519c9601e0f5a6.mat
  artifactKey: Guid(6d566c1f81f906c4aa189024b1bb1a8f) Importer(815301076,1909f56bfc062723c751e8b465ee728b)
Start importing Assets/Scenes/Materials/Materials/4bb284e66b7e7eaf0f519c9601e0f5a6.mat using Guid(6d566c1f81f906c4aa189024b1bb1a8f) Importer(815301076,1909f56bfc062723c751e8b465ee728b) (PreviewImporter) -> (artifact id: 'b7542ec6d3c340d0168693294ced36e2') in 0.0267093 seconds
Number of updated asset objects reloaded before import = 0Number of asset objects unloaded after import = 1

========================================================================
Received Import Request.
  Time since last request: 0.000051 seconds.
  path: Assets/Pegasus Studios/Elegant Interior Decor 3D Models Pack/Resources/Materials/Door Handle Holder.mat
  artifactKey: Guid(058c953d52ee2404fa0926c8f0c4e387) Importer(815301076,1909f56bfc062723c751e8b465ee728b)
Start importing Assets/Pegasus Studios/Elegant Interior Decor 3D Models Pack/Resources/Materials/Door Handle Holder.mat using Guid(058c953d52ee2404fa0926c8f0c4e387) Importer(815301076,1909f56bfc062723c751e8b465ee728b) (PreviewImporter) -> (artifact id: 'd25a1ba50ce69c147a0c013a793b15ed') in 0.0225135 seconds
Number of updated asset objects reloaded before import = 0Number of asset objects unloaded after import = 1

========================================================================
Received Import Request.
  Time since last request: 0.000046 seconds.
  path: Assets/danthaigames/DS Furniture Pack 01/PSDs/Bookshelf/Materials/BookShelf_UV_Layouts.mat
  artifactKey: Guid(31f7eed3c86f0b34fb7b030bc2be09aa) Importer(815301076,1909f56bfc062723c751e8b465ee728b)
Start importing Assets/danthaigames/DS Furniture Pack 01/PSDs/Bookshelf/Materials/BookShelf_UV_Layouts.mat using Guid(31f7eed3c86f0b34fb7b030bc2be09aa) Importer(815301076,1909f56bfc062723c751e8b465ee728b) (PreviewImporter) -> (artifact id: '2f36896012e18ee20e7dc931084ce302') in 0.028376 seconds
Number of updated asset objects reloaded before import = 0Number of asset objects unloaded after import = 2

========================================================================
Received Import Request.
  Time since last request: 0.000023 seconds.
  path: Assets/PolyOne/Cobwebs Pack/Texture/Materials/Cobwebs_BaseColor 1.mat
  artifactKey: Guid(8d29504f7f3a4d641afdc3e0c9f098a8) Importer(815301076,1909f56bfc062723c751e8b465ee728b)
Start importing Assets/PolyOne/Cobwebs Pack/Texture/Materials/Cobwebs_BaseColor 1.mat using Guid(8d29504f7f3a4d641afdc3e0c9f098a8) Importer(815301076,1909f56bfc062723c751e8b465ee728b) (PreviewImporter) -> (artifact id: '367dbcab1190a27118174b7dc13e2109') in 0.0061172 seconds
Number of updated asset objects reloaded before import = 0Number of asset objects unloaded after import = 1

========================================================================
Received Import Request.
  Time since last request: 0.000079 seconds.
  path: Assets/UnityTechnologies/Basic Asset Pack Interior/Models/BedPillow.FBX
  artifactKey: Guid(a30255044f824ae40803dfb83d5645c6) Importer(815301076,1909f56bfc062723c751e8b465ee728b)
Start importing Assets/UnityTechnologies/Basic Asset Pack Interior/Models/BedPillow.FBX using Guid(a30255044f824ae40803dfb83d5645c6) Importer(815301076,1909f56bfc062723c751e8b465ee728b) (PreviewImporter) -> (artifact id: '36c2b84c942462ebb6eeec02cb0cd1d6') in 0.0278246 seconds
Number of updated asset objects reloaded before import = 0Number of asset objects unloaded after import = 8

========================================================================
Received Import Request.
  Time since last request: 0.000018 seconds.
  path: Assets/nappin/OfficeEssentialsPack/Models/(Msh)WaterDispenser.fbx
  artifactKey: Guid(d31ae3b3f8108284bba44064ed9dff1c) Importer(815301076,1909f56bfc062723c751e8b465ee728b)
Start importing Assets/nappin/OfficeEssentialsPack/Models/(Msh)WaterDispenser.fbx using Guid(d31ae3b3f8108284bba44064ed9dff1c) Importer(815301076,1909f56bfc062723c751e8b465ee728b) (PreviewImporter) -> (artifact id: 'da78ffc66fc9e91c2df404a5b2374f28') in 0.0317643 seconds
Number of updated asset objects reloaded before import = 0Number of asset objects unloaded after import = 9

========================================================================
Received Import Request.
  Time since last request: 0.000016 seconds.
  path: Assets/UnityTechnologies/Basic Asset Pack Interior/Models/BedDouble.FBX
  artifactKey: Guid(5ef75ced93ed5884dbcf4403d8018e7b) Importer(815301076,1909f56bfc062723c751e8b465ee728b)
Start importing Assets/UnityTechnologies/Basic Asset Pack Interior/Models/BedDouble.FBX using Guid(5ef75ced93ed5884dbcf4403d8018e7b) Importer(815301076,1909f56bfc062723c751e8b465ee728b) (PreviewImporter) -> (artifact id: '3d43080d638884c8041fef392bc70a80') in 0.0266582 seconds
Number of updated asset objects reloaded before import = 0Number of asset objects unloaded after import = 8

========================================================================
Received Import Request.
  Time since last request: 0.000017 seconds.
  path: Assets/nappin/OfficeEssentialsPack/Models/(Msh)KitchenModule.fbx
  artifactKey: Guid(4339f93ff4f1c4f4ca6000d384de14bd) Importer(815301076,1909f56bfc062723c751e8b465ee728b)
Start importing Assets/nappin/OfficeEssentialsPack/Models/(Msh)KitchenModule.fbx using Guid(4339f93ff4f1c4f4ca6000d384de14bd) Importer(815301076,1909f56bfc062723c751e8b465ee728b) (PreviewImporter) -> (artifact id: 'be9fae39a79c32fec50e3f30ee4a936c') in 0.0333461 seconds
Number of updated asset objects reloaded before import = 0Number of asset objects unloaded after import = 9

========================================================================
Received Import Request.
  Time since last request: 0.000023 seconds.
  path: Assets/nappin/OfficeEssentialsPack/Models/(Msh)BookPile2.fbx
  artifactKey: Guid(cd6f234e68e2c5545a2b10a72f898445) Importer(815301076,1909f56bfc062723c751e8b465ee728b)
Start importing Assets/nappin/OfficeEssentialsPack/Models/(Msh)BookPile2.fbx using Guid(cd6f234e68e2c5545a2b10a72f898445) Importer(815301076,1909f56bfc062723c751e8b465ee728b) (PreviewImporter) -> (artifact id: 'e5cefaba3ca7a802fdc31e961fb49d8d') in 0.0610609 seconds
Number of updated asset objects reloaded before import = 0Number of asset objects unloaded after import = 51

========================================================================
Received Import Request.
  Time since last request: 0.000093 seconds.
  path: Assets/nappin/OfficeEssentialsPack/Models/(Msh)Separator.fbx
  artifactKey: Guid(b4770c72ef9ca574a8fc2f08b8e7cb17) Importer(815301076,1909f56bfc062723c751e8b465ee728b)
Start importing Assets/nappin/OfficeEssentialsPack/Models/(Msh)Separator.fbx using Guid(b4770c72ef9ca574a8fc2f08b8e7cb17) Importer(815301076,1909f56bfc062723c751e8b465ee728b) (PreviewImporter) -> (artifact id: '25da2bdd4615eebb4d6ceef24190f208') in 0.0293218 seconds
Number of updated asset objects reloaded before import = 0Number of asset objects unloaded after import = 9

========================================================================
Received Import Request.
  Time since last request: 0.000018 seconds.
  path: Assets/nappin/OfficeEssentialsPack/Models/(Msh)Window.fbx
  artifactKey: Guid(d0c678f5c21191e4aadd685b22906f70) Importer(815301076,1909f56bfc062723c751e8b465ee728b)
Start importing Assets/nappin/OfficeEssentialsPack/Models/(Msh)Window.fbx using Guid(d0c678f5c21191e4aadd685b22906f70) Importer(815301076,1909f56bfc062723c751e8b465ee728b) (PreviewImporter) -> (artifact id: 'c03e32faafed1ec6b037dd5e3193fb23') in 0.0319882 seconds
Number of updated asset objects reloaded before import = 0Number of asset objects unloaded after import = 16

========================================================================
Received Import Request.
  Time since last request: 0.000019 seconds.
  path: Assets/UnityTechnologies/Basic Asset Pack Interior/Materials/Cream.mat
  artifactKey: Guid(3f6142e08336f4e46811b4f657bc9b94) Importer(815301076,1909f56bfc062723c751e8b465ee728b)
Start importing Assets/UnityTechnologies/Basic Asset Pack Interior/Materials/Cream.mat using Guid(3f6142e08336f4e46811b4f657bc9b94) Importer(815301076,1909f56bfc062723c751e8b465ee728b) (PreviewImporter) -> (artifact id: 'cbd7e8e5a5451b7f262df709185e674f') in 0.0211932 seconds
Number of updated asset objects reloaded before import = 0Number of asset objects unloaded after import = 1

========================================================================
Received Import Request.
  Time since last request: 0.000018 seconds.
  path: Assets/4K Tiled Ground Textures p2/Textures/concrete/Materials/concrete_10.mat
  artifactKey: Guid(978904251c531c04c89610d16af52245) Importer(815301076,1909f56bfc062723c751e8b465ee728b)
Start importing Assets/4K Tiled Ground Textures p2/Textures/concrete/Materials/concrete_10.mat using Guid(978904251c531c04c89610d16af52245) Importer(815301076,1909f56bfc062723c751e8b465ee728b) (PreviewImporter) -> (artifact id: '69a3da2d52d3b602f60a622279805e70') in 0.0811644 seconds
Number of updated asset objects reloaded before import = 0Number of asset objects unloaded after import = 2

========================================================================
Received Import Request.
  Time since last request: 32.079779 seconds.
  path: Assets/Tree_Packs/URP_Tree_Pack/Textures/Trunk/Materials/URP_1_Trunk.mat
  artifactKey: Guid(09fff5bab9f15a340bb54df22ad90edf) Importer(2089858483,192608db42251d675da83286b1cce702)
Start importing Assets/Tree_Packs/URP_Tree_Pack/Textures/Trunk/Materials/URP_1_Trunk.mat using Guid(09fff5bab9f15a340bb54df22ad90edf) Importer(2089858483,192608db42251d675da83286b1cce702) (ScriptedImporter) -> (artifact id: '2eeb3367c1b54de762a3362d5332baf4') in 0.0295679 seconds
Number of updated asset objects reloaded before import = 0Number of asset objects unloaded after import = 2

========================================================================
Received Import Request.
  Time since last request: 9.213087 seconds.
  path: Assets/Tree_Packs/URP_Tree_Pack/Textures/Leaf
  artifactKey: Guid(6bac1b330d6fe6a4fa324214f0dbe71c) Importer(815301076,1909f56bfc062723c751e8b465ee728b)
Start importing Assets/Tree_Packs/URP_Tree_Pack/Textures/Leaf using Guid(6bac1b330d6fe6a4fa324214f0dbe71c) Importer(815301076,1909f56bfc062723c751e8b465ee728b) (PreviewImporter) -> (artifact id: '2dc586f4e00a44a9f0582d8bdf439d56') in 0.0005692 seconds
Number of updated asset objects reloaded before import = 0Number of asset objects unloaded after import = 0

========================================================================
Received Import Request.
  Time since last request: 2.862365 seconds.
  path: Assets/Tree_Packs/URP_Tree_Pack/Textures/Leaf/Materials
  artifactKey: Guid(7033d9a80eb7ca843a1640448309a9c9) Importer(2089858483,192608db42251d675da83286b1cce702)
Start importing Assets/Tree_Packs/URP_Tree_Pack/Textures/Leaf/Materials using Guid(7033d9a80eb7ca843a1640448309a9c9) Importer(2089858483,192608db42251d675da83286b1cce702) (ScriptedImporter) -> (artifact id: '8242ba6578fa064b37bb34805a742250') in 0.0266251 seconds
Number of updated asset objects reloaded before import = 0Number of asset objects unloaded after import = 1

========================================================================
Received Prepare
WARNING: Shader Unsupported: 'Hidden/Universal Render Pipeline/Terrain/Lit (Base Pass)' - All subshaders removed
WARNING: Shader Did you use #pragma only_renderers and omit this platform?
WARNING: Shader If subshaders removal was intentional, you may have forgotten turning Fallback off?
WARNING: Shader Unsupported: 'Hidden/Universal Render Pipeline/Terrain/Lit (Base Pass)' - All subshaders removed
WARNING: Shader Did you use #pragma only_renderers and omit this platform?
WARNING: Shader If subshaders removal was intentional, you may have forgotten turning Fallback off?
WARNING: Shader Unsupported: 'Universal Render Pipeline/Terrain/Lit' - All subshaders removed
WARNING: Shader Did you use #pragma only_renderers and omit this platform?
WARNING: Shader If subshaders removal was intentional, you may have forgotten turning Fallback off?
WARNING: Shader Unsupported: 'Universal Render Pipeline/Terrain/Lit' - All subshaders removed
WARNING: Shader Did you use #pragma only_renderers and omit this platform?
WARNING: Shader If subshaders removal was intentional, you may have forgotten turning Fallback off?
Refreshing native plugins compatible for Editor in 0.54 ms, found 0 plugins.
Preloading 0 native plugins for Editor in 0.00 ms.
Unloading 34 Unused Serialized files (Serialized files now loaded: 0)
Unloading 6108 unused Assets / (6.9 MB). Loaded Objects now: 6769.
Memory consumption went from 128.2 MB to 121.3 MB.
Total: 18.154900 ms (FindLiveObjects: 0.849300 ms CreateObjectMapping: 1.120400 ms MarkObjects: 11.492100 ms  DeleteObjects: 4.690800 ms)

Prepare: number of updated asset objects reloaded= 0
========================================================================
Received Prepare
WARNING: Shader Unsupported: 'Hidden/Universal Render Pipeline/Terrain/Lit (Base Pass)' - All subshaders removed
WARNING: Shader Did you use #pragma only_renderers and omit this platform?
WARNING: Shader If subshaders removal was intentional, you may have forgotten turning Fallback off?
WARNING: Shader Unsupported: 'Hidden/Universal Render Pipeline/Terrain/Lit (Base Pass)' - All subshaders removed
WARNING: Shader Did you use #pragma only_renderers and omit this platform?
WARNING: Shader If subshaders removal was intentional, you may have forgotten turning Fallback off?
WARNING: Shader Unsupported: 'Universal Render Pipeline/Terrain/Lit' - All subshaders removed
WARNING: Shader Did you use #pragma only_renderers and omit this platform?
WARNING: Shader If subshaders removal was intentional, you may have forgotten turning Fallback off?
WARNING: Shader Unsupported: 'Universal Render Pipeline/Terrain/Lit' - All subshaders removed
WARNING: Shader Did you use #pragma only_renderers and omit this platform?
WARNING: Shader If subshaders removal was intentional, you may have forgotten turning Fallback off?
Refreshing native plugins compatible for Editor in 0.53 ms, found 0 plugins.
Preloading 0 native plugins for Editor in 0.00 ms.
Unloading 34 Unused Serialized files (Serialized files now loaded: 0)
Unloading 6110 unused Assets / (7.1 MB). Loaded Objects now: 6771.
Memory consumption went from 128.2 MB to 121.1 MB.
Total: 13.591000 ms (FindLiveObjects: 0.996800 ms CreateObjectMapping: 1.001100 ms MarkObjects: 7.138700 ms  DeleteObjects: 4.452400 ms)

Prepare: number of updated asset objects reloaded= 0
========================================================================
Received Import Request.
  Time since last request: 450.081627 seconds.
  path: Assets/HDRP_Oak_Tree/Models/Oak/Materials
  artifactKey: Guid(3831b4fa8c17ef647acedc9dfac72508) Importer(2089858483,192608db42251d675da83286b1cce702)
Start importing Assets/HDRP_Oak_Tree/Models/Oak/Materials using Guid(3831b4fa8c17ef647acedc9dfac72508) Importer(2089858483,192608db42251d675da83286b1cce702) (ScriptedImporter) -> (artifact id: 'f619eff148e21e3ffb758091fa3ae50c') in 0.0458048 seconds
Number of updated asset objects reloaded before import = 0Number of asset objects unloaded after import = 1

========================================================================
Received Import Request.
  Time since last request: 0.000025 seconds.
  path: Assets/HDRP_Oak_Tree/Scenes/HDRP_TreePack1.unity
  artifactKey: Guid(cc9d911b2d9d0864cac3f0cfdf09b031) Importer(2089858483,192608db42251d675da83286b1cce702)
Start importing Assets/HDRP_Oak_Tree/Scenes/HDRP_TreePack1.unity using Guid(cc9d911b2d9d0864cac3f0cfdf09b031) Importer(2089858483,192608db42251d675da83286b1cce702) (ScriptedImporter) -> (artifact id: 'a4f23e493df9e7bf837fa24d7a9977f5') in 0.0245218 seconds
Number of updated asset objects reloaded before import = 0Number of asset objects unloaded after import = 1

========================================================================
Received Import Request.
  Time since last request: 0.000041 seconds.
  path: Assets/HDRP_Oak_Tree/Textures/Leaf/Oak_Leaf_Spring.psd
  artifactKey: Guid(1cec8e79b2f3f3b4a962e48c685a5667) Importer(2089858483,192608db42251d675da83286b1cce702)
Start importing Assets/HDRP_Oak_Tree/Textures/Leaf/Oak_Leaf_Spring.psd using Guid(1cec8e79b2f3f3b4a962e48c685a5667) Importer(2089858483,192608db42251d675da83286b1cce702) (ScriptedImporter) -> (artifact id: '3ca71ae76e3068e45e7961d4f948ff26') in 0.0355811 seconds
Number of updated asset objects reloaded before import = 0Number of asset objects unloaded after import = 1

========================================================================
Received Import Request.
  Time since last request: 0.000117 seconds.
  path: Assets/HDRP_Oak_Tree/Prefabs/Oak_high_1_1.prefab
  artifactKey: Guid(1b323422438057e4cb00a8e96866d859) Importer(2089858483,192608db42251d675da83286b1cce702)
Start importing Assets/HDRP_Oak_Tree/Prefabs/Oak_high_1_1.prefab using Guid(1b323422438057e4cb00a8e96866d859) Importer(2089858483,192608db42251d675da83286b1cce702) (ScriptedImporter) -> (artifact id: '025f745e0f3afd1dc97610008f6ba57c') in 0.0341816 seconds
Number of updated asset objects reloaded before import = 0Number of asset objects unloaded after import = 9

========================================================================
Received Import Request.
  Time since last request: 0.000026 seconds.
  path: Assets/HDRP_Oak_Tree/Textures/Leaf/Oak_Leaf_temp.psd
  artifactKey: Guid(b8671ecda7fee9744a0416b81812580c) Importer(2089858483,192608db42251d675da83286b1cce702)
Start importing Assets/HDRP_Oak_Tree/Textures/Leaf/Oak_Leaf_temp.psd using Guid(b8671ecda7fee9744a0416b81812580c) Importer(2089858483,192608db42251d675da83286b1cce702) (ScriptedImporter) -> (artifact id: 'c58b3d27e77f17686fc5c8f3e6343693') in 0.0380908 seconds
Number of updated asset objects reloaded before import = 0Number of asset objects unloaded after import = 1

========================================================================
Received Import Request.
  Time since last request: 0.000285 seconds.
  path: Assets/HDRP_Oak_Tree/Models/Oak
  artifactKey: Guid(981ad9933599ec74db02829c349244a1) Importer(2089858483,192608db42251d675da83286b1cce702)
Start importing Assets/HDRP_Oak_Tree/Models/Oak using Guid(981ad9933599ec74db02829c349244a1) Importer(2089858483,192608db42251d675da83286b1cce702) (ScriptedImporter) -> (artifact id: 'b73c01d579be052ea9a732331c0f7b22') in 0.0230083 seconds
Number of updated asset objects reloaded before import = 0Number of asset objects unloaded after import = 1

========================================================================
Received Import Request.
  Time since last request: 0.000079 seconds.
  path: Assets/HDRP_Oak_Tree/Help/Quick Start.txt
  artifactKey: Guid(dfad61174a1074e4da8d706710d5c3cd) Importer(2089858483,192608db42251d675da83286b1cce702)
Start importing Assets/HDRP_Oak_Tree/Help/Quick Start.txt using Guid(dfad61174a1074e4da8d706710d5c3cd) Importer(2089858483,192608db42251d675da83286b1cce702) (ScriptedImporter) -> (artifact id: 'e76a0e6cd40edd20c8923f711451819d') in 0.0223509 seconds
Number of updated asset objects reloaded before import = 0Number of asset objects unloaded after import = 1

========================================================================
Received Import Request.
  Time since last request: 0.000125 seconds.
  path: Assets/HDRP_Oak_Tree/Prefabs/Oak_high_1_2.prefab
  artifactKey: Guid(78de3af7ba376e0438633c337c9dcec9) Importer(2089858483,192608db42251d675da83286b1cce702)
Start importing Assets/HDRP_Oak_Tree/Prefabs/Oak_high_1_2.prefab using Guid(78de3af7ba376e0438633c337c9dcec9) Importer(2089858483,192608db42251d675da83286b1cce702) (ScriptedImporter) -> (artifact id: '70e133cd7025798ed358ebf2c58056de') in 0.02694 seconds
Number of updated asset objects reloaded before import = 0Number of asset objects unloaded after import = 9

========================================================================
Received Import Request.
  Time since last request: 0.000021 seconds.
  path: Assets/HDRP_Oak_Tree/Prefabs/Oak_high_1_4.prefab
  artifactKey: Guid(2fcd09d4ddfdd9541b7d59c206f010cd) Importer(2089858483,192608db42251d675da83286b1cce702)
Start importing Assets/HDRP_Oak_Tree/Prefabs/Oak_high_1_4.prefab using Guid(2fcd09d4ddfdd9541b7d59c206f010cd) Importer(2089858483,192608db42251d675da83286b1cce702) (ScriptedImporter) -> (artifact id: '132daf6a211725244affa452949a86b5') in 0.0263705 seconds
Number of updated asset objects reloaded before import = 0Number of asset objects unloaded after import = 9

========================================================================
Received Import Request.
  Time since last request: 0.000037 seconds.
  path: Assets/HDRP_Oak_Tree/Offer
  artifactKey: Guid(c1d5954d2a03b7648a405f258126a1d2) Importer(2089858483,192608db42251d675da83286b1cce702)
Start importing Assets/HDRP_Oak_Tree/Offer using Guid(c1d5954d2a03b7648a405f258126a1d2) Importer(2089858483,192608db42251d675da83286b1cce702) (ScriptedImporter) -> (artifact id: 'cec783578154be6b130325b352b9b99a') in 0.0234726 seconds
Number of updated asset objects reloaded before import = 0Number of asset objects unloaded after import = 1

========================================================================
Received Import Request.
  Time since last request: 0.000028 seconds.
  path: Assets/HDRP_Oak_Tree/Textures/Leaf/Oak_Leaf_Summer.psd
  artifactKey: Guid(c56bd8a81b6cf9a4084392fcec3626a2) Importer(2089858483,192608db42251d675da83286b1cce702)
Start importing Assets/HDRP_Oak_Tree/Textures/Leaf/Oak_Leaf_Summer.psd using Guid(c56bd8a81b6cf9a4084392fcec3626a2) Importer(2089858483,192608db42251d675da83286b1cce702) (ScriptedImporter) -> (artifact id: '51c7d26add7d9539c368745c73cf174c') in 0.0333405 seconds
Number of updated asset objects reloaded before import = 0Number of asset objects unloaded after import = 1

========================================================================
Received Import Request.
  Time since last request: 0.000022 seconds.
  path: Assets/HDRP_Oak_Tree/Textures
  artifactKey: Guid(198c5364303118b40978cf6059bb8cc2) Importer(2089858483,192608db42251d675da83286b1cce702)
Start importing Assets/HDRP_Oak_Tree/Textures using Guid(198c5364303118b40978cf6059bb8cc2) Importer(2089858483,192608db42251d675da83286b1cce702) (ScriptedImporter) -> (artifact id: 'f23319bb3d47c43739adf28d1f7e0905') in 0.0210918 seconds
Number of updated asset objects reloaded before import = 0Number of asset objects unloaded after import = 1

========================================================================
Received Import Request.
  Time since last request: 0.000073 seconds.
  path: Assets/HDRP_Oak_Tree/Offer/Ads/ad3.psd
  artifactKey: Guid(bdd85042d7ae51e4f82013d49db75edd) Importer(2089858483,192608db42251d675da83286b1cce702)
Start importing Assets/HDRP_Oak_Tree/Offer/Ads/ad3.psd using Guid(bdd85042d7ae51e4f82013d49db75edd) Importer(2089858483,192608db42251d675da83286b1cce702) (ScriptedImporter) -> (artifact id: 'f1b8a9dfcd7e37661e1e9dd42c675012') in 0.0309629 seconds
Number of updated asset objects reloaded before import = 0Number of asset objects unloaded after import = 1

========================================================================
Received Import Request.
  Time since last request: 0.000019 seconds.
  path: Assets/HDRP_Oak_Tree/Textures/Bark
  artifactKey: Guid(0523568a5bd959046bf871ebf72f9556) Importer(2089858483,192608db42251d675da83286b1cce702)
Start importing Assets/HDRP_Oak_Tree/Textures/Bark using Guid(0523568a5bd959046bf871ebf72f9556) Importer(2089858483,192608db42251d675da83286b1cce702) (ScriptedImporter) -> (artifact id: 'e4b0a83913e245699204948e320d988c') in 0.020449 seconds
Number of updated asset objects reloaded before import = 0Number of asset objects unloaded after import = 1

========================================================================
Received Import Request.
  Time since last request: 0.000127 seconds.
  path: Assets/HDRP_Oak_Tree/Textures/Bark/TexturesCom_Wood_BarkOak1_1x1_1K_albedo.tif
  artifactKey: Guid(778af37d97bfd9649a130f4baf1d21ae) Importer(2089858483,192608db42251d675da83286b1cce702)
Start importing Assets/HDRP_Oak_Tree/Textures/Bark/TexturesCom_Wood_BarkOak1_1x1_1K_albedo.tif using Guid(778af37d97bfd9649a130f4baf1d21ae) Importer(2089858483,192608db42251d675da83286b1cce702) (ScriptedImporter) -> (artifact id: '5d9db0c4d1e814f668c14be392ff48c1') in 0.0350441 seconds
Number of updated asset objects reloaded before import = 0Number of asset objects unloaded after import = 1

========================================================================
Received Import Request.
  Time since last request: 0.000208 seconds.
  path: Assets/HDRP_Oak_Tree/Scenes/HDRP_TreePack1/Global Volume Profile.asset
  artifactKey: Guid(be239c4908198f24da3f4d211152bbc3) Importer(2089858483,192608db42251d675da83286b1cce702)
Start importing Assets/HDRP_Oak_Tree/Scenes/HDRP_TreePack1/Global Volume Profile.asset using Guid(be239c4908198f24da3f4d211152bbc3) Importer(2089858483,192608db42251d675da83286b1cce702) (ScriptedImporter) -> (artifact id: 'd2b42ed467d390b38e9dead76fa509e4') in 0.0177531 seconds
Number of updated asset objects reloaded before import = 0Number of asset objects unloaded after import = 1

========================================================================
Received Import Request.
  Time since last request: 0.000207 seconds.
  path: Assets/HDRP_Oak_Tree/Models/Oak/Materials/Bark_Oak.mat
  artifactKey: Guid(5fb99515caf3b074f9be1904dc0efaff) Importer(2089858483,192608db42251d675da83286b1cce702)
Start importing Assets/HDRP_Oak_Tree/Models/Oak/Materials/Bark_Oak.mat using Guid(5fb99515caf3b074f9be1904dc0efaff) Importer(2089858483,192608db42251d675da83286b1cce702) (ScriptedImporter) -> (artifact id: '56ec9a32c3a8e290008a28435bc5e291') in 0.0253505 seconds
Number of updated asset objects reloaded before import = 0Number of asset objects unloaded after import = 1

========================================================================
Received Import Request.
  Time since last request: 0.000028 seconds.
  path: Assets/HDRP_Oak_Tree/Models/Oak/Oak_1_3.fbx
  artifactKey: Guid(75fe2d13c7926c14aae14bdd6f7822d1) Importer(2089858483,192608db42251d675da83286b1cce702)
Start importing Assets/HDRP_Oak_Tree/Models/Oak/Oak_1_3.fbx using Guid(75fe2d13c7926c14aae14bdd6f7822d1) Importer(2089858483,192608db42251d675da83286b1cce702) (ScriptedImporter) -> (artifact id: 'bfd101b82d81740553e2e0e7554b18ad') in 0.0326822 seconds
Number of updated asset objects reloaded before import = 0Number of asset objects unloaded after import = 9

========================================================================
Received Import Request.
  Time since last request: 0.000019 seconds.
  path: Assets/HDRP_Oak_Tree
  artifactKey: Guid(fdf7e083cd75a46498444d3bda0febd3) Importer(2089858483,192608db42251d675da83286b1cce702)
Start importing Assets/HDRP_Oak_Tree using Guid(fdf7e083cd75a46498444d3bda0febd3) Importer(2089858483,192608db42251d675da83286b1cce702) (ScriptedImporter) -> (artifact id: '0e6537415867f4e281fe900fff23ab7a') in 0.0235612 seconds
Number of updated asset objects reloaded before import = 0Number of asset objects unloaded after import = 1

========================================================================
Received Import Request.
  Time since last request: 0.000171 seconds.
  path: Assets/HDRP_Oak_Tree/Prefabs
  artifactKey: Guid(43816f7da5b85f74db702c642e16c964) Importer(2089858483,192608db42251d675da83286b1cce702)
Start importing Assets/HDRP_Oak_Tree/Prefabs using Guid(43816f7da5b85f74db702c642e16c964) Importer(2089858483,192608db42251d675da83286b1cce702) (ScriptedImporter) -> (artifact id: 'e64b075077f42ce8e1a45ad435b383cf') in 0.021718 seconds
Number of updated asset objects reloaded before import = 0Number of asset objects unloaded after import = 1

========================================================================
Received Import Request.
  Time since last request: 0.000159 seconds.
  path: Assets/HDRP_Oak_Tree/Scripts
  artifactKey: Guid(36418fb241808c24197e4d93cd7c472e) Importer(2089858483,192608db42251d675da83286b1cce702)
Start importing Assets/HDRP_Oak_Tree/Scripts using Guid(36418fb241808c24197e4d93cd7c472e) Importer(2089858483,192608db42251d675da83286b1cce702) (ScriptedImporter) -> (artifact id: 'fd650cc9da527a0e8d7fd0499178dca6') in 0.0265804 seconds
Number of updated asset objects reloaded before import = 0Number of asset objects unloaded after import = 1

========================================================================
Received Import Request.
  Time since last request: 12.536834 seconds.
  path: Assets/HDRP_Oak_Tree/Models
  artifactKey: Guid(36b464dad7183e549ad28bf7bb26467a) Importer(815301076,1909f56bfc062723c751e8b465ee728b)
Start importing Assets/HDRP_Oak_Tree/Models using Guid(36b464dad7183e549ad28bf7bb26467a) Importer(815301076,1909f56bfc062723c751e8b465ee728b) (PreviewImporter) -> (artifact id: '9662b6de8431a77801ea0f823518f0a2') in 0.0007638 seconds
Number of updated asset objects reloaded before import = 0Number of asset objects unloaded after import = 0

========================================================================
Received Import Request.
  Time since last request: 1.101625 seconds.
  path: Assets/HDRP_Oak_Tree/Models/Oak
  artifactKey: Guid(981ad9933599ec74db02829c349244a1) Importer(815301076,1909f56bfc062723c751e8b465ee728b)
Start importing Assets/HDRP_Oak_Tree/Models/Oak using Guid(981ad9933599ec74db02829c349244a1) Importer(815301076,1909f56bfc062723c751e8b465ee728b) (PreviewImporter) -> (artifact id: '50213e8c5ab59b212829b863bac63209') in 0.0005555 seconds
Number of updated asset objects reloaded before import = 0Number of asset objects unloaded after import = 0

========================================================================
Received Import Request.
  Time since last request: 0.077677 seconds.
  path: Assets/HDRP_Oak_Tree/Models/Oak/Oak_1_1.fbx
  artifactKey: Guid(a8c0d55dcc3a0464190ad0e568ab5a25) Importer(815301076,1909f56bfc062723c751e8b465ee728b)
Start importing Assets/HDRP_Oak_Tree/Models/Oak/Oak_1_1.fbx using Guid(a8c0d55dcc3a0464190ad0e568ab5a25) Importer(815301076,1909f56bfc062723c751e8b465ee728b) (PreviewImporter) -> (artifact id: 'dc4ddd8ac21d3a03bc105b45a3db6463') in 0.0510237 seconds
Number of updated asset objects reloaded before import = 0Number of asset objects unloaded after import = 12

========================================================================
Received Import Request.
  Time since last request: 0.000029 seconds.
  path: Assets/HDRP_Oak_Tree/Models/Oak/Oak_1_5.fbx
  artifactKey: Guid(5b2c75249d8cf924f8eed16cc0b174c8) Importer(815301076,1909f56bfc062723c751e8b465ee728b)
Start importing Assets/HDRP_Oak_Tree/Models/Oak/Oak_1_5.fbx using Guid(5b2c75249d8cf924f8eed16cc0b174c8) Importer(815301076,1909f56bfc062723c751e8b465ee728b) (PreviewImporter) -> (artifact id: '40bdce17a3ddbd3bb1f0cebff1135732') in 0.0432669 seconds
Number of updated asset objects reloaded before import = 0Number of asset objects unloaded after import = 12

Editor requested this worker to shutdown with reason: Scaling down because of idle timeout
AssetImportWorker is now disconnected from the server
Process exiting
Exiting without the bug reporter. Application will terminate with return code 0